MillisSinceGpsEpoch,lat_true,lon_true,lat_gnss,lon_gnss,speed_gnss,bearing_gnss,mean_cn0,std_cn0,agc,n_sat,delta_tau
1300000000000,37.77490700843101,-122.41940031415828,37.77493811251237,-122.41936600620184,1.030212042180609,1.2890653302859505,30.20406571949769,2.8142713325889255,56.939335057994924,11,-0.019036145103678265
1300000001000,37.774912953467656,-122.41939986653131,37.7749700464918,-122.41939029082823,0.5759662052441605,21.96536894554279,37.136524794184496,2.581816701765136,43.55399632755011,8,-0.021507112518790256
1300000002000,37.77492341534845,-122.41939912347284,37.77493328478916,-122.41934065527846,1.452602851741946,5.682476988492141,34.29652715469184,2.76110695448154,47.561921358261834,9,0.00943940386394777
1300000003000,37.774930718951644,-122.4193964632813,37.77497652292835,-122.41939100922596,0.7707032419439259,18.363474749567228,41.0643874059373,5.49448274519786,49.41226682077762,6,0.00830424864760849
1300000004000,37.77494098518058,-122.41939095810667,37.77498281985909,-122.41939031740183,-0.4870127367333168,23.10492129490623,41.08587368176799,5.3202924552266975,57.528785996845144,8,0.008022864761495913
1300000005000,37.77495062838736,-122.41938576799068,37.77498223725414,-122.41936246054486,1.8213677935169281,12.477150089949335,36.87333482139527,5.6880308163730895,40.625154176489055,14,-0.000395314055592369
1300000006000,37.77496134904903,-122.41938090646455,37.774929146623876,-122.41940447295235,0.4355139691775035,22.973902373129786,33.43039057256408,5.207402469189578,47.221656377956485,6,-0.017726892405300784
1300000007000,37.77497190145944,-122.41937548435662,37.7749938877395,-122.41929289650102,0.8843309148970835,16.070224696378787,36.54936410166062,3.2819179023486695,48.862028010376214,11,-0.0071311357597171636
1300000008000,37.77497959643069,-122.4193722811403,37.774919290069796,-122.41941449108162,0.9915980471608,29.8501162313316,36.04504216886159,4.34265164334635,48.52109608063318,14,-0.013535376189114193
1300000009000,37.77498918363971,-122.41937074384002,37.77490684572752,-122.41927888507195,0.8422041185772225,18.745096567992427,31.461315700457924,5.4577382139823545,43.96403417209526,6,-0.0022950226323145335
1300000010000,37.774998489895495,-122.41936912605405,37.77493055223195,-122.41941185139328,2.543224206257428,353.68741437513944,38.50218758882998,5.506697224935836,45.17350926999496,10,0.006360743074191169
1300000011000,37.77500966006304,-122.41936736444796,37.77508410550901,-122.41934006151591,1.15268562863041,8.181497291538927,30.83297537629435,3.60015376468065,45.13328316659333,11,0.0033054754794251667
1300000012000,37.775018187411405,-122.41936577589246,37.77507723019596,-122.41944286822883,0.7130372282313608,345.54059046881616,44.33945382063289,5.037229219342349,50.58559345611435,9,0.0017008467052457314
1300000013000,37.77502760176776,-122.41936446486491,37.77497347287253,-122.41930127207027,1.6528897355613794,18.666053192004796,40.56694820102987,3.239965579597836,54.811811141825395,7,-0.00424649520621944
1300000014000,37.77503496766302,-122.41936323145335,37.775008989307416,-122.41934927362243,0.01400629465581904,348.78615714571026,31.456488988022095,4.538995653644084,54.635574267684525,14,-0.010522757004387111
1300000015000,37.77504742392008,-122.41936239369417,37.77501002998125,-122.41936285486999,1.5516601579021263,10.36569868029212,32.48270017499467,3.8763637821264934,44.45469307106453,7,-0.01601496295903018
1300000016000,37.77505414925353,-122.4193619510675,37.775054003328194,-122.41938555519616,0.1565200090389849,13.423065065605432,40.13131874073839,2.880736240191082,49.66077483183039,12,0.008445893749549044
1300000017000,37.775064706129946,-122.4193623977134,37.775074069129865,-122.41934892542945,1.1954924523291466,354.7056422321662,32.071778147971386,4.7531453211159045,54.2405639304203,13,0.004519396002717968
1300000018000,37.77507478800306,-122.41936306682096,37.77502781335518,-122.41938237630706,1.196123430751972,2.813426956208218,33.32559937187238,5.874994660460031,55.81797452772015,7,-0.007346076450503826
1300000019000,37.77508586341557,-122.4193635604362,37.775104642138224,-122.4194094617244,0.8871111315249707,346.4876462445911,34.94796736419221,3.531381612270979,49.235360857852314,8,-0.009541359063700228
1300000020000,37.77509600664431,-122.41936472519689,37.77504053074125,-122.41940298359316,0.3395207168129426,350.92382452785796,43.02430049024626,2.288042361994957,49.552888614006676,13,0.0006608708748178647
1300000021000,37.77510377699696,-122.41936642158687,37.77506882755189,-122.41935150525154,0.6346321370682055,4.678112369107964,41.94835545031307,4.010968040759359,58.90251471246922,6,-0.0027960242689172754
1300000022000,37.7751158797463,-122.41936785655722,37.77511544225917,-122.41929926856838,0.8100092537348227,19.199077528900034,36.930086424473714,5.789758823228617,59.173363324311616,12,0.015112784734593413
1300000023000,37.77512693798162,-122.41936930971757,37.77516516460794,-122.4193028840182,0.9299255711349002,348.20494569467763,34.927161219745486,2.497708759175275,55.788048412626,14,-0.002288440074115919
1300000024000,37.77513897998561,-122.4193692225751,37.77512962020774,-122.41927274153637,0.8966907336772225,359.8455483229058,45.029805595278674,3.7668630866155937,50.70891459284785,7,0.007933291989810893
1300000025000,37.77515119204784,-122.41936787909103,37.77520204494012,-122.4193920327312,1.6696907754530783,351.79332349834243,42.072407444748656,4.487201379343796,48.7509771613455,7,0.009457479865393597
1300000026000,37.775162394675206,-122.41936630617654,37.77517462520593,-122.41933714292134,1.915339468333396,351.71489441925104,34.51554498227443,3.3913408627246278,46.13412523023241,13,0.000437120752229598
1300000027000,37.775174366758684,-122.41936292087965,37.77519994884703,-122.41937565623674,2.102808660296858,356.4181925223113,43.76158989209101,4.216068977807847,42.51999444765414,6,0.01027200825764327
1300000028000,37.775186659144545,-122.41935988829916,37.77521352194154,-122.41934562298131,2.0787616806823763,15.800361103812014,39.81708556397971,3.038781670309443,41.51903180683792,11,0.02618767467733053
1300000029000,37.77519982521601,-122.41935644932964,37.775295972680446,-122.41934293561442,2.931176424753325,28.374504347106715,33.33533298193022,4.207437973969045,59.81870124152938,8,0.0029386585321874905
1300000030000,37.77521176253915,-122.41935616091654,37.77521412182636,-122.41936208125392,1.3846698580739671,359.69710502429564,34.85613028871927,4.844520569342093,47.12971566469847,14,2.4362323208371256e-06
1300000031000,37.77522067672661,-122.41935479641532,37.77521839030855,-122.41931909024315,0.6974730249018647,13.559950944693707,44.0137700867152,3.7358535936445554,48.43431624294857,6,-0.01885630953975154
1300000032000,37.775232006661746,-122.41935387106469,37.775283958451645,-122.41935060976819,0.5807979586370723,342.95381464659124,31.846866883999517,4.980313416845025,55.61440888969845,6,-0.002801553046772736
1300000033000,37.77524477851968,-122.4193525826557,37.77528661555016,-122.41937087800927,1.176414496684861,21.455850076426383,40.361382679512644,2.553813810986068,44.01565833681208,6,-0.008098966786862324
1300000034000,37.775256053004036,-122.41935032684509,37.77530568519493,-122.41932148541754,1.92220518780333,11.721020220593198,39.79722732234103,4.509156489596398,42.06318669279552,6,0.0023912579675932836
1300000035000,37.775268898944255,-122.41934739135279,37.77528439069686,-122.41935562378417,2.7769021816508426,11.200087772293115,40.54004960105002,3.1705657277174337,43.00962864621634,12,-0.015088935253749781
1300000036000,37.77527861037059,-122.41934746542692,37.77529454649875,-122.41936290140742,1.1792318272427311,350.1936889006573,31.975846739390704,5.097935548653831,46.941638496314866,6,0.0011540301910289417
1300000037000,37.775291005849525,-122.41934780508421,37.775269086555944,-122.4193910840133,0.9557456404199793,353.60595722591967,46.22378689826717,3.8634092047508775,48.45565221781035,12,0.0016770094177590684
1300000038000,37.77530451689663,-122.41934753149297,37.77530905781008,-122.41940994023156,1.8747946382828173,13.373995898827747,33.39269765688402,4.499615853354884,48.29373932590598,9,-0.010893034389565319
1300000039000,37.7753173337202,-122.41934701107104,37.77528102635197,-122.41928941513562,2.2358682960400853,7.5951338938015045,36.97498956278678,4.890717822941101,49.68856884503157,6,0.0012797281757889426
1300000040000,37.77532984592185,-122.41934618110835,37.775402712086404,-122.41934098617581,1.3901056352572276,4.434448901751531,39.56314434568789,4.243421940112812,58.965741739044624,14,-0.011742339099067451
1300000041000,37.77534394602587,-122.41934507470435,37.77535906423666,-122.41927339067693,2.064981317066081,356.28768501966215,35.689495312968994,3.46537362692008,48.99957331036032,13,0.0008154780857134475
1300000042000,37.775357850385845,-122.41934552976647,37.77533088679232,-122.419336603315,1.5020268907690073,352.9152111553486,32.93551065051954,4.7139246316375,41.8077328242258,10,-0.0046884889664935295
1300000043000,37.77536989622477,-122.41934579345394,37.775280976186416,-122.41931327723485,1.0302457089515187,9.516699184043489,40.24631763921134,5.9724487793585315,53.22756004875717,14,0.019693156053422433
1300000044000,37.775382528758215,-122.41934911123916,37.77530813725469,-122.41941268013485,1.3152157034999732,2.347151493582885,42.05953883374137,5.570369982418081,49.797252396600356,10,0.011393783734217912
1300000045000,37.77539556879749,-122.4193524299368,37.77534777493658,-122.41931040778023,1.5200005980407074,345.8350052891426,33.08381281408406,5.109917207171827,44.91199753999039,13,0.007566793778271563
1300000046000,37.77541085343349,-122.41935587768835,37.775475762682305,-122.419309885412,1.724911175437867,356.95352408752416,36.06371279424827,5.8840684270981205,49.862840200622756,9,0.0003329486299721658
1300000047000,37.775422410182905,-122.41935885384251,37.775481206683494,-122.41940363525737,1.2663268778525587,349.79179544713963,35.78835031351,2.684447046666981,59.938380864670066,6,-0.01108851492019973
1300000048000,37.77543441698419,-122.41936189037708,37.77543730338416,-122.41942524155313,0.947639589753449,345.65643237559544,44.59616789210229,5.892665327658499,42.171231953896225,12,0.0060602344968659
1300000049000,37.775446474633796,-122.41936434081434,37.77544650544335,-122.41941708926545,1.8988860428725998,339.73758578168895,35.6049838215707,3.310692607119125,49.463342023998464,14,0.0031689720329857057
1300000050000,37.7754589514397,-122.41936803079777,37.77548673475602,-122.41934526890479,0.8973080524695396,347.2776933519228,35.016645636596174,3.022429102958459,48.3478981313761,13,0.009489172843447819
1300000051000,37.77547260439583,-122.41937250965725,37.775534844944545,-122.41941732742988,1.3386687416354437,358.66067052828373,44.75771941384035,5.640810547426566,55.88689776040963,12,0.008915824531542091
1300000052000,37.77548343332315,-122.41937455364722,37.77551774359833,-122.41940704567543,1.276611655246786,354.0052898774707,39.39863289177647,5.880128652451761,42.75855548371065,10,-0.0007449095333459106
1300000053000,37.77549546009475,-122.41937630724016,37.7755421227807,-122.41938608789016,1.3383141888418144,358.395196994743,35.43832411708627,3.01776227599014,48.18705441177061,8,-0.029674691035242482
1300000054000,37.77550792410004,-122.41937705504475,37.775478354757574,-122.41929387370081,1.0719325508465207,10.38189794835506,32.75168850274631,4.683922581436206,54.288056912971896,10,0.00220423115623923
1300000055000,37.77552489829267,-122.41938001528302,37.775530033209165,-122.41932533282981,1.7713913585172067,351.8210809906334,33.81019611060406,5.378318750278613,45.51819040401858,11,0.013969604004770535
1300000056000,37.775539153635634,-122.41938194697015,37.775483297676296,-122.41941818053155,1.1872571224003372,12.92487410458699,46.64816617360929,2.9661852761985115,42.5356828830961,7,0.028875685031424837
1300000057000,37.775552564442805,-122.41938308576637,37.775583597448154,-122.41945539671534,0.8511617495536739,355.9825694562338,41.32688542974665,5.457267029573729,50.35024629007388,13,0.011382696628464955
1300000058000,37.77556650661753,-122.4193860787455,37.77562005941511,-122.41936939020276,2.197533871416287,348.1550709126585,38.52102281117687,4.10935679945323,45.04409750750465,13,0.0007574571452389428
1300000059000,37.77558479042812,-122.41939002697268,37.77557457893162,-122.41933304321365,2.0234416788667873,1.5266822809588234,40.10929003678139,5.878805423757627,40.53253230519674,13,-0.003666677140967148
1300000060000,37.7755968034183,-122.41939228182133,37.77559526895799,-122.41933811050052,1.7934660514894172,344.0268058680765,32.13570177648669,4.726838892660354,59.303900683566305,7,0.0006591023939970072
1300000061000,37.7756104007957,-122.41939765931664,37.77557323182665,-122.41938498517544,1.1097723731986149,352.4021870213415,40.689836665610486,3.612644920525074,52.1847437632137,9,0.0006684152978154151
1300000062000,37.775623344626865,-122.41940113083126,37.77561476530932,-122.41931400465809,0.9622041216335907,345.2971520916087,42.13659453015885,3.3613720394743356,47.755627995260696,14,-0.00574950894283599
1300000063000,37.775638692133775,-122.41940446065601,37.77567191578667,-122.4193747201338,1.342938697893164,337.7340838615634,33.92832766616728,4.299939725736154,41.89870578756882,6,-0.00234017085386967
1300000064000,37.77565327952194,-122.41940570926889,37.775641058793084,-122.41938798294915,1.9486954961463723,342.90280378955106,43.17983705582622,3.0525219132106733,48.54598237023599,8,-0.005543112940840491
1300000065000,37.77566691741413,-122.41940769122597,37.7756249602224,-122.41937513041688,2.2585237862296013,351.0424587919069,33.928467807277514,4.2401798216910915,46.306274637378806,6,0.0022622431561289276
1300000066000,37.77568283984279,-122.41940962594553,37.7756255704504,-122.41935556437194,2.016901965249051,335.9883637122547,36.31313637845827,3.14178574710732,52.9962905786998,9,0.0032295376012045447
1300000067000,37.77569600627865,-122.41941124154921,37.77573111622276,-122.41949732393235,2.246140810260263,347.0043009713179,39.262295623825636,5.5410729345634895,49.65369355625008,7,-0.0037030013075669446
1300000068000,37.77570947977049,-122.41941142598617,37.77576697929321,-122.41950047633262,1.6106783757325775,352.7908610135494,32.1401337600625,4.198113642147382,45.02448968800266,12,0.012843537478211493
1300000069000,37.775722385776255,-122.41941360975356,37.77571521526615,-122.4194131121428,0.9955331750258576,351.0130881775732,40.88865546260156,3.9043096625895792,56.02920052802676,11,-0.013588908930818565
1300000070000,37.77574032405433,-122.41941736819602,37.77573595968211,-122.41935176362821,1.843491816508263,332.27886861282104,43.588327782570076,3.043349605734824,52.473608546354406,6,-0.004063398805577328
1300000071000,37.77575289704743,-122.41942329822798,37.77576376203385,-122.41942369457531,1.8941747203032162,333.92022456685373,43.485066983435146,2.7947289093020777,55.39461796268694,7,0.003984783786648552
1300000072000,37.77576510491966,-122.41943153381716,37.77578445261524,-122.41938312117071,1.901571479430368,327.75892372867435,40.02074872618978,2.908983566043921,49.629152174500405,9,0.004746867659121008
1300000073000,37.775780307334024,-122.41943821026304,37.77580666509037,-122.41955868375214,1.5817312116868967,319.06618432119564,35.918151407606935,3.656301671187539,49.13001872592727,8,-0.00515529255887697
1300000074000,37.77579071349081,-122.41944378296915,37.77583243777251,-122.41948732142015,1.5806111135971488,349.4600204918439,42.75733298995531,4.356064161605604,42.966099892972295,10,0.020688709523240183
1300000075000,37.775805537219384,-122.41945088482075,37.775802518264534,-122.41943865329355,2.676191177318042,359.6013716653817,42.15619805443204,2.1970971511330353,58.61069739818129,8,-0.007366701811511344
1300000076000,37.77582073350169,-122.4194617441077,37.77576743043905,-122.41937130109329,2.034333263396279,329.05211634406163,33.40882002819822,4.2607364479237075,41.71473121583774,13,-0.012884358636678415
1300000077000,37.77583346995481,-122.41947663809809,37.77588913259842,-122.41936369834806,1.5321298409680002,323.1923088603796,44.10370810236936,4.326124935970125,40.37319014214597,14,0.00030686947850860745
1300000078000,37.77584569914291,-122.41948959160078,37.775831295241495,-122.41952512846933,2.4043935526608706,323.7306784606574,43.427314901291616,3.6192624728023026,46.23613707961023,10,-0.0062781455112451545
1300000079000,37.775856278670375,-122.41950225213003,37.77581292684733,-122.41950203973823,1.442364010440487,314.88771552284163,41.63021641166136,5.312072113128265,52.83452555927032,14,0.016479524608588304
1300000080000,37.77586744323247,-122.4195180420049,37.77591201282704,-122.41950689435464,1.9030648377814487,306.09410463696787,42.1732605290869,4.361052782421474,52.9862915875648,13,0.012733566347486016
1300000081000,37.77587683942115,-122.41953293801275,37.77590600852273,-122.41948150794218,1.5301301824095201,310.42870428269754,33.636544602242516,2.769658126253455,59.429173887297594,9,-0.01511412038095028
1300000082000,37.77588479385733,-122.41954825193724,37.77581913483332,-122.41951866706958,1.321786444081894,313.1889916284425,37.89684862942811,4.986432188428398,50.85664554478735,8,0.005874340635803462
1300000083000,37.77589554411656,-122.41956515678642,37.7759808857559,-122.41960189874082,2.038535140373675,306.67330765057443,38.428978831124134,2.2761229281612154,45.97003127387674,13,0.014164183068317786
1300000084000,37.77590523586259,-122.41958302488749,37.77588198335079,-122.41963344775941,1.737333184075049,310.9562344260678,41.1611536136294,3.4985022911659094,46.25008878908267,14,0.021109286836063806
1300000085000,37.77591228192509,-122.41960027698407,37.77590799718541,-122.41960227146491,2.126209486321477,288.7145346482847,35.91040805799195,4.241399608875328,55.02109523245795,13,0.006936261882033687
1300000086000,37.77591803513957,-122.41961800625303,37.77586433311127,-122.41955314404298,1.3648722367364627,295.8039897261216,38.29190961319368,2.644381342265476,53.90878363140619,10,-0.007801271014400702
1300000087000,37.775925495326696,-122.41963630617518,37.77585212026365,-122.41975344499359,1.9724538624703105,293.9460364451539,43.03442421455971,4.083634408696527,47.0112450473328,8,-0.0014242486385571155
1300000088000,37.77592868838774,-122.4196519957992,37.77591591656375,-122.4196830474248,2.1240162450068056,276.84338458886407,40.22570601268506,4.297636740891279,55.99366912371194,7,0.014228651907343542
1300000089000,37.77593329687157,-122.4196700324417,37.775857144321165,-122.41960698821997,2.030961286605167,280.8195858619956,39.2546468113723,2.3534141247131153,59.5263307794825,8,0.007660459543227356
1300000090000,37.77593683030016,-122.41969304687429,37.7759297689738,-122.41964824386459,1.8770203407951762,271.8946347501095,32.082634980206635,3.621302219320303,52.42435263435924,8,0.0007578384712370663
1300000091000,37.77593879069211,-122.41971442431391,37.775878908501,-122.4197330347571,1.7022455916964616,276.51349543339626,39.942882082026586,4.653842712584049,42.18373939893178,8,-0.0031843662110391724
1300000092000,37.775939315163974,-122.41973338713676,37.7758690623889,-122.41977169522836,1.842362555184088,272.5349584608517,44.324972583682346,2.234133294937947,42.00014950890467,6,0.01646447865250218
1300000093000,37.77593982414905,-122.41975580557984,37.77590609931887,-122.41978234647785,1.801024482182171,269.44908040600666,43.472209551993785,2.780277908333939,59.59739288841733,14,-0.013185890531266422
1300000094000,37.77594128422924,-122.41977177382807,37.7760411025943,-122.4198169291654,1.3030435075445967,276.93728120042437,38.7297942886028,4.743945228502528,46.753953625148306,7,-0.0064624917398129235
1300000095000,37.775943269549586,-122.41979330975747,37.7759828222634,-122.41981237633792,0.8540114980157143,286.22946843787304,35.44823040212515,5.061951545124131,45.07812116176593,6,0.005449139463057729
1300000096000,37.77594472348031,-122.41981100895958,37.77600493803102,-122.41985316914992,0.9270632434417044,273.6405526211846,44.8708287413216,3.645926592444075,59.937608284691535,6,-0.013927318541489033
1300000097000,37.77594764965399,-122.41983031914218,37.77594699463594,-122.41987054949819,1.7075398655974328,288.93872058362444,39.51146446887537,3.252808501410016,55.413513516927935,8,0.011904312004686534
1300000098000,37.7759489688109,-122.4198502758457,37.776007318879515,-122.41978871955429,2.38249531358094,267.4704150810847,43.08404412579918,3.368583957780608,42.345999919870266,11,0.005407568471754758
1300000099000,37.77595419867496,-122.4198691132355,37.7760365706414,-122.41994171461685,1.4882668477044467,314.46733785828036,38.814504990255585,5.72896361795177,57.83043004330757,6,-0.0003309501377823676
1300000100000,37.77596008007688,-122.4198881946121,37.77596554771835,-122.4198476344514,1.502071502255516,273.64497988898484,36.44247465234466,5.339700610661346,49.967149399000476,13,-0.003919748977644081
1300000101000,37.7759687038302,-122.41990380457756,37.77602350540141,-122.41992102894352,1.6012894705304455,306.32835018675445,37.94341995579206,5.650450851759608,44.461635543448025,12,0.007456977522072467
1300000102000,37.77597897534262,-122.4199229708423,37.775948888470744,-122.41993106587752,1.5894723917729392,305.4679770544281,44.16937626441002,4.325348097117269,54.18851574248134,7,-0.00604302197653033
1300000103000,37.775989437186865,-122.41994508499374,37.77593636243046,-122.41996808519816,1.8791999585347878,317.49793122338735,35.87777269480436,4.968889103376841,49.28436054797612,11,0.01786522433821406
1300000104000,37.776000344563364,-122.41996440827873,37.77605412596778,-122.41993370995364,1.9183476737187852,310.42334528317025,39.47197979490137,2.9488207995121445,53.35402165751986,9,-0.003086243480667177
1300000105000,37.77601074487235,-122.41997839134036,37.77607880008285,-122.42000413831983,1.7305389668601134,301.963442875119,43.74125349565302,5.667706117726799,48.65153302044407,10,0.010165492211628624
1300000106000,37.77602352068615,-122.41999171193802,37.776042551677946,-122.42003090439809,1.6736972364115041,311.59516984723376,34.41377968866419,4.362636058486531,57.31740962501461,13,0.0022713746666821154
1300000107000,37.77603840779897,-122.42000665110479,37.776070901199866,-122.42003909883795,1.5818937048404573,320.7214930830759,44.62657997303228,2.8509233220609422,55.836617539261134,10,-0.007343394994692254
1300000108000,37.77605365928842,-122.42002430992974,37.77613374320434,-122.42012243683968,2.552012059520753,328.64967140267913,35.3500125044367,2.35640565521874,59.40933890461537,14,-0.006063372964335921
1300000109000,37.77606709437026,-122.42004000851722,37.7760262074621,-122.42010879675124,2.4964010091694275,312.59320662502023,35.92322663310062,3.9807850400196676,50.205029715473884,14,-0.018273447670408238
1300000110000,37.77607766493597,-122.4200527381138,37.77610030854547,-122.42008868974294,1.595691626539968,305.17469422813576,38.01065442768129,3.398319859547285,48.08620642203287,11,-0.008988688800866357
1300000111000,37.77608965801007,-122.4200675186988,37.77611220588923,-122.42001520955581,1.5113776155687473,308.16141478548593,41.9100392792828,5.216225138412371,58.977642658040075,10,0.0036667499247104154
1300000112000,37.77610079821034,-122.42007963226924,37.77605955849717,-122.42007245522703,2.280021550110719,334.1562506206666,35.95994395760687,3.3481518420504677,58.187668715318964,9,0.002657340814775575
1300000113000,37.77611299290147,-122.42009283207172,37.77608632908781,-122.42004090607703,1.8544942756394018,312.321932780514,44.146261836861264,3.707793190109545,58.661228016650966,12,-0.002736480426017496
1300000114000,37.77612564732593,-122.42010769632671,37.77616809589175,-122.42003250272921,1.7328068929029532,316.83829013379324,32.145239860387484,2.23141574404479,49.919131680523336,13,-0.007589226720207406
1300000115000,37.77613889261285,-122.42012093941584,37.77616873584333,-122.42009544105261,1.4545798792619964,322.7724289192571,32.133167635428975,3.9256870893274427,41.697107541267364,7,0.0026848499196430514
1300000116000,37.7761511024492,-122.4201315626879,37.77615267925898,-122.42015700445617,2.2109168626387015,333.37742899627546,43.09971660225101,2.6573053496661108,56.00508272593477,10,-0.01122380148567068
1300000117000,37.776164806705665,-122.42014409109218,37.776242300908365,-122.42010484677954,2.2796656693066595,327.7172786501146,46.27240887776902,3.36275161918678,41.802967328561294,12,-0.011474985158133754
1300000118000,37.77617837929317,-122.42015756093781,37.77622944948161,-122.42013914934003,2.225537897681788,316.3785930816415,35.5601690156954,4.088831016239566,41.09711568830136,9,-0.012845572828851723
1300000119000,37.77618983235573,-122.42016933691409,37.77630758251466,-122.42012623656049,1.9111685992203693,319.2383734202448,33.27910392682591,4.558206597972643,47.61746117783483,13,-0.0031527975596869363
1300000120000,37.77620556266651,-122.4201789810944,37.776134497415136,-122.42012623045754,1.8477769032974363,336.52468074996665,37.958935053487856,5.006464285093095,42.13994194517648,14,0.003679023744964423
1300000121000,37.776220313876124,-122.42019152632207,37.77618237614655,-122.42016232163179,1.3846522826797154,336.35812222776525,35.65168904978198,5.852674973717249,50.716872996885,10,-0.0021135814442861684
1300000122000,37.77623938591938,-122.42020564564342,37.77628238970326,-122.42012170283833,1.8749347147634137,335.06392945295505,45.44012232801361,3.4285655183830785,45.61148786653811,11,0.005975563457427486
1300000123000,37.77625345005925,-122.42021491906192,37.77627249775901,-122.42018858181554,1.4796723976350064,327.94202003391797,42.541871281119434,5.950617892538061,42.54355820200637,12,-0.01975875680449013
1300000124000,37.77627073682835,-122.42022583136857,37.77623028325599,-122.42016220618916,2.485950408303944,345.9853595741185,33.18700953677638,5.0800624519730775,50.41485815793813,13,0.0022406720346289095
1300000125000,37.77628718417748,-122.42023439419023,37.7762742788067,-122.42027554831088,2.1017621635086403,332.54689231132755,31.27687828996355,2.415825928638394,46.789840001779304,7,-0.00509043490156964
1300000126000,37.7763018699846,-122.42024215998545,37.77628587779469,-122.42029349245512,0.8005921620863654,323.6836506677851,45.52045616666747,3.9900657426812076,53.03046714561148,13,-0.012870078789539094
1300000127000,37.77631579883545,-122.42025260554836,37.776236273841384,-122.42020287595068,2.2891093350851253,324.0910320523378,31.814227481265455,2.096666095998135,57.08749598504288,13,-0.0008497805233019347
1300000128000,37.776332907878526,-122.42026289602987,37.77633590333739,-122.42033109205312,2.1390649936992756,309.31690846071353,31.849121382343654,4.67808731928692,47.03911117072083,7,-0.011679377327858188
1300000129000,37.77635012517094,-122.42027220037018,37.776243343786966,-122.42025140578511,1.5539470251148466,354.00362494057174,38.46234543277471,5.739481483928743,59.3520988826248,9,0.004966672413230695
1300000130000,37.77636530236599,-122.42028347248612,37.77635921371962,-122.42030599098173,2.4667612298961763,335.1334972485821,41.918255950136825,3.9500595958216596,51.0279569951978,12,-0.006675986068224131
1300000131000,37.77637866822664,-122.42029347938826,37.77643103999333,-122.42030757580297,1.209560449234393,342.3236249869914,43.27785454479635,3.76668621930901,50.710966172383046,10,-0.004594515342185391
1300000132000,37.77639674224367,-122.4203102775933,37.776393506796786,-122.42039131926829,3.1575407575615135,323.1283907694904,37.94926088861098,4.2694920614242164,42.50032773633221,14,-0.02647449145937235
1300000133000,37.77641059182411,-122.42032416361747,37.77639617613763,-122.42026901784904,2.0651655322064446,334.9034205201821,33.319209326066904,5.474581685943089,42.65320710782822,14,-0.003685693726488109
1300000134000,37.77642319876636,-122.42033443623792,37.776424525449286,-122.42040100831252,1.2655118750881447,317.0684823129014,39.69129198780762,4.343381245434854,54.8197082065834,13,-0.012190847987743766
1300000135000,37.776436933700865,-122.42034561773244,37.77637645025922,-122.42034969849443,1.0998776578765315,316.6424745397689,35.33904069064784,4.47495877462887,40.1156821483913,12,0.012057004005059982
1300000136000,37.77644977973886,-122.42035736083017,37.7764472237439,-122.42035029824675,2.754503296474619,326.9397392348505,31.506572114975505,3.8262467740689057,40.31061832809325,6,-0.011603654927340775
1300000137000,37.7764632013772,-122.42037224749409,37.77642435258064,-122.42035763781168,1.6222121627070596,312.46477046674846,34.71880845553473,3.3420460342452643,44.4788065597487,11,0.011231783948113456
1300000138000,37.776473615070465,-122.42038815965302,37.776476561612725,-122.42033172730827,2.327274387971212,305.0931419312226,39.83219207696927,3.2533305012753293,56.42678646050091,14,-0.005407581738694839
1300000139000,37.77648838187762,-122.42040790507296,37.77655375629541,-122.42040545838164,1.2378310064693963,309.34129540735495,31.985899441791737,2.957750545688563,56.36647710623453,7,-0.0058215529925451205
1300000140000,37.776500962965095,-122.42042591214691,37.77643589523014,-122.42044402593218,2.7660934735448013,321.79510744013976,31.317956714805106,4.00296464657791,45.06718168196389,6,-0.018120853518243104
1300000141000,37.77651196606506,-122.42044248449075,37.776545623511964,-122.42048293803578,1.7255727119813018,289.47270320455493,42.570889306442986,5.716624546127141,48.35383741475631,9,0.023940880703375442
1300000142000,37.776523441663386,-122.42045999535888,37.77649403625697,-122.42044650550031,2.093353345092536,314.81544383347773,33.969208867813464,3.9353043763923963,46.955340093980965,8,0.012630169047383663
1300000143000,37.7765370954701,-122.42047784610284,37.77668116865693,-122.42055414095093,2.0401598992687378,328.6920230714488,35.767681383252274,5.997152377203657,57.344015733223976,11,-0.014847002077424913
1300000144000,37.77654852140908,-122.42049624695044,37.77651229010593,-122.42047116904875,2.546003274553196,309.7094328914056,31.588076546588066,5.944495866981468,47.36112866967394,13,2.179272650357278e-06
1300000145000,37.77656089220184,-122.42051471224883,37.77652501115151,-122.42048582164233,2.5443336164726964,320.80377880111087,44.9931211818942,3.715617946444283,52.513658661353745,12,-0.0027183411955573502
1300000146000,37.77657234171566,-122.42053201777743,37.77657940972943,-122.42062578327065,2.1334879582449693,309.06215774560144,44.41406509635811,4.714761648989379,48.79034351232577,7,-0.00614848555803575
1300000147000,37.77658649251415,-122.42055063424688,37.77655639637464,-122.42056324736339,2.319766251874236,309.3775675229435,40.81998713801587,3.4726934130100453,53.665943374160605,8,0.006212560885862485
1300000148000,37.776599071035335,-122.42056894597731,37.77655415427098,-122.42061653193132,1.5810536333465555,310.4779072236026,41.23844371310469,5.625340747263916,41.70485175065507,14,-0.008127297264716189
1300000149000,37.776610412995744,-122.42058575379872,37.776661998047175,-122.42058835873141,1.5467427310870034,310.6218672945518,40.67800873120384,2.812299187842501,43.00954652612947,7,-0.002228314292038611
1300000150000,37.77662161991561,-122.42060151125224,37.77669618422158,-122.42047751506048,1.3931037218129896,288.6530186719075,41.1406578658069,3.2554932342098026,56.78693215586179,10,0.006530621239782485
1300000151000,37.77663202027922,-122.42061612654592,37.776654220873816,-122.42060476339135,1.9264902045094419,304.94735650430187,34.828618308074695,4.372743657538737,51.83565004167697,6,-0.0029184657190001813
1300000152000,37.77664163485991,-122.42063359231257,37.77659106022341,-122.42060748345972,1.4049395813246632,299.1041742047986,37.1623575516997,2.5747228504531265,42.00849820369689,12,0.008982841001058539
1300000153000,37.77665406206233,-122.42065302005759,37.776671755354265,-122.42070448816013,2.234217002508879,317.8621139221218,43.83515734253241,4.33132096485631,58.04019096892948,11,-0.0031485738939135916
1300000154000,37.77666496624796,-122.42067147833087,37.77669482994378,-122.42069966799237,1.3817417582836422,302.790556617439,38.13446140442566,5.955434179972074,49.67254418460509,8,0.00019282804884231393
1300000155000,37.776675544253905,-122.42068901921215,37.77673319059144,-122.42078101290953,1.9461924140439106,291.3626428216991,35.59812757182014,4.17774735718055,52.634266118114795,13,0.0015288491999486584
1300000156000,37.776686724699104,-122.42070476196983,37.77663899674742,-122.42068103878192,1.421631927179147,314.80600553781795,34.01908563794779,3.7456281592317526,42.570284980310895,13,-0.010955339007421709
1300000157000,37.77669830459488,-122.42071730023115,37.77666358460771,-122.4206657787935,2.1731563898024366,328.4368624722785,43.01886344795635,5.080850128925624,56.7687731438274,12,0.0016830529726375044
1300000158000,37.77670643866762,-122.42073136945835,37.7767284669819,-122.42072722820593,1.499084569779281,304.7520732743827,36.14275088334979,2.0828589805639863,55.086915951694145,8,0.00751868490063925
1300000159000,37.77671768877889,-122.42075001082377,37.77671695052665,-122.42074036862081,1.6033415144247596,303.7993565167491,40.82620134358125,2.0532610386789627,43.41842361701931,6,0.00026315364274180283
1300000160000,37.77672961997407,-122.42076399950481,37.77669994497354,-122.42063324755148,2.22436314857602,319.2458776656378,36.74635392581429,4.414960018993568,49.157444295240175,12,-0.005481123447698869
1300000161000,37.77674685452775,-122.42078210124473,37.77673549391131,-122.42076601562007,3.07205845472994,335.51107926681624,30.909292264578006,5.338330029929454,48.805397432703515,10,-0.010166776872416246
1300000162000,37.776759213978465,-122.4207967663563,37.77680082750847,-122.42082172076495,2.0853800910319613,305.3486289354638,44.671137415483166,2.2774983835590463,52.53944997413696,14,-0.00032664173114062186
1300000163000,37.776770666476814,-122.42081226212531,37.77676704341783,-122.42093159826474,2.405184505605394,321.2827075060827,43.07702057158997,3.470455409136739,55.99875911320893,13,0.006306336772221992
1300000164000,37.77678291631987,-122.42082951658293,37.77678762669533,-122.42080916208126,1.690386026133691,303.5155796690566,38.6091007523158,4.289793055434046,46.67126681164634,11,-0.010569366388267016
1300000165000,37.776796120161926,-122.4208475459291,37.77671332013883,-122.42086342529149,2.1327911893623215,304.7718460543323,32.020583892600975,2.68274377162976,42.98228334521458,9,-0.013100726062426338
1300000166000,37.776806911470835,-122.42086070207229,37.776809995507605,-122.42083860547073,1.8324124771597197,325.5629335879593,34.618972589288944,4.747259197087166,55.24861018233356,10,0.00845072496168212
1300000167000,37.77681960336683,-122.42087855555911,37.77681706528271,-122.42089402081761,1.7755567095308498,295.6757288582276,34.924115374602785,3.747733751007051,54.6266252128673,10,0.011383305477136623
1300000168000,37.77683346554192,-122.42089761516202,37.77684386196359,-122.42085160608475,2.353036895909967,312.3407347461978,30.777505937126914,5.33248424705228,58.328576430030466,7,0.002161744952721749
1300000169000,37.77684290301033,-122.42091264589955,37.77690034191357,-122.42080551964183,2.3374805773145964,306.37648228360547,29.977585402005666,5.972895914902432,47.40069939410788,7,0.014873583113429872
1300000170000,37.77685516583681,-122.42092768889046,37.77687503148543,-122.420920245896,2.5054269799039854,319.7650905989691,40.37684612951457,2.0441739219085417,57.23388788796541,12,0.0010629915155054499
1300000171000,37.77686968028003,-122.42094452237308,37.77692956427536,-122.42093693032037,2.027490675297723,320.0633644272465,42.650568654186515,4.71992224179991,50.77664627816589,12,0.0001319040423031161
1300000172000,37.77687898828859,-122.42095898699577,37.776842712644346,-122.42101490972689,1.9526079768342517,324.8300341439872,36.61586396897018,3.0959629250645744,48.50188036885215,9,-0.010483145033789507
1300000173000,37.776890986379996,-122.42097764991931,37.77698394321645,-122.420996472652,1.8331735926122847,326.47223917472445,29.664027688191332,4.359056488054902,45.22479435521796,6,0.008597631997868442
1300000174000,37.77690461140878,-122.42099167749414,37.77693810464197,-122.42101632693978,1.9881845055871286,309.9508951771531,42.29644707991274,3.6543328462042317,44.726186092781674,13,-0.017767973489712922
1300000175000,37.7769166567791,-122.42100363741763,37.77695334902639,-122.42101694443,1.2001482667936925,312.26688549929764,41.41647031397967,5.636442052670285,48.92234114597231,9,0.015863535444962638
1300000176000,37.77693271835085,-122.42101928422926,37.776987084621155,-122.4210621890197,2.0256883364268505,343.3599265127847,41.59309281958513,3.450641840626396,41.85693559543085,6,0.027823540000151442
1300000177000,37.77694530881738,-122.42102928690656,37.77701377562839,-122.42095953592532,1.9333100421476215,307.7613456183112,41.33624609921665,2.4568723820321425,52.507122646222015,14,0.01661921216640937
1300000178000,37.776956827659184,-122.42103850400662,37.776911054633445,-122.42108910513345,2.5798490828614487,316.37343518012153,42.6171661017885,5.303943549776109,51.41294607876246,12,0.0032721899622013277
1300000179000,37.77697078177572,-122.42105299670258,37.776939458429034,-122.42109853095926,2.426477520966235,335.30957282342615,32.39213094905858,2.3756421121176152,50.36750786427921,7,0.006373428680841404
1300000180000,37.77698328120561,-122.42106896430859,37.77703675608867,-122.42101698411682,1.8914496398073415,296.04900908285896,42.04575026778119,4.1899511471378075,50.444392357162215,11,-0.0031654801113346555
1300000181000,37.7769954543394,-122.4210843288658,37.77700777780012,-122.42105162440362,1.9470377517770503,321.9767098588307,41.90219343775895,3.0235312837845787,43.376129557470584,7,0.01028924108614829
1300000182000,37.7770070956481,-122.42109790037757,37.77695851757423,-122.4210971931349,1.3978394772779597,300.9646879205808,39.588712526447246,4.272920239051764,57.412969804954884,13,0.0009491891525807958
1300000183000,37.77701967325279,-122.42111396502976,37.77700022986696,-122.42113843005968,2.6567042796011187,306.4382132301614,31.187815865491068,4.316378964487942,58.26140989348086,9,-0.015440686550648218
1300000184000,37.77703106536722,-122.42112931903345,37.77708712781256,-122.42113296908623,1.7880661657461054,305.8921506522488,39.63564616472945,2.461955389039979,47.207844398532266,12,0.003050356883903406
1300000185000,37.777044770045485,-122.42115075108023,37.77697494023881,-122.4212439730345,2.9256734982150565,315.53847452467016,40.23965463719802,5.534232067689227,45.83361022702083,6,0.0011992269530023017
1300000186000,37.77705580633129,-122.42117134785454,37.77704258337649,-122.42118308366861,2.3204247844702675,290.31659678018264,41.8248099773515,4.857176073764968,40.66632147139277,11,-0.012530963721873276
1300000187000,37.77706775017583,-122.42118932087888,37.77715255019917,-122.4212049346362,0.9922770810002515,312.74447175391634,36.79270636088026,2.9250230685889913,49.273539433224485,14,0.01290382475900409
1300000188000,37.77707773191948,-122.42120691576758,37.77714574816373,-122.42125061129562,1.3956744237866618,309.50049251136346,39.74597177512992,5.504025859365315,41.11161426144202,13,-0.000241483979114788
1300000189000,37.77708862890611,-122.42122326914016,37.77714358316087,-122.4212334319944,1.6235621244986018,298.2615698678063,40.581514938864274,4.516774332355264,56.746367967381474,14,-0.01695501918890197
1300000190000,37.777100291016566,-122.42123939370299,37.7771427646161,-122.42123272858649,1.350175120691876,315.9011314228384,38.55418773554355,2.1347408829197128,50.97201051132131,10,0.004644385161608184
1300000191000,37.77710983546446,-122.4212535954102,37.77695474204698,-122.42123187803286,1.5142006795243226,318.0712492815764,33.018334398099874,4.044730397203683,49.60503330048438,6,0.0025891907032138607
1300000192000,37.77712230061636,-122.42127226392041,37.77717837548999,-122.42122968803092,1.6095722746839898,292.6935974451695,40.214643908793775,4.44711893175611,42.90267942956104,7,-0.01309710871777239
1300000193000,37.77713283453261,-122.42128892375445,37.77715013618042,-122.42124096557231,2.3869982516275194,323.5686985362977,30.629098410712434,5.664217601847212,55.965024466909206,11,-0.0055000652814365825
1300000194000,37.77714416318052,-122.42130543661189,37.77715864570561,-122.42136316005404,0.9805093105711817,294.1104138177003,37.71582148629223,2.4607282314849055,42.84945893655341,11,-0.010812993770775109
1300000195000,37.777154999434934,-122.42131895094164,37.777200447279576,-122.42135363678648,1.4837310064072164,309.2110698692367,41.720685939965264,4.130828540083421,58.67385041991787,14,0.006089993515422895
1300000196000,37.777167692089876,-122.42133298351341,37.77714053964099,-122.42125074635217,1.4171547607781774,319.8083282181225,29.712216015105156,3.181130424015852,40.70329712888801,9,0.017156662347143067
1300000197000,37.77718288767386,-122.42134360630348,37.77721579540182,-122.42139746392445,2.0951126494886294,326.43591560331447,34.531132924633695,4.902690668217022,53.58603930653898,12,0.004168740940378114
1300000198000,37.777198773598236,-122.42135197326176,37.77728680673907,-122.4213361816609,1.1658613878154083,338.0852189739002,29.677254944373786,4.5677172435008355,46.014879736167096,10,-0.006155125403079827
1300000199000,37.77721716290276,-122.4213611336035,37.777245192609925,-122.42142811528477,3.205023665059051,335.76185589942224,39.21111650951829,2.7923093809009045,47.212623418411766,6,-0.0011955717946663324
1300000200000,37.77723470160624,-122.42136867567721,37.77730975490228,-122.42133704960807,2.4970965427762946,341.79961958268245,34.760817679020285,3.0989135567262274,51.2294482978517,9,0.001958514225012371
1300000201000,37.7772494417941,-122.42137077440911,37.77723890774846,-122.42141330345575,2.1657954248072597,338.7767381667826,30.094766336872542,2.2216361373341713,52.089988231245414,10,0.022196656247232598
1300000202000,37.777265030406106,-122.42137110500964,37.77732630208594,-122.42128554679195,0.8505663362484763,353.00700321103704,38.174803476190206,2.6957263287961335,54.707234757017275,10,0.0078926311191975
1300000203000,37.777284696732075,-122.42137267827525,37.777279184008535,-122.42146377794897,1.742613057430022,348.6121238900557,41.12950116144442,5.333325879236806,41.39182307472867,9,0.0074012784938610136
1300000204000,37.777306879777484,-122.42137213581171,37.77732935019182,-122.42134988365126,2.1171668075906505,1.1940996124294876,35.688951536113656,4.411976541622153,52.279324987549614,8,-0.002391066412743077
1300000205000,37.777321911030086,-122.42137087665579,37.77735390763799,-122.42141365148473,1.3378508621185614,11.897850537254318,40.38373583933783,3.460243792898549,44.10070010673042,13,0.009518037976931576
1300000206000,37.77733830083946,-122.42136669474635,37.77741171724734,-122.42138769851795,2.499886737917909,7.870428747971827,40.368010028467914,3.71608783164705,43.542635188097485,10,0.005104688126743052
1300000207000,37.777351821715,-122.42136312375979,37.77732213755693,-122.42147875355153,1.2264793842355823,12.351421272658765,36.84192447758527,5.511306014905248,43.54892210882634,10,0.007215762752864313
1300000208000,37.77737012532673,-122.42135988716613,37.77738677477876,-122.42140524509058,2.932367683165264,14.387251475306925,40.6313182611495,5.783512628049976,48.50355668449659,6,0.013206062415646971
1300000209000,37.77738412733025,-122.42135586404449,37.77739490779574,-122.42132748570404,1.4258420583539126,359.2178287049086,31.262794346112834,3.949586016550043,52.861615410499965,10,0.0026458805577877988
1300000210000,37.777402251775825,-122.42135301266933,37.77736041006699,-122.4214574679715,1.6743199915728273,0.28844081798148746,32.756647626476344,3.0939379453769495,47.78989206831127,6,0.011824286948231235
1300000211000,37.77741982445979,-122.42134993426365,37.77744464939697,-122.42121449961279,2.280718327073549,12.95511878668398,38.7394053614138,3.4186911136378124,41.60544968739222,14,0.009417512783076344
1300000212000,37.77743867697127,-122.42134544581782,37.777461633220256,-122.42121299922884,1.8013567237519608,18.989828818939266,35.935093833351814,3.351382884267587,53.15058731383479,13,0.007604391043979868
1300000213000,37.77745479489289,-122.42134156399763,37.777518288082355,-122.42130972726248,2.685442898045542,7.504863810431391,35.069365818302906,5.0801270361507775,49.53634811964275,10,0.001519564879147504
1300000214000,37.7774724960553,-122.42133819148665,37.77750342682489,-122.42129107426521,1.866440204285668,354.5875251781334,35.14129922930675,5.737332767023598,49.97957384344655,11,-0.015020102627816497
1300000215000,37.777487903439834,-122.42133525657425,37.77748322895182,-122.42129293906581,1.2171860969260413,9.222601734001401,31.82773426729618,3.1221484733336906,56.795534765849936,7,-0.004238476427156805
1300000216000,37.777502958470045,-122.42133074685006,37.777495984752655,-122.42128590379548,1.4447639586370242,356.7285650943049,33.45902972634423,4.810468424094525,52.32491816107974,9,0.01381381858532114
1300000217000,37.77751822256885,-122.4213297043962,37.77747142973306,-122.42137315525049,1.0168091368273222,354.82148069233443,36.16513359459911,4.8750690373538195,42.873116452783286,13,-0.003240005877629681
1300000218000,37.77753361919619,-122.42132818114992,37.777541048962604,-122.42125660014176,2.6040276716152384,12.671276017481972,38.303692859436424,2.832979777213731,50.542877711942985,13,-0.009087860557511544
1300000219000,37.777551572098616,-122.42132695666449,37.777498771304245,-122.42124975402166,1.5670680419114638,353.78212569703953,32.2752676513844,4.805559494026333,54.49640045142857,6,-0.004296375599296576
1300000220000,37.777571299620114,-122.42132826206978,37.7774619372926,-122.4213074757331,1.6641038389461515,349.13048189596105,40.02765294488076,4.701138691582143,45.63433382852644,6,-0.015056199463052498
1300000221000,37.777585255382995,-122.42133036392191,37.77756380208596,-122.42129865764653,1.2915172940815167,6.555288857435755,42.47092323832395,5.536510909324173,48.552176909319456,14,0.010380312043524742
1300000222000,37.77760010776737,-122.4213331740692,37.77762948245397,-122.42138858275428,1.8613690949577133,345.268811239177,33.945220256957974,3.6065636611689507,51.09160514700378,7,0.009179576343129877
1300000223000,37.77761630765606,-122.42133659973992,37.777721621158115,-122.42131126262944,2.567525702704791,337.92870467768824,32.13200243334287,5.54688535988539,54.8017476627435,7,-0.002080131221339047
1300000224000,37.77763309356703,-122.4213420530581,37.77760192466137,-122.42140888092908,2.2377000211781595,340.5379139939905,39.51763230940855,4.68033148588275,59.83612066996495,12,0.004261639836124807
1300000225000,37.77764845035107,-122.42134689300049,37.77770454530745,-122.42127392808061,1.524147254961378,337.59963879026014,41.731328534576086,2.386924945867152,48.83172896546789,11,-0.012480202587571883
1300000226000,37.77766121638004,-122.42135215265438,37.77765713042559,-122.42137099398815,1.9618717090367994,340.6478704446288,31.56563036770941,2.3196171656875606,53.14971098653595,6,-0.001067449709176721
1300000227000,37.77767670059764,-122.42135738592242,37.77756854537492,-122.42130969616508,2.725621938292355,333.4586871319572,31.855607685186488,4.872777760290932,47.36806311852422,13,-0.0018437546577467635
1300000228000,37.77769034300564,-122.42136181412377,37.777730512548835,-122.42131240571773,0.5013824870684083,340.4552822495618,42.39656591004664,3.5324084211100146,46.91568605306504,14,0.0022439366962114433
1300000229000,37.7777054120042,-122.42136562059075,37.77771269959825,-122.42135169371738,1.8498843294886678,338.33732266358703,40.2989762867198,3.765783331681572,55.98508779205478,9,0.01251034582241489
1300000230000,37.77771956300665,-122.4213661079248,37.777744651952446,-122.42127714293484,2.3378245510912152,9.764681182386312,42.91892583918512,5.009763959668548,50.69382110573578,11,-0.004090640229917334
1300000231000,37.77773623831653,-122.42136686889191,37.7776642162962,-122.42136354951403,1.9810258549149358,20.17839841376889,42.06823401220969,2.8825633615409556,54.068225166575175,8,-0.003410273748177563
1300000232000,37.77775292749053,-122.42136861038485,37.77773185260815,-122.42134127635093,2.477216591877351,340.375659876963,34.10388433506487,2.1407665140305077,57.7668865612942,6,-0.008742214168726156
1300000233000,37.77776649987732,-122.42137017105283,37.777702280390194,-122.42143319344369,1.1400675855445601,7.478990597967027,29.14728571665326,2.5281447154250363,59.349669708265715,7,0.00022170755632228086
1300000234000,37.77778136895667,-122.42137286893923,37.77776472053725,-122.4214078945396,1.8292089260581348,345.9653418872645,41.71682998226595,4.497132222902169,59.135617516355794,12,0.00031112729812797767
1300000235000,37.77779431238213,-122.42137319060541,37.777738995364494,-122.42143128999301,2.2466487014630396,7.727805069801207,37.66601563118818,3.8153921914525597,46.89244884300486,6,0.01982966109170214
1300000236000,37.77780830177815,-122.42137367772084,37.777817948021394,-122.42137828695226,1.511826801386185,343.050193363174,31.57502816801435,3.5240029939859934,57.59369644307024,14,0.004096661082570115
1300000237000,37.7778209081899,-122.42137522307439,37.777835714997515,-122.42138838150872,2.2062419321817104,357.0924146416126,41.20920687630265,5.655255306264407,47.4536560488117,12,0.005662220773617776
1300000238000,37.777836549559,-122.42137801457103,37.77782326052454,-122.42138979681617,1.2376180407493353,13.678611272536841,35.90708064310061,5.039537899577444,42.003784883166034,12,-0.006245690061739905
1300000239000,37.77785317006771,-122.42138036354315,37.77781443565993,-122.42134201629152,1.341880516773783,348.4608777251457,39.704284712027615,4.82517957454346,44.327868080741545,14,-0.017555263808449028
1300000240000,37.77786898429035,-122.42138266577552,37.77779965970986,-122.4214496696276,1.434859483552965,345.00251875434657,37.63959644038811,5.462037978279712,50.03126832211933,6,-0.0005484730815117588
1300000241000,37.77788219121109,-122.42138326257763,37.77789855862258,-122.42137838905482,1.8456074793045851,1.89358334689922,35.29311460759524,2.420980351654323,59.40650468778607,14,0.012680255353133038
1300000242000,37.77789740059984,-122.42138184361671,37.77788518260102,-122.42148980905485,1.6870942210852808,1.2043956910889988,30.79610640220086,5.124304820238116,53.3454858148182,12,-0.014447710302198453
1300000243000,37.777911515523215,-122.4213831200907,37.777971127133505,-122.4214433084704,1.7223990036661794,14.15936716889837,33.75854710805278,5.53161250668475,52.10297918833085,12,-0.007565324250760247
1300000244000,37.77792647091661,-122.42138527056449,37.77785826129723,-122.42134673573588,2.6296972495694635,351.3964749165582,29.718054218601882,4.706621209722067,53.606971597148785,13,0.005842718979060749
1300000245000,37.77794438819598,-122.4213890834198,37.77789492634849,-122.42136230053549,2.138685045690696,351.5855146245915,29.953007195652503,4.101291909288084,40.40521750507353,13,-0.018277680572101142
1300000246000,37.77795426970357,-122.42139316814017,37.77793176471583,-122.42146199817807,1.3723070535107786,340.8938029501991,30.271168332222555,2.023069947690108,44.909198503365474,8,0.0014563368771076377
1300000247000,37.7779704103625,-122.42140011718539,37.77789715772696,-122.42142609616127,2.4784625219522405,332.27135800019107,34.750420137210895,2.1347553774744865,49.369403336835674,9,-0.010918613995247912
1300000248000,37.77798040396552,-122.42140478316718,37.7780977756786,-122.42135828456904,1.1130939097267267,351.9657753182732,37.25151226537062,4.13495769369157,44.54730412488622,13,-0.00964965882350177
1300000249000,37.77799186185034,-122.42141032791537,37.777992479476644,-122.42141324640959,1.439469245558755,316.92716606700026,42.79265467894467,4.262739570127776,47.9997774231777,7,0.013064036178793165
1300000250000,37.77800166902637,-122.42141462112235,37.7779979976257,-122.42145080853757,1.3190571807656062,342.10666057661297,41.182420505076074,2.742818988180117,47.879716308648,12,0.011600183680398739
1300000251000,37.778012030239346,-122.4214185508923,37.77798209231846,-122.4214100986717,0.12270356826684403,345.5332011873004,35.50954374326825,4.348476115314499,52.17853122509957,12,0.011379429435486936
1300000252000,37.77802682918555,-122.42142847176915,37.778103983299914,-122.42133121544954,0.8557083769680656,344.15740589241864,37.48875745725131,3.5227526113946688,48.64710107353842,12,0.021565191836988837
1300000253000,37.778038461865684,-122.4214370395372,37.77799813111916,-122.42142971330411,2.0678895618478172,328.201597670116,37.06595203882304,3.0485210271841234,59.274623544731234,13,-0.008689957577744127
1300000254000,37.77805067219433,-122.42144458353297,37.77809997984642,-122.42136184994587,2.1355796990660934,318.58421469466646,36.580464089595054,3.350138168501333,46.22210424742814,9,0.015636215629616736
1300000255000,37.778061678690875,-122.42145275874293,37.77802082986297,-122.4214174359324,1.2635018963949802,315.23467100997186,37.57437364279085,3.1684807937881194,56.274682628815825,9,0.004368431213824509
1300000256000,37.778072621682696,-122.42146233175161,37.77792573861705,-122.42136685156291,1.2989661717714847,303.549553467465,31.307722904779098,4.062002435648271,46.36624024731505,13,-0.006594150033525274
1300000257000,37.778084130884295,-122.42147281508214,37.77815308996001,-122.42149916080346,1.598523631320981,307.21446905230107,43.06212219626238,2.211576144717061,50.47135102562001,8,0.0023781062473945147
1300000258000,37.77809546400872,-122.42148299177629,37.778103289885095,-122.42143627667312,1.2437006818884797,328.8735514480387,36.440354855234155,5.821005215163531,42.134301065908076,14,-0.00038600917361217665
1300000259000,37.77810493713957,-122.42149168476921,37.7780603831712,-122.42149574477075,1.128676296389993,331.8802252841448,30.668712898168277,2.383561778082804,51.809480308154264,9,-0.00202049196771702
1300000260000,37.77811723018971,-122.42150315395044,37.77798900879561,-122.42146159249207,1.2159008802213644,321.3614773073554,37.80301249759382,5.734322547962831,46.316131602333115,11,-0.00717102777210116
1300000261000,37.778128567461984,-122.42151319661578,37.778089831234695,-122.42149978270358,1.7214169002332265,311.8488149458758,37.79219569490567,3.959764150253141,43.838827513757444,7,0.007523133055623901
1300000262000,37.77813845388183,-122.42152383400047,37.77821264519383,-122.4214966073847,1.2619310969243538,336.6321676485043,31.83902301425738,3.483250896594833,40.218797732439484,6,-0.03008739856961578
1300000263000,37.77815077248914,-122.42153635756665,37.77815646132098,-122.42146583729959,1.6258607762429056,323.7118954334606,31.617065960669066,2.840294210239366,40.84605530901076,13,-0.012096756534024613
1300000264000,37.778161034923436,-122.42154608479989,37.778204667915574,-122.42161934001662,1.5581596929593746,326.88128689046215,42.51463202869141,2.581639206397019,55.589793594854314,9,-0.014830690046272736
1300000265000,37.778172404232876,-122.42155906679723,37.77820274252924,-122.42148228073614,1.7029987394545307,325.1807038432126,39.32031167491029,5.280917105983299,45.51622217860749,6,0.011132251622996834
1300000266000,37.77818213860114,-122.42157141253954,37.77827219918821,-122.42162684660397,1.9058410487836286,313.6686947602742,34.09769766494377,4.149281335456621,49.098601938929406,6,-0.0007367470104838223
1300000267000,37.778194573744656,-122.42158280892892,37.778164324117085,-122.42156521035714,2.2038551092389036,316.596185771199,41.209857982114144,4.3906388760161565,59.990277530872206,8,0.0022784083023028767
1300000268000,37.77820323197148,-122.42159052446914,37.77819314031767,-122.42157585309087,1.0101717020021281,325.02177569731265,34.537293671712476,3.490017364264214,56.782971072163406,8,0.008607809248742672
1300000269000,37.778214160574024,-122.42159872690159,37.77825667399107,-122.42162976643071,1.067054045844524,315.2355168208135,31.73646279042555,3.562045937144426,59.28793096653976,14,0.0002300390884275452
1300000270000,37.77822429766692,-122.42160601537395,37.77819622944472,-122.42160965006491,0.9231275670844765,341.3630297589264,28.59745448522245,5.172303237089447,55.58973940995671,8,-0.00010070980231466338
1300000271000,37.77823472873289,-122.42161325708682,37.77821768910617,-122.42159771459438,2.286298710320059,352.5835009436645,30.723588351887823,2.375221954117204,52.02868700147,12,0.005663136641721208
1300000272000,37.77824580944866,-122.42162152876385,37.77827250465453,-122.42151323629477,0.7110608857483087,322.8429839756781,34.07856808382745,4.749866280995118,41.150988454650054,11,-0.004573984855940203
1300000273000,37.77825674077697,-122.42163295185988,37.778249657813326,-122.42159847531016,0.9261395435346723,311.39206807800343,33.5288903517965,5.4259677421379084,52.24023280759169,12,-0.0031472199556032638
1300000274000,37.77826350856283,-122.42164290597874,37.778249569187096,-122.42163729609872,0.9807138449333309,327.96121325107134,36.35277015785508,5.573641906960908,54.7259455531896,11,-0.005916610196207732
1300000275000,37.77827000244975,-122.42165366260525,37.77825305979855,-122.42158029183025,1.303145116634917,315.09522066133565,36.007889013426194,2.0158707976400363,56.18558354558909,8,0.003633759354241874
1300000276000,37.778278748131285,-122.42166601565515,37.77841845830987,-122.42165690184089,0.7561160131682078,316.0662315947111,28.735361058423152,2.5901914907796173,52.420626119242336,7,-0.017309250951492796
1300000277000,37.7782850296228,-122.42167577020386,37.7782148539405,-122.42160234362971,0.9091834252629617,306.08217242780177,32.72789234966717,5.672371633452012,41.06213928437623,12,0.00741553957429607
1300000278000,37.778293847709875,-122.42168751969012,37.7781817249928,-122.42167756925627,1.7284611308110844,324.47505422469686,32.5428665762657,5.267076491203327,56.57983624425943,12,0.009788953432829177
1300000279000,37.77830230281268,-122.42169772692137,37.7783041971502,-122.42164419209712,1.165579471421242,314.86138163411636,36.77469956446808,4.290176932200633,45.071473652383446,7,0.00445488205404543
1300000280000,37.778311083664086,-122.42170945374764,37.778400212786266,-122.42176176178037,0.7449999928468817,329.76126764872146,36.16101836753426,4.665833130867014,42.10382001556472,10,0.009996736980400878
1300000281000,37.77831954330775,-122.42172383551726,37.77839526042674,-122.42175712983075,2.157497173749811,296.3594525290168,35.541090479767554,4.7338305594492045,53.32781413086201,8,-0.00717272311930555
1300000282000,37.77832640696811,-122.42173377198945,37.77837138594889,-122.42166507855022,1.1160541801074595,308.1377315645472,33.2289614906194,3.9442177596758223,48.05767205256541,8,0.004500461391487049
1300000283000,37.778334729192,-122.42174704020931,37.778231565668364,-122.42167522737405,1.7142954250070672,310.7818934951511,38.10805901247483,5.6318980530215565,52.14639188044562,11,0.002097088105231076
1300000284000,37.778342721847935,-122.42176049319987,37.77839810193834,-122.4217431470341,1.5508853583854267,312.88177047244346,31.330264365772415,3.3213857571823895,56.49462898168493,12,-0.0013009764680712147
1300000285000,37.778349397671455,-122.42176880481871,37.77833016018751,-122.42170117444937,0.05610360551916094,322.5642285856505,29.590451989671575,2.99272342384,57.55432292649225,8,0.003683418965971548
1300000286000,37.778358835164035,-122.42178159245618,37.7783324146605,-122.42174508314709,1.0964837248358708,298.01400960664046,38.07734872855919,3.9590023244637957,44.415052920570844,11,0.01602192574415471
1300000287000,37.77836786958408,-122.42179258615182,37.77836850868253,-122.42180981543211,1.075176359590365,300.6020337937539,31.40198417315456,2.3141871914107366,41.141755618663495,6,0.01349205179062741
1300000288000,37.778374538041,-122.42180197059604,37.77838765977258,-122.42181236034824,1.0296391847489905,304.0632833655209,30.603421796122397,3.9820735692289975,48.64890064128597,9,0.005966399635522959
1300000289000,37.77838226968148,-122.42181323265365,37.77833675917332,-122.42178232369984,1.924906622421771,321.71285799710796,29.164200644939342,3.0267081057266614,47.6009385771466,10,-0.00286967681424746
1300000290000,37.77838926352868,-122.42182129256163,37.7784070475983,-122.42187908769807,0.41166228388802295,313.6352165173084,42.146322957820594,5.800590647109727,48.345729556122485,9,-0.02201406823591347
1300000291000,37.77839725987753,-122.42183318049537,37.778465401037565,-122.4218225082009,1.216278352162,311.6459762317371,36.15927291664884,5.96650751437978,50.15781380648778,12,-0.0064663565811792015
1300000292000,37.77840439484027,-122.42184343543474,37.77837167677104,-122.42178092170421,0.2665521869786317,323.2561684865452,43.81515056275439,5.101852917897689,55.11673679018633,11,-0.004141579205405722
1300000293000,37.77841056758155,-122.42185232218355,37.778369433654134,-122.42184409386515,0.9616477862301234,303.8517491845178,33.74906940147525,3.9284611439306016,49.68517291943839,14,0.00032257595459480324
1300000294000,37.77841844457885,-122.42186254923695,37.77849943947588,-122.42184718009162,1.2158933847595805,306.13999215073875,34.89744793609041,2.0986578037372845,48.5782356292588,14,0.002764803596944565
1300000295000,37.778424166967255,-122.42187239790675,37.77843599777971,-122.42182580960346,0.597115000712747,289.8123236698037,43.585663056369626,5.174313345331399,43.24739234918543,10,0.0005238993467833496
1300000296000,37.77842958530155,-122.42188000199752,37.77846293554211,-122.4218983228133,0.6040742452025052,314.9522777221066,43.5951950078187,2.831326148545083,58.849717724714495,12,0.009976919033299168
1300000297000,37.77843583208304,-122.42188747950388,37.77842707617292,-122.42189076653405,1.7703774189318615,310.2330783352035,39.16532886249246,5.5135508867252625,59.83216666814886,12,-0.004418748592644513
1300000298000,37.77844231668801,-122.42189793963333,37.77852374617269,-122.42195471820429,1.0207314096920799,307.9684150874189,31.75811063518884,4.34750416339553,46.697052770872816,11,0.011962384803459982
1300000299000,37.7784488771525,-122.42190808570554,37.77843948570343,-122.4218345490703,1.2175399317113413,309.43566194287047,31.705042244310157,3.0706737074503,59.45869168141655,10,0.008795981749732944
1300000300000,37.77845779414089,-122.42192156659951,37.77850978241297,-122.42194381104981,2.03064015795662,302.6913136588065,33.36263412408168,4.137490485158955,48.43927441880574,11,0.013394537066044295
1300000301000,37.77846574409462,-122.42193111184781,37.77850001730409,-122.4219333233145,1.3772657276401186,315.3128260661829,33.74857809181456,3.8825610159589012,59.34331428355125,12,-0.005127735749321118
1300000302000,37.77847067663849,-122.42193808113646,37.778468061334976,-122.42198523117511,0.6851132487641836,311.44870423023536,36.09823613671383,3.249215194841689,48.656306781204094,10,-0.005311194184931637
1300000303000,37.778477542332396,-122.42194982625111,37.77844174838963,-122.42184671882963,1.4207949647547766,317.84340431900415,37.679464400939395,2.794181171745531,48.21158165822196,13,0.00862692318422223
1300000304000,37.778483398776245,-122.42195934459474,37.77851823025244,-122.42199976502566,1.1705317264039967,302.4104268504552,41.04810181798091,4.611875791952423,54.674321981272286,6,-0.0074235589789090565
1300000305000,37.77848810897182,-122.42196883502002,37.7784850137701,-122.42188776945515,1.2341045848940129,291.2992756252181,37.98683466402939,4.238517123048762,59.111029471499336,11,0.009309553972450426
1300000306000,37.77849236707743,-122.4219756336589,37.77850018924656,-122.42204994737607,0.7197635635627403,305.64932789828305,34.04335767832672,5.763986447067846,59.37841068542272,11,-0.014290853276830972
1300000307000,37.77849602862925,-122.42198242740449,37.77849378137298,-122.42195366620301,1.5397544810279375,290.3903564147548,39.83442792282058,2.232154099397995,40.320378645741144,7,0.0008580876276036895
1300000308000,37.77850267406396,-122.42199293478605,37.77844135585599,-122.42191610688984,0.36381394003956535,309.7195244259078,40.071777787322155,4.889163097622218,42.70052800462477,8,-0.02649520579994672
1300000309000,37.77850783284425,-122.42200224641596,37.778470007327094,-122.42207218651271,-0.4840286820976669,315.56800207892684,33.61036137403549,2.012620623575203,48.60782455788986,13,0.016978729136711206
1300000310000,37.77851494802018,-122.42201262906153,37.77850221464039,-122.42197817564912,1.87663400548698,304.59377030608607,32.42438269964806,3.552273318416887,40.15924383573012,8,-0.004349122900574177
1300000311000,37.77852608489629,-122.4220268388113,37.77851456713185,-122.42210269289497,2.1955266070724435,308.7528694637816,38.50541690933535,5.251999778460647,57.620564614882866,14,-0.0038316226510705215
1300000312000,37.7785315683869,-122.42203434486292,37.77853158911002,-122.42205828156192,0.8034756097128704,307.7410881350504,39.91060680264532,2.543766299900313,42.02036682375799,10,-0.0006848571037570982
1300000313000,37.7785377807784,-122.42204166549554,37.7785442478278,-122.42207168886335,1.156738002147701,310.42324408832644,30.68069267999342,5.150609530169811,41.876148226664434,12,0.0074428873064580426
1300000314000,37.77854502848025,-122.422049332299,37.77861542127954,-122.42208494112198,2.240014996148206,315.2234513561322,41.38624916978655,5.988270027714435,42.22327094702457,12,0.005322425905749214
1300000315000,37.77855093255716,-122.42205675718158,37.77855128640907,-122.42207835253993,0.5858627075294542,318.08801343029427,42.13768626210229,2.170955760983798,57.61706313639921,14,0.02061283800091927
1300000316000,37.77855632228765,-122.42206310628544,37.7785667025781,-122.4220302025312,0.11418671615276266,313.7394194173114,34.60043782892384,4.777985847399015,51.700279746275186,13,0.0012410324038132094
1300000317000,37.77856326106877,-122.42207014231735,37.77855405646303,-122.42206404208846,0.2837880902638139,324.61034876608244,34.08123680291658,3.9668664360274937,42.52801644172816,8,-0.023649043805113207
1300000318000,37.77857004303829,-122.42207729712969,37.778532149710436,-122.42215486909112,0.5867302206508018,334.0190587265056,32.88196250215082,4.2785594592780605,47.66862070952348,7,0.003680788960159268
1300000319000,37.77857635097528,-122.42208250482301,37.778553549914754,-122.42214206052438,0.770978455765627,309.5864936177302,42.4103326297607,4.101803316235994,49.07342534549639,12,0.0012519338186058621
1300000320000,37.77858350748339,-122.42208743878649,37.77860482606232,-122.42213399260363,0.23651693325949086,332.81129488440325,38.524891582946964,2.7807445033254217,47.24556514508657,9,0.01762318363919886
1300000321000,37.77858832544129,-122.42209058853868,37.77858429457162,-122.42206864276164,0.19433872723723072,326.6477311753184,41.42565019528048,4.955146757260559,50.65912863056407,8,0.0032103569244659493
1300000322000,37.778599659046534,-122.42209671593062,37.778669746304054,-122.42205962886601,0.7757372582546239,346.7323004849795,42.018651821112904,2.1724640023278616,51.97682540937766,9,-0.0028407400365885248
1300000323000,37.77860686907361,-122.42210057151924,37.77864168254622,-122.42213710905763,0.8483093078149789,353.83906378881596,37.111805785959,4.9058503921950525,53.92097402338899,9,0.007346179354773922
1300000324000,37.77861418750521,-122.42210527180704,37.7786220048308,-122.42212042505878,0.8832908874064177,332.517776959482,33.79986377972843,3.0968247345024866,48.285555238498965,13,0.001568394687530926
1300000325000,37.77862158247719,-122.42210922452473,37.77857630709176,-122.4221647239721,1.0219347741718938,327.82960023012214,33.95636600621833,3.31337843494165,57.82302136422831,9,-0.021416143480426433
1300000326000,37.77862989652708,-122.42211334922477,37.778646453249934,-122.42213569956677,1.0818655039094722,339.05579929195,44.81642931594843,2.186408149100791,56.862096756668514,10,0.0005181881726675549
1300000327000,37.778635658098906,-122.42211620108169,37.77866269629121,-122.42212509984755,1.3410386032327732,332.7790749561073,36.0275206324593,5.111842049846127,51.158758749867516,8,0.012533953545717225
1300000328000,37.77864385762228,-122.42212034226397,37.77859660921929,-122.42198996460124,0.38112942585434706,347.50122482535176,33.648099992865056,4.1282407376168555,45.378868970191526,14,0.008536785038147759
1300000329000,37.77864951338408,-122.42212271817132,37.77864339055071,-122.42211289213047,-0.15114151073352544,344.9572389057237,44.812616152068976,5.486809357072904,46.09715185869267,10,-0.0028098900200464634
1300000330000,37.77865571926909,-122.42212462802772,37.77868489914004,-122.42207313016522,0.775746521131517,357.4525392349522,44.3333046859309,5.344116891141375,48.21756466313873,7,-0.0047896616678641795
1300000331000,37.77866212645985,-122.42212641824318,37.7787009302864,-122.4221372434619,0.57511413661796,348.8388805631983,31.610457178741107,4.773560828302638,49.64751684871725,6,-0.0073467516013664734
1300000332000,37.77867296414927,-122.42212831910597,37.778678864817465,-122.42218020920313,1.0018556940614773,342.5964450862846,36.29629524423808,4.136193941952982,58.43589705641129,12,0.00594673925422236
1300000333000,37.778676492747984,-122.42212919180916,37.778696038754724,-122.4221238667781,1.1060100756375126,357.5642763586431,41.760385354514334,2.76314160958646,53.23110037213457,14,-0.007996873410168427
1300000334000,37.778682856064286,-122.42212964025852,37.77861877472451,-122.4221062160418,0.6970324226173655,358.8546442807431,40.278941152425546,5.62076369250687,46.56778661397037,6,-0.013966721835096238
1300000335000,37.77869113215623,-122.42212929017596,37.77870822397648,-122.42206637001844,1.1662517706053623,1.1044515037863987,32.660171311425685,3.2979440806576146,41.51538200588538,12,-0.01727129054826189
1300000336000,37.77869957781662,-122.42212663303133,37.7786642727999,-122.42219170393034,1.705408216558105,16.37942698939921,44.04999451954826,2.4758105837789084,43.010814375458075,7,-0.0072770984266060865
1300000337000,37.77870716976122,-122.42212422493672,37.77870442413415,-122.42213161574288,0.40806081632167673,12.996222875035377,43.69519188217871,4.338499883868431,57.80356811274532,9,-0.0004555048954889956
1300000338000,37.778711900339694,-122.42212268822327,37.77875218220246,-122.42215693562389,0.2500670139925861,359.50877599270865,38.2491079246214,5.510188190768592,45.449123627843704,7,0.01659911265418765
1300000339000,37.778723155972706,-122.42212170728537,37.77866709483021,-122.4221252722137,1.1394411190827858,7.886781554522425,31.200639978011637,2.3704309114453967,41.61591465334836,7,-0.0024377183078615307
1300000340000,37.77873022762567,-122.4221216198351,37.77873700868194,-122.42208784658231,1.6283670836581967,8.417364812353192,31.95460876939781,5.163081430857886,45.10025677289276,13,-0.01466859124681518
1300000341000,37.778738809649376,-122.42212203395677,37.77871353812749,-122.4221623114589,-0.04678120734179125,2.5187121593689312,36.06680616839739,2.432573454139803,53.50542009987016,6,5.579666575088903e-06
1300000342000,37.778751870974666,-122.42212111429775,37.77880699865013,-122.42211179797961,2.0484074059173296,351.54231746511743,43.51690449148521,2.091674260218645,58.60648443771256,14,-0.006929865272245796
1300000343000,37.77875546148022,-122.42212038465318,37.7787834385552,-122.42206434178583,0.32521005700974853,6.897452741175014,34.66780399754115,2.2011718991456455,51.53891890024222,12,0.009924173866647972
1300000344000,37.77876286876489,-122.42211824974547,37.778791663641776,-122.42204048363595,1.3295452873386542,359.98309301886337,45.60128100748979,3.7598913677909995,41.88493056770898,8,0.0011469052375080878
1300000345000,37.778771092937035,-122.42211667008296,37.7787635427942,-122.42209195131947,-0.3913611909056971,8.36090032441902,31.385616769839444,5.187492629961527,48.11501487059987,12,-0.0007239005205136903
1300000346000,37.778779040017646,-122.42211528867857,37.77884872259314,-122.42212268377473,1.4525375283024409,4.094055130628216,42.204804339521885,2.5873560182637703,53.473641708636066,6,-0.0031716929777598213
1300000347000,37.77878488070258,-122.42211441615802,37.77884290333099,-122.4220396035728,0.8545836208939437,3.5981588805665217,38.31859745145663,4.024241432824334,46.398208784131754,13,0.004661208104953326
1300000348000,37.77879239652895,-122.42211241589726,37.778786205262556,-122.42210392864415,1.921439507251383,26.459496439289545,37.4680332358767,3.8871139152401275,52.41553167986395,6,-0.012721763863510796
1300000349000,37.77879863109227,-122.42211065797028,37.77880740478297,-122.42213775928968,1.2368266465609072,352.3765509693427,40.76747670877654,5.276008997293508,58.41479066690382,13,-0.009968279529362575
1300000350000,37.77880376103752,-122.4221086204416,37.77881017665797,-122.42211935704051,0.27406334535049903,25.238029347989432,46.08183385548821,5.816418233716944,58.512233917551086,8,0.014310706698215958
1300000351000,37.77880847210889,-122.4221069799314,37.77879186786787,-122.42204159320346,0.4686024908114448,18.827394836983206,31.414737673049718,2.5448416678209784,43.04275693771786,10,-0.0016444468722653907
1300000352000,37.778814722214676,-122.42210459005989,37.77889272304986,-122.42206636530987,0.7155954718730047,25.293997834862658,44.392309875830385,5.9765348469966195,57.05801660813682,12,0.002184965952678506
1300000353000,37.77882106375285,-122.42210243226017,37.778716950016666,-122.42208304314657,0.23134946817351837,14.84517002280267,45.34081957842705,4.318217446450978,43.669501026709156,14,-0.024001052175766258
1300000354000,37.77882323690607,-122.42210157215953,37.77870066765778,-122.42220398623077,-0.14901469115874427,15.543377671488058,32.24107237326874,5.355936575978481,45.501819484419244,13,0.005335849990701924
1300000355000,37.77883034066066,-122.42209730216408,37.778938100951606,-122.42212306409873,1.3871141574121437,38.178347719354605,36.829763181551044,2.455007855502085,53.74788072085043,7,0.0085705335990575
1300000356000,37.77883917916543,-122.42209387389214,37.77893771200047,-122.42205297304751,1.0377026499312796,27.32074675542215,42.6183982575658,5.189481178923914,43.50752962259661,6,-0.012253437250204557
1300000357000,37.778845516037734,-122.42209272783957,37.778880981956995,-122.42210986797197,0.43453454214467674,15.28349318795711,35.299883906565334,5.144696312597492,56.92171113722336,12,0.02622810211560045
1300000358000,37.778851960305964,-122.42209124879587,37.778861961646506,-122.42215112562197,-0.5906022454931463,9.905791958900714,38.377096794225736,5.949923250706632,43.43211875137672,8,-0.008978168242351136
1300000359000,37.778855381023526,-122.4220903654321,37.77894114137807,-122.42208577918977,0.9773678404494344,23.42581286003619,37.51178485812598,3.559507835638309,44.516100119761795,9,-0.004737388897558751
1300000360000,37.77885843699628,-122.42208967039497,37.77879072729798,-122.42209878309767,-0.9380813750736554,5.327559826902977,42.58758049076499,5.345732855353499,48.81919807857901,6,0.012820609199576291
1300000361000,37.77886542107839,-122.42208669218657,37.7788335552223,-122.42208806824837,1.2531397843220793,18.656852700496515,32.649176961378146,3.5583711163833818,51.552162620234036,12,-0.0025721246701956267
1300000362000,37.77886913318762,-122.42208543131784,37.77891934201205,-122.42208128365336,1.098357320781773,15.25858424180939,37.09599400654626,2.4387986928432523,50.953981845378266,7,-0.023622217470480815
1300000363000,37.778873663406216,-122.42208375572754,37.77892559676546,-122.42212049991744,0.12863146411619664,22.64875664275075,41.01147674419702,4.7656984423724245,42.74522966809612,7,0.016324220435784177
1300000364000,37.778881376815974,-122.42208269443776,37.779003062094105,-122.42212986557844,0.854518278182323,359.6132535636561,36.05253468613467,3.8499254276198167,40.002913207614874,6,0.0029369987759358678
1300000365000,37.77888200248461,-122.42208269946497,37.77890244884349,-122.42206259432056,0.2805853701225851,0.9414897847176462,43.56063033862151,2.191953466728616,57.86762415929364,9,0.004136489551731738
1300000366000,37.77888826307241,-122.4220818677524,37.77889279948831,-122.4221241119378,0.2261425999179409,27.565039071103605,39.42171911405562,4.008200065685517,56.499410804467615,9,0.004954855036304574
1300000367000,37.77889431694072,-122.42208229575603,37.77880078659638,-122.42211708612689,0.8611639843921401,2.220153556877108,37.56771172727981,4.122706448718936,54.651884092227355,10,-0.006417990455536697
1300000368000,37.77889456276897,-122.42208230689091,37.778903784344024,-122.42218868323029,0.604347331605561,358.36319034961764,31.87929261255134,3.975348304723807,43.357826676033504,10,0.03047480504525601
1300000369000,37.778901752712486,-122.42208143192187,37.778880529479906,-122.42206712562182,1.4249642989747606,8.986960899606888,44.540298406788075,2.832588563493574,51.587089248697524,11,-0.014472365638322071
1300000370000,37.7789073555534,-122.42208034399985,37.77882939562449,-122.42208339506259,0.05051463312810678,18.991011943893792,43.9218575354164,2.8432556005186007,51.04563360443238,10,-0.033824376191386465
1300000371000,37.77891236634484,-122.42207922698972,37.77883360237013,-122.42215874636912,0.07518754898122004,15.232509242128295,43.25308553641643,2.32737158886045,45.43512386956479,7,-0.00529484064350282
1300000372000,37.778916501773416,-122.42207775987511,37.77889319818771,-122.42208758039294,0.9445334150542279,5.914811667277128,32.9200600002942,5.249157501530895,54.71180714781599,11,0.022834893617412623
1300000373000,37.778920765841455,-122.42207694618078,37.77889332673586,-122.42202824441698,-0.35801359696107293,351.8025033843966,40.12995454180864,5.535173313337463,47.02716742743769,6,-0.0029152011950894195
1300000374000,37.778922015887545,-122.42207671021566,37.778935914580764,-122.42200930310972,-0.27239220761816224,12.599641415190245,35.96820739758853,4.008808891852482,43.9272838982461,12,-0.005834859418639062
1300000375000,37.77892316475951,-122.42207656197692,37.778929312428474,-122.42209750619773,-0.8629530918130244,357.388623455594,35.66608577755434,5.403772892772899,54.932736284298926,12,0.006736102624261675
1300000376000,37.778927316196906,-122.42207621497181,37.77896566731768,-122.42213370420642,0.7910623534225156,348.14411796015406,39.460117410816,4.500113704358247,47.24861426976835,10,-0.010685982891788855
1300000377000,37.778930767877874,-122.42207545657962,37.77900263459749,-122.4221144594518,1.3082868960984297,3.557426492827113,39.06514477370699,4.785548339954444,47.92453514235379,8,-0.01062217354279785
1300000378000,37.77893598104319,-122.42207441939775,37.778916848337595,-122.42202805043645,0.915368028855553,12.739338776720231,42.798455269829645,5.274931880111623,41.57674622267769,14,-0.030860777742469533
1300000379000,37.77894173747883,-122.42207215559012,37.77893337186883,-122.42204201792833,0.526032145090518,5.546207843743906,39.12715973068541,3.361565510774043,48.96261067806316,13,-0.0015295705890167217
1300000380000,37.778946122967035,-122.42206941756865,37.778956756633995,-122.42201879881075,1.4076239981788916,29.80721961493079,33.04829850006937,4.694304227721919,44.75703326872495,9,-0.009341332052030318
1300000381000,37.7789502242705,-122.42206613511081,37.77893481475572,-122.42207340988784,0.33627185604502174,26.810284655322853,42.357920848466556,5.573373523438891,42.41460569960426,14,0.00602649999405038
1300000382000,37.778950954579564,-122.42206538839204,37.778968891007715,-122.4220957419612,-0.850775132212267,24.01811649632011,40.34638124463107,2.781719259175958,50.13661116478956,11,-0.016047894161163572
1300000383000,37.77895256573298,-122.42206383125338,37.77893155553452,-122.42204160383704,0.3644357947047396,31.27944866813535,37.76966532850241,3.312389410601113,59.34334831918025,7,0.005600776530413603
1300000384000,37.77895812828354,-122.42205977026067,37.77892094964365,-122.42210369362557,1.4123395809834118,32.83251232939277,36.216772517077914,5.713236495762805,55.030272122606654,12,0.0024715358855259646
1300000385000,37.77896120991393,-122.42205777817097,37.778917462971656,-122.42196444439028,0.45635956383790427,18.144481765115508,34.730793870053965,2.78578645146029,57.35016869948467,10,0.0038886630916875613
1300000386000,37.77896491907657,-122.42205510131845,37.7789426006732,-122.42197673265557,0.448717522491658,42.175042654514584,46.00675987405918,2.9916109102008064,41.55477139974333,7,-0.005745077701264188
1300000387000,37.77896742918649,-122.42205340843512,37.77898435530639,-122.4220132632931,0.331464265488675,32.920720493614475,46.068420402822646,4.993696831772555,58.7487202113294,8,0.011368119282230986
1300000388000,37.778969944745526,-122.42205133779517,37.77894659121904,-122.42209156905297,0.08120540580517305,19.687690155264768,45.40767986464713,5.727269429849159,56.95654991584192,14,-0.0018759218664359451
1300000389000,37.77897545038823,-122.4220473109449,37.779009155087515,-122.42205464134317,0.5469608144713592,13.321462119606423,43.21234630404708,4.662653388692576,58.2191501982106,12,-0.002457357349510194
1300000390000,37.7789780814979,-122.42204556941681,37.77889365629083,-122.42206026387353,0.945833932878833,25.027095438914003,41.69300614217652,4.18395379018832,45.345990412842994,11,0.010788971687537374
1300000391000,37.77897951341467,-122.42204445529332,37.778849509955116,-122.42194108540073,-0.26015137635781255,42.558715270167916,46.474089135345416,5.458296554770759,41.66541010199348,12,0.013245619025306646
1300000392000,37.778981368346756,-122.42204246094701,37.77907739897243,-122.42206331407917,0.05386421433162902,32.91016940435994,43.31199738068676,3.250875803518951,48.05227920428068,10,0.004084223699635552
1300000393000,37.77898537697049,-122.42203870070288,37.779034729374956,-122.4220439800206,0.44362687726109595,33.04506384578897,33.92779531746447,2.6840726956544776,58.14014578629803,12,-0.009082864257183769
1300000394000,37.77898855519291,-122.42203610060918,37.779038439175906,-122.42211470683256,0.35399747457694675,33.38462413600964,33.33894281617178,3.152547447987426,56.78717625926481,14,0.013701889788365196
1300000395000,37.77899222789999,-122.42203280761825,37.77893594095447,-122.42194433153843,-0.02487553784707186,45.05822361130392,43.28254117152601,3.8199498762492907,51.61984207787686,12,0.005639448822748863
1300000396000,37.77899547291764,-122.42202855908657,37.7790538397819,-122.42208031169733,0.04234051317209353,43.74675287706499,39.689290569492385,4.791891905560281,51.043550469181525,12,0.006552087634196096
1300000397000,37.778996694215216,-122.42202699825054,37.77905965906041,-122.42205278670862,-0.03496439656563188,34.15961696555682,46.11464229871678,3.9273653649624554,49.68590290670189,12,0.0023939827992450957
1300000398000,37.7790004125547,-122.42202185089248,37.778999241901886,-122.4219900184973,0.9430925309815918,40.57075404752281,34.184693386107334,4.445612456696059,59.1861660685841,7,0.005696803184826325
1300000399000,37.77900366375289,-122.42201853874786,37.778988177887776,-122.4220897512533,0.4424271069086592,35.74460843883817,35.1184489306078,5.0743666033542265,57.758716800750996,10,-0.018782240464061004
1300000400000,37.77900684596541,-122.42201645268179,37.77905565792541,-122.42194239053666,0.4619398359025787,48.00473565074731,41.81178283814395,4.6461835937429,40.02291114105193,13,0.0016033404322040095
1300000401000,37.77900974221736,-122.42201476694672,37.77898957724703,-122.42201007125561,0.34982621814626624,27.52159449286665,44.24864872418923,3.731637379486813,57.07377066545589,12,-0.01032752158923338
1300000402000,37.77901093242634,-122.42201386757404,37.77904059936115,-122.42190539412415,-0.6418900239919929,42.61435885536342,41.5295414345738,3.2189388015688793,47.83084925071892,6,-0.00190168253904884
1300000403000,37.77901309862198,-122.42201223594496,37.77902899486021,-122.4220181409163,-0.04786576587983282,38.64285073339683,35.133138297978675,4.7012305062237605,53.35335948479529,12,0.005955625427945283
1300000404000,37.779013423297755,-122.42201200486322,37.77901775653137,-122.4219324013587,-0.6614962888242579,23.39480104835006,46.1728448854241,2.3258686176885024,53.97051314375962,7,0.008033736073443534
1300000405000,37.77901394098626,-122.42201166219661,37.77890610397612,-122.42199945977,0.24515662653442838,39.189110290263265,44.79112017981625,3.377623230027438,48.171235954723,8,-0.0038174981317028794
1300000406000,37.77901460625942,-122.42201109249683,37.778936013763015,-122.42206316901127,0.2554015421589462,25.217346723730824,34.50075775894888,5.826849999664267,54.69280592622285,13,0.0046236653040050675
1300000407000,37.779014962895644,-122.42201083459514,37.77909613258047,-122.4220724615192,0.13437675945360217,35.46202670890007,32.6739428072629,5.720578910412685,59.155899493972896,13,0.005622440643363467
1300000408000,37.77901917926951,-122.422007573446,37.77899870069644,-122.42204485799587,0.35880354549517285,23.210746468473552,33.22799762077975,5.386685083138934,44.695453762784,10,-0.019576177590894608
1300000409000,37.77902350658209,-122.42200346305665,37.77899077804503,-122.42206711429986,-0.42183007102794223,27.069638431063858,45.113553277913454,2.8245763663613594,43.3352596626521,14,-0.002124888623864279
1300000410000,37.77902582300926,-122.42200089059023,37.779025324283126,-122.42201527366024,0.6131848893926333,37.12437264876837,42.73075684260446,4.410233895688948,54.769102321734024,14,0.0005323350590928075
1300000411000,37.779026840312426,-122.42200004178943,37.77901733319372,-122.42207499557377,-0.1732706325018672,41.119863619092186,33.50990864743828,4.9052989373355285,44.13489351218524,10,0.017872125020069227
1300000412000,37.779031090738215,-122.42199688142566,37.77903241365756,-122.42198557806451,0.32849305918771443,13.133306242591903,44.05039481450964,4.27216020168896,41.60543679068559,7,0.01093527423055295
1300000413000,37.779032873874804,-122.42199528248524,37.77902387885221,-122.4219337995063,0.6410561832308244,40.689172041025614,37.63792929973399,3.011136640616998,49.291112534043734,7,-0.006834817266585652
1300000414000,37.77903400613291,-122.42199427852412,37.779046089875216,-122.4220135692349,0.11442793104763052,28.074722319281282,33.013551256559275,2.0607886581973585,57.29598523116006,10,-0.00020904780123033497
1300000415000,37.77903400613291,-122.42199427852412,37.77907194451364,-122.42203985606642,0.3485322320035063,56.11661797142703,42.20675197481287,5.777297532834774,54.8562478659861,10,-0.002557629541723226
1300000416000,37.779036459500944,-122.42199246727188,37.779042340377856,-122.4220031537805,-0.21190872824961315,19.239804558918294,45.59641360797907,2.3829576406115542,43.09856738647996,11,-0.0003221772229689998
1300000417000,37.77903857594975,-122.4219904882857,37.779046733673,-122.4220135838575,0.013655703923876605,26.664833326579362,38.03724645399906,5.00919054390229,43.664954417426195,11,-0.004546183619274461
1300000418000,37.77903857594975,-122.4219904882857,37.779044647073576,-122.42200142436363,0.7229597871005179,51.48726525076062,35.810746226621056,5.146659349783365,49.18837266130817,11,-0.006292889851908892
1300000419000,37.779041439465374,-122.42198734714455,37.77905839622626,-122.42212400193593,0.3064608148923704,33.29683841897787,32.289396502176245,5.602156959021896,55.48109630615073,14,-0.018742160537219846
1300000420000,37.779042693583996,-122.42198577924725,37.779048269117915,-122.4219705218805,0.2425303172600321,38.094103858443994,46.42621518259404,4.3933072553342285,42.8562598883635,9,-0.008476565191269684
1300000421000,37.77904344298859,-122.42198505110869,37.77898539664232,-122.42205133250516,-0.3754288612465838,42.85649681458207,37.221182570332175,2.0500839237225588,45.699010525706,8,-0.00020890918482184328
1300000422000,37.779043493571244,-122.4219850050281,37.77895712117236,-122.42207088827158,-0.5577739560542525,16.48659157634581,40.01838383801985,4.971114170585087,57.316587628388376,9,0.00933409190571859
1300000423000,37.77904361364252,-122.42198486542365,37.77904246973165,-122.42191764278135,0.41537228151938,47.51153730353152,33.74992494749141,3.432589485949949,41.24066720914565,14,0.013976117705052036
1300000424000,37.779045585561526,-122.42198258262232,37.77895059777843,-122.42191490378629,0.8843957815040497,44.18746235498832,34.41473487372602,4.3864612947090444,51.20085654037008,12,0.007560239240590423
1300000425000,37.779045585561526,-122.42198258262232,37.77903688457828,-122.42198040598547,0.41471577532786874,46.20395581873844,34.89838655610747,4.317961215052412,45.331916873497995,9,-0.006076855167259503
1300000426000,37.779048110893854,-122.42198030445971,37.77911768006654,-122.4220180116984,0.05978825371320712,35.60774811014541,34.51335300530368,4.3350307960772065,43.04288977537197,7,-0.0049401920739968325
1300000427000,37.779048110893854,-122.42198030445971,37.77906359953324,-122.421971891927,0.054336130820971856,44.23931535275648,37.99174911599873,4.668792556360907,48.39670465623135,14,-0.0022186789982309592
1300000428000,37.779049638013916,-122.42197853509545,37.779108218535406,-122.42194599706194,0.030436965893034268,49.115501519349515,46.13008215882647,2.4919777466835593,48.791044555862484,9,-0.00024783092512491763
1300000429000,37.77905297467409,-122.42197539105811,37.77902452448241,-122.42194510917662,0.8055237190744842,45.32312601640422,42.61897706955338,3.4250980322064595,45.15606121111611,13,0.0040102958990398405
1300000430000,37.77905319474845,-122.42197511832977,37.779093275997724,-122.42193451184859,0.6245416265199621,54.591493127315054,40.64165777701997,2.0416747166550255,44.85317640769395,12,-0.0020995268796705695
1300000431000,37.77905409277098,-122.42197403405135,37.77909535365266,-122.42188617526506,-0.2667374382535618,31.72150137751072,44.95871274809784,3.764201564406231,40.16160965416201,7,0.016346034132338844
1300000432000,37.77905587946443,-122.42197199102395,37.779099425058526,-122.42203036314211,-0.16051538625202538,38.61459995055755,40.77722089495638,5.1654881378237665,53.10953790645577,9,0.010749133207410068
1300000433000,37.77905785131694,-122.42197026533796,37.779026378282424,-122.42201740649129,0.24992803787480045,32.69830500546827,35.703245183770825,4.660256335778502,51.292356218369434,10,-0.007803043547738086
1300000434000,37.77906016919585,-122.42196808000672,37.77909992146613,-122.42200514178276,-0.2682131051142136,33.39595820147219,39.264464603215245,2.1613020697153833,46.012390740072476,9,-0.006348883870304234
1300000435000,37.779060784619894,-122.42196753521495,37.77910484346422,-122.42207720222069,0.5901694513260457,41.36959515444804,35.236114743485786,2.3507490989528335,42.480015524916816,12,-0.00615233550351462
1300000436000,37.779060784619894,-122.42196753521495,37.779072227172556,-122.4219773822519,-0.15868299467240599,41.83673838677324,42.66312078147595,2.1437338229884286,50.2845497887118,7,0.009498234528588395
1300000437000,37.779060784619894,-122.42196753521495,37.77908440256289,-122.42197342254582,0.0531678615325491,45.49958860525877,32.05734047574911,2.2610978026984587,49.20090200516052,11,0.00200138822865646
1300000438000,37.779060784619894,-122.42196753521495,37.779016284877684,-122.4219491479269,0.3172934401376558,70.44820642264015,40.73076334130373,3.655034927059178,49.81277908140227,14,-0.005263258434150561
1300000439000,37.77906126663239,-122.42196552656513,37.779118598465494,-122.42202311704307,0.687284779394146,70.67915227556973,44.34616993474706,2.739530064528421,52.0242702642547,13,-0.008058626119136917
1300000440000,37.77906126663239,-122.42196552656513,37.778966497759455,-122.42195340735441,0.5211169183090689,83.09692916163036,34.404170293095646,4.864185702385853,50.82721520115564,14,0.010469522010292338
1300000441000,37.779061745218605,-122.42196419638111,37.77905412532939,-122.4220089566436,1.0113123405756694,79.27018216416745,45.80194534182331,4.685829019617117,54.324102980558735,9,0.0032260333164093715
1300000442000,37.77906272397267,-122.42195973335133,37.77910206913327,-122.42195078967056,-0.25314149640066796,77.81598130455804,41.576648384599764,4.187203531901057,48.47695785896501,13,0.0011668168060310136
1300000443000,37.779062908405514,-122.4219585132373,37.77918076188497,-122.42196410012724,0.5735540399062939,67.81095175672127,32.674030643751856,5.094826615789762,44.199144073414196,13,0.009418266842634606
1300000444000,37.779062915445635,-122.42195681641172,37.77893920971827,-122.42193099476751,0.06698564102152897,90.70724872349116,45.33134879578644,4.040455585549864,56.757434472832855,10,-0.013817039469252286
1300000445000,37.77906296962428,-122.42195377727313,37.779037526352724,-122.42186005740743,-0.12600397680594622,68.10108282575672,32.470373126066676,2.20513443697366,54.68271965679745,9,-0.00275420469370164
1300000446000,37.77906296962428,-122.42195377727313,37.77902120327402,-122.42200577537484,-0.4206322204887298,98.93399811382594,44.05021321506338,5.1998319909792645,59.808360997687075,8,0.006587382825968954
1300000447000,37.77906297339928,-122.42195351153967,37.77909255873901,-122.42191047833349,1.209240887015191,88.5612198838199,41.43082330860971,2.9018786592143115,55.81780061478444,8,-0.011658597086196338
1300000448000,37.7790629761316,-122.42195213574601,37.77900191090629,-122.42200958451248,-0.5111164837998314,81.43807878181042,39.23628808405557,5.07326908741219,41.319523593867764,12,-0.005008330567106905
1300000449000,37.77906298142649,-122.42195036918592,37.77909096739604,-122.42204203319982,0.8486816208457968,77.5011024011069,41.594830035630615,3.1453749441186454,55.01590329415909,7,0.006715875111112738
1300000450000,37.77906292919664,-122.4219493121619,37.7791174537755,-122.42191424612446,0.7172348349213977,95.14582628284458,34.36096934382317,4.875520385662348,47.748279992662034,14,0.010270636783828864
1300000451000,37.77906292919664,-122.4219493121619,37.77905552879549,-122.42193330536199,-0.5829502486401071,80.04341799800761,40.12067131249936,4.859948686641786,55.65957989852754,10,0.006949701175889289
1300000452000,37.779063006066266,-122.42194775695573,37.77916742134123,-122.42197345672895,0.28893694629100697,92.06188312411659,31.103241259350227,2.06774573729658,52.04494936665924,9,0.010310189000803851
1300000453000,37.779062903994365,-122.421946029505,37.779022815549396,-122.4218912436399,-0.22601564342828803,89.28643293312986,42.537219724994046,5.645624424680172,56.742072992679155,10,0.0033358413783213586
1300000454000,37.779062751473504,-122.42194259697592,37.779130843160814,-122.42189046526083,1.109867483481518,96.0629207415543,45.302188632364015,4.343026210632313,50.54535093875671,11,-0.011015420302242831
1300000455000,37.779062751473504,-122.42194259697592,37.77897860211421,-122.42198254560539,-0.07398378252560778,108.44035793701744,42.64960586101826,5.461986911131675,48.53962252156988,12,-0.016726310845911214
1300000456000,37.77906265495926,-122.42193732554843,37.77905217136805,-122.421897956806,1.000481738866988,102.01242677296908,41.6141500216764,5.878044089005141,58.79828279161616,7,0.0007406147410308315
1300000457000,37.77906265495926,-122.42193732554843,37.77896697989743,-122.42194260395995,0.03698215091520261,96.76805527482043,44.16547248460573,5.379227891085748,54.364938104177895,13,0.0032776968945863144
1300000458000,37.77906255331266,-122.42193567356968,37.779023175339994,-122.42190066711025,-0.38976153940424996,96.8867842844091,32.71014240597379,4.062832959717699,42.79820772200931,13,-0.003727508775730205
1300000459000,37.77906255331266,-122.42193567356968,37.77902885907034,-122.4219274932472,0.07685047188763051,88.99162825179774,42.11088284881299,4.578572623941594,40.61371241789337,13,0.0018620536642047394
1300000460000,37.77906255331266,-122.42193567356968,37.779010016347705,-122.42193464812006,-0.09267269778944844,104.09856240600118,37.87691361362237,4.062263751585652,49.374881711872035,11,0.0026058030984652154
1300000461000,37.77906255331266,-122.42193567356968,37.77906195158574,-122.42189530881193,-1.0967069397906424,109.98215453441986,32.12468320573057,3.0491177348815204,56.132664668974925,13,0.018626758893252274
1300000462000,37.77906227082421,-122.4219323331955,37.77899730476975,-122.42196501492671,0.029769060533637703,93.97823700337618,35.40104314482206,3.2794755247768066,43.07994143616606,11,0.0007078116836168472
1300000463000,37.77906227082421,-122.4219323331955,37.77895421620942,-122.42182623024141,0.1344420857058236,87.41524885996338,30.81243781657554,2.1880746767841375,44.25890002631719,6,-0.021108139650857942
1300000464000,37.77906228173535,-122.42193212647105,37.779051225316095,-122.4219768172119,0.3233171137449963,111.5085516101263,37.82722908122866,3.5939929185757182,51.015789524234826,6,-0.006218534348453406
1300000465000,37.77906228173535,-122.42193212647105,37.7790275075517,-122.42185271121792,-0.2144352019397239,83.60839546270442,33.487276545722956,2.871404726059016,51.13301041782009,9,0.004231096795731624
1300000466000,37.77906237778632,-122.42193107485768,37.77905697908929,-122.42183448403415,-0.4918311983276059,73.02867175197048,38.97799569084278,4.300453009267894,50.953635941063965,14,0.0021733348301930413
1300000467000,37.77906251872862,-122.42192994908207,37.779019439296874,-122.42192390864716,0.6028788957682502,67.64405784097048,34.22644043602443,3.2889418775073347,50.28371174186297,14,-0.007314818273013259
1300000468000,37.77906263027185,-122.42192893811297,37.77902363308424,-122.42194772944471,-0.17825618367540427,79.00361381252439,38.13952477173064,4.871723053326632,41.258418309108386,7,-0.007883370346146388
1300000469000,37.77906263027185,-122.42192893811297,37.77904655758672,-122.42192828461954,0.3162449769347312,61.6111885338357,36.64769049485194,2.0243379114589115,59.07834367026255,14,-0.0013439391752931298
1300000470000,37.77906263027185,-122.42192893811297,37.77915484748083,-122.42192128481706,-0.7667395228776155,84.57183663822626,33.14336228740459,2.125175354337077,46.82499713044535,8,0.0048670171951736
1300000471000,37.77906282167502,-122.42192791324568,37.77917442942447,-122.4218665721328,0.2877721143541959,79.66005036525216,43.10616437406861,3.5042638460876443,59.92297126168306,10,-0.016478499310694394
1300000472000,37.77906282167502,-122.42192791324568,37.77901833977367,-122.42191765410512,-0.9504335967212841,49.813404055879886,43.08606046538582,3.146387524750553,57.05090581151455,10,0.008052513583422738
1300000473000,37.779062855792844,-122.4219278288524,37.778975306778655,-122.42193549842386,0.7395043681596497,69.98040832450565,39.32515562249348,4.908854146785318,54.9629687002096,13,0.010267293057684142
1300000474000,37.779062855792844,-122.4219278288524,37.77905451267848,-122.42190572393125,-0.41584130133224906,66.0682630195823,38.082113955054886,2.428224944181019,52.399619741884806,6,0.0007423632126658831
1300000475000,37.7790641801395,-122.42192550698921,37.77908525959795,-122.42191437471709,1.5233377679885973,46.63673883386263,34.191250643348106,4.439644249255954,46.84765409509423,7,0.00027361826914692555
1300000476000,37.7790641801395,-122.42192550698921,37.779100766590695,-122.42192130664408,0.3142202009649508,73.80859991596972,42.36568777989117,4.962383833132684,55.681430623748874,9,0.014169248386263664
1300000477000,37.7790641801395,-122.42192550698921,37.77897924515608,-122.42197983854788,-0.23671352280778918,58.79759985025891,38.03313955925682,2.3530993233135415,47.28687512505868,10,0.019043926126758422
1300000478000,37.7790641801395,-122.42192550698921,37.779140376565095,-122.4219700426252,-0.7970511675924672,56.13226835965015,42.083164411695364,3.2827503136114045,52.65119746160002,9,-0.003838944387269364
1300000479000,37.7790641801395,-122.42192550698921,37.77899478036367,-122.42197863830904,-0.05507674580822011,68.1811441592729,30.82375283692999,5.299114160028863,53.97937233882651,6,0.005245365573177121
1300000480000,37.779064493949974,-122.42192507734474,37.77903640312991,-122.42193775941554,0.30128511555127513,67.20090005625767,35.95051169053718,5.43532214808082,40.49398227910492,13,0.0026509128422505
1300000481000,37.77906471195042,-122.42192478143785,37.77912987961537,-122.42186034699704,0.7520279689358079,59.90169882305217,35.22010075575939,5.009538305795491,55.25751034998053,8,-0.003235317264708961
1300000482000,37.77906590989712,-122.42192302874962,37.77906030244301,-122.42191413375974,-0.4353546892065453,43.907130626329966,30.034652888809994,5.356923088355483,41.768114509684224,6,-0.008705883619725322
1300000483000,37.77906732908507,-122.4219208597872,37.77913589062476,-122.42204490315483,0.8774332079356532,41.010208459085504,29.945962787437928,3.191983975550497,49.804661669913045,11,-0.015474305650506913
1300000484000,37.77906875858754,-122.42191898276266,37.77902448932849,-122.42191382898591,-0.5237209620614531,38.168088772985655,34.86266489119858,5.179416227950375,41.75185661363026,8,0.006036111005207724
1300000485000,37.77906875858754,-122.42191898276266,37.77907886403148,-122.42186809851384,0.32213141537959006,46.186541509385776,34.82460761859468,4.0838328740830185,44.12117820191605,10,0.0007148291475084623
1300000486000,37.77906875858754,-122.42191898276266,37.77901267596449,-122.42189908650512,0.9131823887324602,37.9148147020521,33.44383640368734,2.7931936956736414,54.96516485025089,10,-0.011413797375714818
1300000487000,37.77907036236484,-122.42191791154632,37.779034298477185,-122.42190162461657,0.4639808012320146,16.10230852398236,40.04805168616615,2.1517540488645794,46.314319290957336,14,0.0014351147232172018
1300000488000,37.77907105572715,-122.42191755109714,37.77919718438084,-122.42188548490644,0.01360397692904168,38.8920616776728,31.297007562484964,5.184280996990337,48.80261403930713,8,-0.006295248999261113
1300000489000,37.77907105572715,-122.42191755109714,37.779026210138554,-122.42196243996156,0.20193922530400776,29.97439263155276,32.66948234275103,4.658365393730755,47.591028506767,9,-0.0007654277212047424
1300000490000,37.77907105572715,-122.42191755109714,37.77904987985193,-122.42197715918952,0.018875728022340384,44.7335527169447,29.68200759579377,2.5921945837783467,52.91082109793725,14,-0.0010585885991887486
1300000491000,37.77907106577958,-122.42191754090351,37.779077255796054,-122.42188083969363,-0.3259398862118127,43.557674800619104,29.289655871119745,2.642760040295712,53.10733196435805,12,-0.014466910191890923
1300000492000,37.77907121369172,-122.42191735801592,37.77899507815458,-122.42188794593909,0.02102584645090234,47.24683132537139,40.58772233644283,2.3824000482107843,52.96704514929331,11,-0.0064856182841056195
1300000493000,37.77907295614101,-122.42191554737317,37.779003582492564,-122.42193300294382,0.729520652139044,42.05339513352349,33.671996153114826,2.875278330661172,48.79246915570611,12,0.0001322186174920729
1300000494000,37.7790729965919,-122.4219155172433,37.77909609368677,-122.42196005877484,1.047751581549984,24.27182743226629,39.63205568278694,3.2227186280038547,49.604626721339955,10,0.014305149841638377
1300000495000,37.77907316490559,-122.42191541174618,37.77903924169411,-122.42194053655761,0.20807824409792908,23.2105874584258,31.147433044028723,4.596010760665228,40.12965326341495,9,0.0036425264179014783
1300000496000,37.77907316490559,-122.42191541174618,37.77907890252314,-122.42188285683635,0.3160064327692465,29.663372293139485,38.62642679652093,3.3523596940894818,59.3774010432534,14,0.013517880153948137
1300000497000,37.77907639489474,-122.42191390224333,37.77909258901731,-122.4219974210855,-0.8618709263356413,5.058770283161641,43.061674723645545,2.5466929563597103,53.33871524886619,10,0.013447994566432163
1300000498000,37.77907639489474,-122.42191390224333,37.77907025444673,-122.42200555180968,-0.3239611740363756,5.804308786470365,37.31671128822732,5.40024948959987,56.158262679756824,11,0.007358057234256083
1300000499000,37.77907921267361,-122.42191201253172,37.77909931643087,-122.42192539393464,-0.11086740732482259,23.49938651333238,39.94254144432755,4.674117185357227,40.03489830764211,8,0.007414743640536935
1300000500000,37.77908171439435,-122.42190994832406,37.77911925235911,-122.42189070449099,0.7532001964525425,31.65216396146724,42.74407418246311,5.116131650293488,55.93524720505687,9,-0.012427915281511775
1300000501000,37.77908171439435,-122.42190994832406,37.779069757166035,-122.42193147240418,-0.39745770828640076,21.814837890771948,39.94022439097162,4.856853614321442,40.973673561694426,6,-0.003946131741714686
1300000502000,37.77908171439435,-122.42190994832406,37.77904253400473,-122.42193562748433,-0.19979787379893477,24.150601670351698,42.666401129181665,4.240382229149707,46.99821077008461,11,0.0016485154101597414
1300000503000,37.77908171439435,-122.42190994832406,37.779062579236445,-122.42189029207702,0.8699156811918716,29.85168702421073,35.605070735462505,4.2218059158597825,46.956039839289815,9,0.011895046519831703
1300000504000,37.77908331998249,-122.42190892648497,37.77905132450254,-122.4218453815291,0.31817072186514544,20.472295947853034,35.74004217400464,3.867417360684659,46.47771397714727,8,-0.002594691268237301
1300000505000,37.779086299882394,-122.42190746388893,37.779129116718195,-122.4218929856128,1.7070049742431153,14.970025794747098,34.55369969606714,5.00068821994439,49.16770017484171,9,0.008554831479926769
1300000506000,37.779086299882394,-122.42190746388893,37.779095482732046,-122.42192420488661,0.3373347404390599,16.020427805512824,35.704032793228606,4.407108635596389,42.782382828890334,10,-0.010946022814741727
1300000507000,37.77908670952211,-122.42190733334844,37.77907160666545,-122.4220001004657,0.04445779466086696,25.6722395951415,31.323708455050795,5.7319691623295554,41.37184305742841,9,0.011648385132925362
1300000508000,37.77908908706613,-122.42190606185476,37.77908387288864,-122.42191952727204,0.2595503531608232,43.76497258473333,43.426476523713646,2.5619070629676264,46.39532524994675,14,-0.0028866969402616674
1300000509000,37.77909320788699,-122.42190387389286,37.77910569954408,-122.42188787662941,0.5160582132093755,20.41805933184877,32.56006278557835,5.038854407687074,47.54064694346927,13,-0.007935397747075728
1300000510000,37.779093383905526,-122.42190376473216,37.779076176478966,-122.42188647065068,-0.12804655095986514,12.163727772285103,36.72099501753132,3.545361234508775,42.750742571997975,12,0.0003761455610663094
1300000511000,37.77909546015438,-122.42190252739184,37.77907375697512,-122.42187001825353,0.6779911502997804,17.515097954549105,28.819127964301426,4.486751055321523,47.52903091745403,10,0.013619144866565425
1300000512000,37.77909561106236,-122.42190241611586,37.779141873159645,-122.4218837245331,0.3532222111556273,33.52797623797374,38.859944739707416,3.4148037796477126,54.04448570515472,11,-0.01395319032874144
1300000513000,37.77910031295896,-122.42189871331159,37.77905804461824,-122.42188885020512,0.8000235262521308,22.588485104820776,37.4566354212813,4.547401994827651,44.04944159203731,14,-0.001312556578586887
1300000514000,37.77910031295896,-122.42189871331159,37.779156602456645,-122.42192650042115,0.37911425266953397,51.81114795900535,38.29908913303137,4.5540058753839805,40.76127946546766,8,-0.004305959036414031
1300000515000,37.779101682531405,-122.42189740420989,37.77916166358738,-122.42182837998702,-0.4110830982774501,25.850301008341976,41.82273045433392,2.164855241603619,44.69668386380165,12,-0.007347027511641537
1300000516000,37.779103427260594,-122.42189528111155,37.779070114172335,-122.42186460154939,-0.17754048779141363,50.64859466871745,42.218941468604825,3.3562643675991013,47.08629855518369,7,0.012504189380449683
1300000517000,37.7791057203039,-122.42189292128043,37.779057391098334,-122.42189848240987,0.31256388435839616,50.874969764773816,34.34180228195404,5.813738554556336,54.287004302582865,9,-0.011138133107065738
1300000518000,37.7791057203039,-122.42189292128043,37.779073187754065,-122.42191053927002,-0.7284768660425132,25.684523415530492,31.714571873356494,4.962948604379305,50.39417828788831,13,0.01891494423299996
1300000519000,37.77910774539727,-122.42189027848612,37.77918297986141,-122.42204365186072,0.6340084313612,61.64599929743955,36.18882710326713,4.364316279275808,43.573664936782826,12,0.006668202815892556
1300000520000,37.77910839050142,-122.42188934598067,37.77913400348,-122.42189726987152,0.2006403382039706,55.58427949909019,42.834550751190974,4.015754329797015,42.647847763946764,13,0.005314742922666007
1300000521000,37.77911136789733,-122.42188422767562,37.77908205703299,-122.42196360699276,0.3595325114633199,57.86832846811291,29.11748969855986,2.516268364600039,50.28244295513659,13,-0.011446431752971598
1300000522000,37.77911218818937,-122.4218828503986,37.779097099077724,-122.42184539790756,0.3421362350658587,39.55151745408459,32.86260722383938,4.008799573761918,48.34511582893527,13,0.008470588442039047
1300000523000,37.779112257258966,-122.42188276467269,37.77911592232459,-122.42198059208604,0.19261430492071335,48.6446205418666,32.677497310637165,3.016530223917342,51.30954285634399,8,-0.003559998863111614
1300000524000,37.77911408915462,-122.42188056463277,37.77912803414203,-122.42182955166686,-0.24382976219136038,41.43874486504079,37.89314311815866,5.799741699302529,53.89478098811072,12,0.01832811043120781
1300000525000,37.77911484483628,-122.42187967589597,37.77915436252851,-122.42188828125639,0.5280018688180379,52.899563860569515,39.64351368547664,4.895859403997825,54.10275884360952,6,-0.01082577817365884
1300000526000,37.77911839980724,-122.42187565700877,37.779094414451095,-122.42176921581837,0.34970887196692163,31.19205940996296,39.82431000380225,5.708963129414808,46.88378952806251,14,0.01553266213994055
1300000527000,37.77911952684584,-122.4218740227695,37.77915191891639,-122.42189805811738,0.16097070770847352,45.8090127450004,28.71108129214252,5.423587062935747,49.44014524909974,10,0.014346286135798057
1300000528000,37.779120662766836,-122.42187207122903,37.77906307247177,-122.4219263742121,0.5489046596856114,58.96185014748522,38.97348723073542,5.136566798762008,47.86437101139027,13,0.01650840159833876
1300000529000,37.77912187908703,-122.4218700233401,37.77915773703407,-122.42191205467468,0.6376534529964597,57.678324925270246,32.309666694648094,2.46254831693442,55.082072250944165,6,0.0011663692663877105
1300000530000,37.77912244256648,-122.42186904442028,37.77923007442203,-122.42182754646014,1.044582618948628,61.527532562006925,40.80409897767774,5.2177240390891715,43.17265971059564,13,-0.017578733968917987
1300000531000,37.77912348884496,-122.4218671772764,37.77919472488765,-122.42185899003681,-0.1619855742746731,58.53334470948414,30.96267706121483,5.878898728577857,58.046509227464455,13,-0.002210106033808526
1300000532000,37.77912579897485,-122.42186221583077,37.77904321696993,-122.42181118555484,-0.5529689009908159,53.582597972121754,40.69239867102348,5.995970298556582,54.15418920837372,13,-0.003382823633039729
1300000533000,37.77912734649063,-122.42185790700965,37.77916726326652,-122.42191950151063,-1.2425154156226226,48.91650262879325,34.6825084761858,5.986233445829132,59.667134147123946,7,-0.007606144358700634
1300000534000,37.77912766078677,-122.42185706871304,37.77911320076627,-122.42186943154496,0.1563192091685518,55.8976533738953,37.7097109608299,5.647767872501309,41.331977330077336,8,0.007037070354060121
1300000535000,37.77912917344811,-122.42185355334762,37.77908899552776,-122.42196309281364,0.49055056507424544,66.76815387338665,40.613178613995906,5.131284494493351,49.51024181112392,13,-0.014212046773212347
1300000536000,37.77912917344811,-122.42185355334762,37.779068835763944,-122.42192933904731,0.21551746780181988,65.21150175131932,38.24307467042392,5.602571852782608,50.31812545426173,9,0.007512388783652299
1300000537000,37.77912917344811,-122.42185355334762,37.779226953683505,-122.4217819274645,-0.08534129398339706,55.44284100793485,40.39959684583759,3.9453110268234544,49.80335324892371,7,0.0012737660796394328
1300000538000,37.77912959970568,-122.42185258427578,37.77914880902276,-122.42186445608533,1.1081243806618548,68.62744694453878,33.63663189524657,2.381080285119732,55.040030638978216,11,-0.00019324430050717003
1300000539000,37.7791308916617,-122.42184864292317,37.779135056923195,-122.42183141447545,0.03132992412782104,54.94917134293912,34.80633468045324,4.771543757205427,52.216790636023305,7,0.018327016696683154
1300000540000,37.7791308916617,-122.42184864292317,37.7790178910369,-122.42185286546746,0.42014543560386325,54.70139003146734,37.92393747544721,5.505980339297279,58.95225838567407,6,0.0014933827827835395
1300000541000,37.77913217572564,-122.42184458983272,37.77908843389249,-122.4218723712773,-0.04166966083105106,60.62834816613254,41.380778802435934,2.5372655035012817,59.74136658465776,7,-0.0007567825043894698
1300000542000,37.779132547587274,-122.42184349709046,37.7790568525743,-122.42179210382633,-0.7554421459524312,66.51090819605676,38.24343850220624,2.0054958958245965,49.65325667653214,9,-0.00035533697309568415
1300000543000,37.779133154690605,-122.42184161856564,37.779167539035015,-122.42185072538392,-0.3492326890297624,55.776320023506244,32.559398902800524,2.312187703717548,54.2681568347787,12,-0.01644606922643825
1300000544000,37.77913382068716,-122.4218387767914,37.77910569494215,-122.42177536794105,0.6640790238769186,83.92266721772786,37.411741784579505,3.2767556362803703,50.65215431088048,7,-0.008279816263137636
1300000545000,37.77913387897138,-122.42183855539817,37.779163004691895,-122.42183796644494,0.29856219020555785,75.04450991531428,31.743107645835117,3.714248103981001,45.59087893959786,14,-0.0008627317703358185
1300000546000,37.77913464014382,-122.42183633016033,37.77910034966996,-122.42182454763979,0.763928275000008,52.21491089828954,33.28643154761057,4.0370778885814005,50.91025123911725,7,-0.006101303665145551
1300000547000,37.779136173662636,-122.42183067250042,37.7791069655965,-122.42176955648506,-0.11207190774130793,65.48154264349634,42.016334196516226,3.7489134178013406,44.89139820795546,11,0.006401698964777059
1300000548000,37.779136173662636,-122.42183067250042,37.77906728912581,-122.42185811909488,1.1207725192170102,56.886715661328786,29.890897881042285,4.602831371099837,52.70096226266912,8,-0.0016021708721291512
1300000549000,37.779136173662636,-122.42183067250042,37.77912504298081,-122.42180969901494,0.5047676633027189,88.32706806359326,38.53097546327016,5.667070682492675,43.26496494152567,10,-0.009755163017661588
1300000550000,37.77913686770387,-122.42182708499764,37.77915825295789,-122.42186918452376,0.04446055593994774,64.98776424235842,42.360590768791205,3.533012643282635,58.66126770359625,7,0.003217153518733324
1300000551000,37.779137157809075,-122.42182587732165,37.77920945227423,-122.42175677133656,0.24718949328320855,66.60523352686903,29.925381430731044,5.597525013033607,41.201446356284976,10,0.001617767121915928
1300000552000,37.779137561159274,-122.42182311783412,37.77911043591515,-122.42184342485169,0.009442079890794541,62.28875604945219,35.72265330188575,3.717176803175644,57.14393407951392,7,0.012197539745445582
1300000553000,37.779138324472655,-122.42181739784324,37.77916250144992,-122.42185674790558,1.1451314640832861,70.4665342212951,32.06156788251296,2.390521637132599,58.30935963806616,13,0.0019220344580970683
1300000554000,37.77913872061325,-122.42181373415119,37.77923055075439,-122.42174887296039,-0.40822177263977055,75.61747858999267,42.173467819762294,5.67464123932645,53.56455386755542,8,-0.004725489749873342
1300000555000,37.779139322256725,-122.42180732074337,37.77916333455985,-122.421826408058,0.17383300822249398,80.66217288728835,37.89346111467948,2.4977169980097087,50.48997226488329,12,-0.012373657327518795
1300000556000,37.77913953098963,-122.42180376074464,37.779201769410975,-122.42185050370107,0.24549511553747289,93.61099609333354,39.72770291182944,2.658399799022607,49.872902060636186,7,-0.017496455892316784
1300000557000,37.77913953098963,-122.42180376074464,37.77910949111039,-122.42182384510417,0.860477192589317,81.19179665969092,42.45814723470735,5.143874613871393,51.792853854225,14,0.00599128942705239
1300000558000,37.77913959126806,-122.42180000067049,37.779112939841745,-122.42172829211742,0.10424130180074398,87.5523591668595,28.147246645091997,2.601572178315353,48.01398925721216,8,-0.0054989127791332726
1300000559000,37.779139857303576,-122.42179561391502,37.77914703317007,-122.42185465560944,0.8088054896964695,83.6414906916513,38.41240137400575,3.966609195337307,48.61088932874556,14,0.0006733144717948454
1300000560000,37.779140152039304,-122.42178899591491,37.7791577909502,-122.42177508408827,0.6614062587339218,70.10385732024973,42.851749137564255,4.082870030873127,47.08899224304369,9,0.008375106489512429
1300000561000,37.77913980912999,-122.42178646184725,37.77907762321567,-122.42182006384803,-0.4846267401432069,109.25720433384834,41.01480181057227,2.7038976903623713,47.46009854387063,14,0.008581474723338364
1300000562000,37.77913953168452,-122.42178382345494,37.779215037298584,-122.42172511472462,0.19486953770847737,84.79865741568562,29.560028932293296,3.9128951404095726,54.49465699567403,11,0.00931065621865762
1300000563000,37.77913886413328,-122.42177865238045,37.77916234788792,-122.42166334912889,0.9312701906563854,98.34242067681383,41.64338379907792,2.0591862369689524,50.95498047110732,14,-0.01327134726638296
1300000564000,37.779138604751616,-122.42177360212446,37.77908179258163,-122.42175236807765,0.2148208495049351,94.52784413260974,28.946333005220964,2.791328398067574,45.46107672842632,12,-0.0012803849654538073
1300000565000,37.779138438631854,-122.42176719777099,37.77913051411707,-122.42175005472863,0.5970632028272158,91.30330177778927,34.2077303305546,2.214594752124534,53.08315656131431,12,0.017297262444594022
1300000566000,37.77913835993822,-122.42176211607246,37.7791928213388,-122.42181784807296,0.9575045771080914,116.87772783738436,40.390974480267076,4.807751301293814,54.14075332273279,13,-0.002735048576204612
1300000567000,37.77913818460242,-122.42175993207609,37.77919707057685,-122.42180650356637,0.05737010585483299,106.23312368526811,37.685096642708544,2.2769782880589773,50.450743066696916,13,0.011787731585464463
1300000568000,37.779137967834366,-122.42175521472552,37.77910587113385,-122.42177049975112,-0.09628355777150449,85.27892492445035,34.48900750454959,2.831713192766375,49.84301208250095,14,0.02291785803312946
1300000569000,37.77913777597183,-122.4217514798159,37.779097578896575,-122.42169109945688,0.014405308552959573,102.20110820178235,37.27187627079797,3.4911463977949357,46.16341990780174,11,0.008384599625169431
1300000570000,37.779137771376455,-122.42175108393022,37.77909663102485,-122.42174675016187,-0.24071080594559963,79.95086034315133,38.39721476207885,4.293440533682189,47.77938382244867,7,0.009903156217838379
1300000571000,37.77913732807804,-122.42174149838533,37.77911718346249,-122.42170728115599,0.29901696572933667,84.54065620185328,38.16344250391306,5.660530584614076,49.078709326425184,10,-0.0029161401881911057
1300000572000,37.77913705072568,-122.42173780852364,37.77912759855206,-122.42176598702741,0.11576110033101847,105.1869634922909,43.02072133834051,4.2761436366597465,48.08918165739881,11,0.003382817865405109
1300000573000,37.77913689621545,-122.42173336493293,37.7790775237783,-122.42156547544435,0.5987191895617124,79.97133441088454,28.323119029064202,4.177750932211525,59.89204396345286,14,0.01033120429533265
1300000574000,37.77913730706677,-122.42172862640479,37.779225133688215,-122.42165002458754,0.576297641044865,96.4224342047607,39.37961215902174,2.34564358194669,52.04925232291028,8,0.003903645967381728
1300000575000,37.77913736708023,-122.42172172973876,37.779158114794484,-122.42176940375887,0.4128116319328776,93.4921810726469,32.68663125060084,5.233246344773381,56.44290071914055,12,-0.0060044406006832095
1300000576000,37.77913706027226,-122.42171731335534,37.77912735227419,-122.42178497039045,-0.22691278205747034,93.06109071784526,42.02591733399238,2.7904790273457074,46.83583006901196,12,-0.005967748165268892
1300000577000,37.77913712569299,-122.4217126934716,37.77921631027509,-122.4217113401276,0.1094523622811091,89.28504428073012,42.070177092019726,3.2394039302828896,58.864572494249316,14,0.009446532071221049
1300000578000,37.77913705763512,-122.42170465903862,37.77905099170441,-122.42167972656294,0.4642786779756152,86.11499674239666,28.380656062960835,4.442651154341009,56.97010429408432,12,0.014222265875451872
1300000579000,37.779136863080474,-122.42169916204702,37.779212158785704,-122.42165408180924,0.8851296233952409,107.09811713686845,31.329587845002727,4.433585754315803,54.048264024528336,13,0.0002615035380000787
1300000580000,37.779137151775146,-122.42169226776194,37.779118638233236,-122.42169696887474,0.7056536630488267,79.60997111489542,32.50111046975838,2.869002942722028,57.97112304270458,8,-0.014113605556880956
1300000581000,37.77913783598133,-122.42168713072341,37.779225731284114,-122.42162246648803,0.2171279093528475,85.38114292473867,35.031702088389245,4.864416754967856,40.41820321938612,7,-0.018482436103809168
1300000582000,37.77913841564654,-122.42168199814991,37.77921171189292,-122.42169126082247,-0.02310835908813108,74.53361871047582,32.79827304092012,2.069019126735912,51.08809401390762,14,-0.010479794508231314
1300000583000,37.77913835802691,-122.42167673526919,37.7790980673238,-122.42164572484972,0.8539719844212416,83.85596746433158,32.858776271934715,5.693935608776385,48.44197801783638,7,0.006841892389232205
1300000584000,37.77913744261335,-122.42166734218736,37.77911853752453,-122.42162017910744,1.7070892846371741,81.08035959132853,41.987170632323554,3.086801594652901,59.10724887257002,9,-0.02352416099709764
1300000585000,37.779137120034605,-122.42166079089971,37.779164853489476,-122.42154763351328,0.7134712954705047,103.65336847014805,32.0838110676926,3.304271676554649,57.36537778027264,10,-0.011195981660676667
1300000586000,37.779136080905445,-122.42165540525431,37.779154681879646,-122.421770558658,0.23349821054978198,93.25195790471734,31.574965640565146,5.057042988138383,51.67897731252836,10,-0.010631546448781597
1300000587000,37.779135434840356,-122.42165074504267,37.77917146518376,-122.42162467246814,0.3623606277016689,94.72459899186711,32.8288092318376,5.2935172935551655,53.99591897649414,14,0.0032286877164367828
1300000588000,37.77913469186401,-122.4216460444738,37.77914483238833,-122.42161747075502,0.18042231111749876,112.78084857614357,43.485030865557604,5.169281190037292,42.960210815893696,9,0.011693852417708662
1300000589000,37.77913399004664,-122.42163812480145,37.77916193825835,-122.42167826220714,0.1860457534497163,99.5292833548152,28.810664274973657,2.825571105007835,44.317918725973406,12,0.02593444659643215
1300000590000,37.77913308461878,-122.42162818056907,37.779168978059666,-122.42162947294004,1.3935544550649237,97.65705280504459,40.42967938480573,3.839230353962289,52.148240644413974,7,-0.004578936950396223
1300000591000,37.77913299674511,-122.42161914090343,37.77911602813439,-122.42147987987178,1.1532827684864295,95.54113408839686,35.09452605291103,2.473910538773879,59.84398544141478,9,0.0017760991787390784
1300000592000,37.77913266031899,-122.42161121975158,37.77905027433201,-122.42155074806676,1.1486418162440968,96.68092221093795,28.810754708136066,2.6749249585811747,46.65263941401962,8,0.0008381439740669136
1300000593000,37.77913191074923,-122.42160284950654,37.779130313233914,-122.42161284908777,0.063935053542852,85.70238741824915,37.63914931384484,4.329397181996746,59.19565628654712,8,0.00803910165312772
1300000594000,37.7791313797854,-122.42159422123892,37.77913590072435,-122.42158557988684,1.4533819783665307,89.1654836616183,43.65751522062633,4.580048896727037,52.606476604286634,6,0.005364631463324094
1300000595000,37.779131240595454,-122.42159119649399,37.77916123412857,-122.42165683839802,0.6493555857294342,110.23714505046367,33.77254965475988,3.406003514428816,47.92110936370456,6,0.0019268942057821582
1300000596000,37.77913156600984,-122.42158594993451,37.77920572689947,-122.42158855284644,-0.02071667453244047,93.60444976093656,34.023020686604305,2.596253975342172,47.194089692031255,10,0.0048369857721914785
1300000597000,37.77913248423574,-122.42157613537229,37.779171735845345,-122.42164435802928,1.6806737315206193,81.26161745177116,32.71288338906298,3.129598097643062,59.76450188158923,7,0.011132575394767029
1300000598000,37.77913308291533,-122.4215667081865,37.77909962658359,-122.42164100902468,0.24352784723560839,69.64523122623497,31.853182200891457,4.709221110837415,48.1526121732406,14,0.0011546247551163782
1300000599000,37.77913299199615,-122.42155928422358,37.77911505410475,-122.42158317319121,0.6749144225248851,98.30853598697159,30.083925637155076,5.8435113159992556,59.06123802524355,12,0.0013721386998370463
1300000600000,37.779132665321896,-122.42154835169445,37.77911825424341,-122.42153821757661,1.0471595437061283,86.49298945660806,36.82977585717,4.445818166962347,45.58034624849637,8,-0.0028263042589168333
1300000601000,37.779132289571656,-122.42153893037448,37.7791994291241,-122.42157950949883,0.9778864074944374,111.10210285916276,43.62046182107748,5.386143905953851,56.240503377288476,11,-0.011644810563839172
1300000602000,37.77913220422665,-122.4215277760103,37.77910682676443,-122.42145235469263,1.4909404688601142,88.86725339597136,37.378115327324096,3.548282310175825,50.74879985241155,9,-0.000809413292277167
1300000603000,37.779131988463,-122.42152396895807,37.77907952903523,-122.42154693203199,0.46164989580336385,89.72513434223134,31.719701089789403,5.329864239080823,42.57007001616568,9,-0.004451851025083438
1300000604000,37.779131110317124,-122.42151473252895,37.7791856747916,-122.42151708149696,0.7897118493711135,104.08548971817261,34.349515959034555,2.904093438538946,50.2969358443701,9,-0.011100092336970473
1300000605000,37.77913037260657,-122.42150477528644,37.77919117182472,-122.42147075432933,0.6879011798950324,98.92078089509634,30.314637920935702,2.259154223082803,42.8578113900602,7,-0.005838759759535313
1300000606000,37.7791303890326,-122.42149702338688,37.77909550418568,-122.42143911399599,0.8878943522475229,96.7351485379778,37.5138912895375,5.272650054105761,58.14556228640563,10,0.0031420542095069053
1300000607000,37.77913091418151,-122.42148468249626,37.77907877199109,-122.42149206397953,0.5570233799603479,74.51095136522304,30.07823965580434,3.05211938763035,53.99321821892627,8,-0.0065153388510029945
1300000608000,37.77913178579622,-122.42147570498132,37.77911779675674,-122.42144149618001,0.3703977606629658,107.43932857139806,36.510035334140824,4.788266790001148,40.392011951682576,6,-0.013535983161264342
1300000609000,37.7791333355798,-122.42146787716936,37.77919282960109,-122.42143023808399,-0.033029558078818244,85.87402253350974,33.02523326419424,5.318479861838709,59.673012085792294,8,0.003675375043871044
1300000610000,37.77913440116667,-122.42146303675776,37.77919650123394,-122.421542625255,0.5711898448688432,68.3087862993757,31.000969382225648,3.8864424571343728,43.26232551280556,12,-0.026818180196848874
1300000611000,37.77913617168551,-122.42145717951918,37.77910899404675,-122.42151899526138,0.4431483188721362,62.24727640502754,36.6576116569271,5.239876384136899,59.15622979198133,12,-0.004444566589623131
1300000612000,37.77914004514281,-122.421446423437,37.77921063467843,-122.4215075694658,0.658030130058244,61.94321940966183,41.652953257187775,2.1528078161219324,43.965712786209785,12,-0.011640265721995209
1300000613000,37.77914338073993,-122.42143621356287,37.77913602098874,-122.4214522063734,0.7703873409790906,72.61607595626653,43.22196831995802,4.524477565476571,43.621053464642635,12,0.0001403495193040546
1300000614000,37.77914807027941,-122.4214204298523,37.77912586416959,-122.42135880138906,2.03311315665756,72.79341044372052,34.87535629229277,3.5675269088524293,54.83271975500686,6,-0.0038263686285876894
1300000615000,37.7791513040233,-122.42140827578875,37.77918868463975,-122.42141146007323,0.8278653124661206,65.3023767732391,35.4501582954731,4.713668180560873,58.6351587963389,11,-0.007109440256967742
1300000616000,37.779154017941266,-122.4213982550442,37.77925012043391,-122.42146708245303,0.06600740938870742,78.98876506150646,42.9734183187049,4.861594786344579,47.27025063816024,7,0.006577385458405722
1300000617000,37.77915543922235,-122.42138675663566,37.779056572377485,-122.42136924557747,0.7620851837315226,80.54097357956152,43.09605300183665,2.993411420348929,58.90753799070767,6,0.00025732068060206273
1300000618000,37.77915546871913,-122.42137846600833,37.77916954078504,-122.42148692048656,1.2788194768230445,110.20250811415738,32.80337907883182,3.4501476963368987,51.91873902709944,6,-0.004784716613662695
1300000619000,37.7791563371514,-122.42136766485777,37.779197283416046,-122.42144573384483,0.8783208917786997,80.21615530326672,40.907419569690106,3.1716016924633754,57.63950895746931,7,-0.0064914128633642015
1300000620000,37.77915765451931,-122.4213574599898,37.77909726287566,-122.42131304121884,0.814398270900476,75.41089144856915,35.57430995062828,4.884095452957434,50.58636698558981,7,-0.011920108629038835
1300000621000,37.77915951019767,-122.42134525734994,37.77918126903672,-122.42130613562303,1.3774400609815993,88.05184392758555,36.20227657465832,5.157352127964935,56.236886750454346,11,0.007272107111557659
1300000622000,37.77916098979574,-122.42133316433755,37.77908930367467,-122.42134443206244,1.573679676964211,87.12192226579022,34.30509160261518,4.838962041218858,50.46295360529167,14,-0.0041453690537857114
1300000623000,37.779161431280386,-122.42132205808429,37.77924312908919,-122.4213279749686,0.47261799682113526,97.31053545910513,39.89416165278677,4.1609497612406985,50.799464799346495,13,0.013471290982673861
1300000624000,37.7791622715236,-122.42131225888139,37.77914017850937,-122.42134301223761,0.7208571068152402,88.02764785257241,32.38572837223141,5.420155570006436,52.41365549776593,10,0.0030283673124694307
1300000625000,37.77916199348668,-122.42129807365123,37.77918661926785,-122.4213260905777,1.9495022390844503,114.95662676213443,36.4505683443307,3.8184032922970625,48.69849054377696,9,0.019280700140829665
1300000626000,37.77916035554257,-122.42129000103633,37.779117508529914,-122.42127795034818,1.1924255732453428,87.14650471903674,39.15592820474866,4.392371586435693,59.1775730472835,9,0.008856548525902596
1300000627000,37.77915964825454,-122.42128086483915,37.779150914904115,-122.42121472706916,0.8027583194645416,121.7176026093098,39.46889758727571,4.665584041590167,55.48827185225549,6,-0.02265751436107894
1300000628000,37.77915916812017,-122.42127191672968,37.779214251324916,-122.42122814365132,0.7949333838417801,85.42519689011107,38.71577337930816,3.7673093899039767,59.428478056937564,14,-0.0017380216357074801
1300000629000,37.779158959138876,-122.42126270885706,37.779113564520785,-122.42128850314693,0.9059341997186873,84.04455665702318,30.418295009775044,3.2725983272668224,42.956850915016474,8,0.011121703234053077
1300000630000,37.779157735835284,-122.42124938901236,37.77904243041645,-122.42123069605339,0.9870565664808009,92.4135691905574,30.65821309269777,5.273118989717642,44.74456174114025,8,0.008565864051751288
1300000631000,37.77915663094419,-122.42123323553317,37.779130240824685,-122.42125591186762,1.9617318200604696,102.45665659881297,43.04928779996059,4.796172855668603,45.050740943077514,8,0.0005980844013419052
1300000632000,37.779155244317074,-122.42122281484035,37.77912647056159,-122.42128291335561,0.7752985875794185,120.1498003760374,34.750658133959114,2.1332743932345726,58.23569704218619,14,-0.011367391467757334
1300000633000,37.779155610033165,-122.42121186102945,37.77915137399755,-122.42126931893783,0.4974515026154304,95.36054901527771,31.783925988765642,3.3275330553588987,46.524730490723364,8,-0.003166633882348613
1300000634000,37.77915462002858,-122.42119949822477,37.779155626539904,-122.42120317001236,1.2721152325692346,68.14967142544276,40.21254357962014,4.612839029841922,40.204954651812656,14,-0.004727935938507856
1300000635000,37.77915350117627,-122.42119082368005,37.77916203030245,-122.42112706643816,0.6930335887674022,108.44108854486997,34.23414188615693,4.243439183365469,40.88535705172453,6,0.0010860087195909951
1300000636000,37.779152492055054,-122.42117960810792,37.77911008202592,-122.42117867216494,1.7821549795943827,72.83339965451073,39.01726110704181,4.6983504029761445,42.819721241338,6,0.000661494702237213
1300000637000,37.77915114763261,-122.42116392517104,37.77916533928265,-122.42118085497015,0.8000199960820695,96.47552755014148,32.22562583294123,3.608374862611066,42.30382178503689,6,-0.0055980458116489966
1300000638000,37.7791511284729,-122.42115069834689,37.77914038952194,-122.42116681598223,0.8240969641660836,80.97160869570219,40.969868695604035,2.4301220028433455,51.5785384474211,8,-0.0028184636234752803
1300000639000,37.77915217929394,-122.42113698496595,37.779186850053534,-122.42107015991415,0.7534178706581558,81.86018894561694,33.43305979387955,5.4492889179610735,44.42555749332105,13,0.007618486775924215
1300000640000,37.77915221419447,-122.42112371938387,37.77911658918079,-122.4211535757877,0.3702885233848566,86.76171066694054,43.15014358628435,3.973972750311742,40.61128551639314,9,0.01042022341916236
1300000641000,37.779153399144626,-122.42110844743426,37.779132253700276,-122.42108715344946,0.9536845322640755,78.15488820956134,40.88251383873554,5.8336423196869305,54.54114404962711,7,-0.00012481901038437885
1300000642000,37.77915468823324,-122.4210974020326,37.77913628792576,-122.42113229433836,1.0515444553620859,73.20915046286916,35.957974084492754,5.029342445429811,47.656268381760526,8,-0.0024601829408804356
1300000643000,37.779155558859514,-122.4210881071315,37.779098865598144,-122.42114125712929,0.93534811716984,71.88463714956453,41.23324477270223,3.650708437548811,50.92167213979109,12,-0.0024027136413201458
1300000644000,37.77915715451054,-122.42107844672745,37.77915193531211,-122.42107030886811,0.469876452863298,87.74148236661867,42.83364587856539,3.709704179924229,46.24882116630164,6,0.0028033850118903635
1300000645000,37.77915794522919,-122.42106852594893,37.779173894381024,-122.42104545999018,0.5199208351334739,88.06597218364769,41.08470090825899,5.923067307951156,49.50009640530753,7,0.006347672763642092
1300000646000,37.77915799886031,-122.4210557467171,37.779179436364736,-122.42109004396838,1.8491999059092272,95.29136530166465,37.198191820559394,3.4977320348085876,58.474795830948864,10,-0.007395009009824434
1300000647000,37.779158627534805,-122.42104485461405,37.77908728212503,-122.42103232340219,0.9862349459636133,77.19900865027094,42.96337625491758,5.3207842722256995,45.59754079384685,8,0.0037170065182671936
1300000648000,37.779158296747426,-122.42102986274531,37.77905843728793,-122.42105469477451,2.093507277650944,80.3835714870636,43.56031859782076,4.315518463358442,51.01013003707333,11,0.018899036564127232
1300000649000,37.779157765085124,-122.42101478964675,37.77915284712062,-122.42105236813437,1.4230374041193556,61.90376204939038,34.286848607293805,3.160613646845878,49.01191785619179,7,0.007324008967401409
1300000650000,37.77915677258299,-122.42099981374395,37.77915155175089,-122.42095264105572,0.8964856214946308,87.49976416040639,41.66640538016382,2.471517503425071,41.082416583449266,14,-0.002531517237947629
1300000651000,37.77915644249136,-122.42098428930666,37.77920932550867,-122.42096126619955,1.2888198337032284,89.5936266121721,37.08827749260907,2.7637298243707193,47.98080365033656,14,0.02148579254754585
1300000652000,37.77915616222619,-122.42097140785347,37.77912391598158,-122.42094365744477,0.953985442728174,92.54643402768339,41.718614611332335,4.447439160836643,43.50258071436137,12,0.011714525428163997
1300000653000,37.77915609714843,-122.42095852918378,37.77923119573041,-122.42099017530609,0.9650787134265876,87.62501006188921,34.41861399447536,3.2738011763231327,44.00965470399207,13,0.007662359799727708
1300000654000,37.77915538090339,-122.42094188809052,37.77911848752737,-122.42084882541461,1.4612013875316834,100.28641206623725,42.151360012869475,3.799154384003494,54.68920010642201,11,-0.007396721074636108
1300000655000,37.77915590063763,-122.42092967950796,37.77904696205457,-122.42085913160994,0.7591650337617897,87.29273386922351,36.44888162578353,5.408519593446543,47.53950524998044,9,-0.012587962794641179
1300000656000,37.77915513662922,-122.42091393770549,37.779091838688025,-122.4208164102982,1.4724231549101807,100.56676164820949,34.71955818434797,3.238612660967818,45.599545125784445,14,0.012214464315597409
1300000657000,37.779155250644585,-122.42089639868672,37.779122838598816,-122.42090780810098,1.5492224145728055,99.18264384542708,44.16053785306397,5.285119647726317,53.92760884338712,14,-0.011060516475909075
1300000658000,37.779153688507186,-122.42088017423478,37.77918441789533,-122.4207979632916,1.0489769182767459,89.60695914775681,34.14878931833592,2.758334968415624,44.477755006207204,6,0.0024661258033611523
1300000659000,37.779152932891286,-122.42086974634488,37.779111576738785,-122.420830827497,0.13700480505178836,79.67826524186319,43.02722968062097,3.1792322664381722,55.798835266767334,14,-0.0006634313693086999
1300000660000,37.77915146221865,-122.42085661843966,37.77916421260752,-122.42087047126161,1.0105046981710002,113.16733389349646,41.15459635263388,5.825178764889967,43.27582912307837,8,0.005754920990706492
1300000661000,37.779150076677624,-122.42084118089237,37.779116817679636,-122.42084628998272,1.761983369454828,96.24463049507257,35.384285185159634,2.808866191858949,41.953508385847556,7,0.0008194477780195549
1300000662000,37.779149118608906,-122.42082323520509,37.77916286000025,-122.42080361010304,1.3034946528650935,97.96470681224766,36.47079307801248,3.1161815450084256,59.31519659839505,9,0.012410320883889814
1300000663000,37.77914755590513,-122.4208092680021,37.77907419802044,-122.42082787730311,1.4680393878598739,92.78232039507634,33.13580037955635,3.0415626775037232,43.67413530906238,11,-0.0006632768341934692
1300000664000,37.77914487030139,-122.4207958332334,37.77934260159104,-122.42084973501814,0.9949968747993339,113.20923413038484,39.071645803427295,5.9297101037602715,46.91472562453239,9,-0.008556157338872506
1300000665000,37.779142155358656,-122.42077961873531,37.779148986993455,-122.4208514827839,1.902526175846136,115.80655991294505,31.877069285841202,4.956563788643271,59.15408858570402,6,0.001471997794750365
1300000666000,37.779141548671994,-122.42077044981318,37.77913925437836,-122.42077187685499,0.9166618506675238,92.45886761967529,43.823636239080194,3.4377493856121806,59.54090299207392,14,-0.0013712922722035217
1300000667000,37.779140569344065,-122.42075690884434,37.77905689961135,-122.42077046585403,0.09204095067019491,93.09164922478377,46.205488879251874,2.6820086327267374,55.83219374694353,14,0.014430338106485769
1300000668000,37.77913819782922,-122.42074164250805,37.779159940981636,-122.42069803051692,1.3752822420138708,107.91260421004084,39.48269362044484,4.643212442497291,46.31153976110879,7,0.0016331716997458835
1300000669000,37.77913556119824,-122.42072481172183,37.779010113995334,-122.42081857619674,1.9012878847663237,119.71086251663165,39.22238577765277,5.266866148809838,46.89396002004501,13,-0.011141106715332479
1300000670000,37.779134563859614,-122.42070476001939,37.7791899572346,-122.42065293712923,2.2136660694560817,103.13437926053624,37.06805445156821,5.912049720931029,59.17983082551349,6,-0.014421511799262259
1300000671000,37.77913584544204,-122.42068455377719,37.77917659410794,-122.42063009830291,2.0671969379834865,81.4346616286264,37.33615008307492,3.071057878388391,54.95174654509309,6,0.0025849016574737167
1300000672000,37.779138994613874,-122.42066634921474,37.779077214116676,-122.42071922906905,2.4583876974081407,77.72231931850246,45.746710802692384,2.035149887232774,55.735941582172366,8,0.0011098009723601613
1300000673000,37.77914207225263,-122.42065238269869,37.77914819602016,-122.42070092706551,1.4745867291688117,89.68582085256179,38.3050222023931,4.331620204387543,50.59840894626577,12,0.005133917897171055
1300000674000,37.77914714810236,-122.42063877922173,37.77917495579194,-122.42075315015302,1.3165362301362724,54.31467285997648,36.589372150449904,5.379486671979608,54.45093465943765,12,-0.01627452922564023
1300000675000,37.779151569898026,-122.42062423549974,37.779139507406825,-122.42068925684069,1.8410880542413852,77.12361062077392,45.28626141443411,4.518508230045664,50.47734771263003,8,-0.00319864156356843
1300000676000,37.77915399856606,-122.42061194000277,37.779219287547654,-122.42054790913876,0.8347785030854814,79.42326305459851,32.60045276903829,4.904551157206223,49.03395875652028,11,0.015091960039075876
1300000677000,37.77915492240233,-122.42059576681609,37.77911009936004,-122.42068136546261,1.720978593834798,91.94130415542178,33.124278278287676,3.7182750287503907,55.54486882851219,14,-0.005411386013817403
1300000678000,37.77915468724599,-122.42058029563515,37.77910588194016,-122.42061222751107,1.7232735008963922,94.83659733570818,32.46633284251517,2.429555735045465,56.72122409236005,13,0.0044077152098967185
1300000679000,37.77915256612954,-122.42056416755042,37.77906127046508,-122.42060644432304,1.663180483838315,102.10593189521832,43.60958961053972,5.468107274785763,52.351482455993725,6,0.016539150779089053
1300000680000,37.77914687365451,-122.42054593305792,37.779149677825075,-122.42052228637573,1.2848240028410993,108.26564222446032,38.886740248834116,4.986115516564279,45.421500181817514,11,-0.0019967673579033584
1300000681000,37.77914259071625,-122.42053254983118,37.77914418186151,-122.42061187785325,2.171807707275477,100.30238880836515,32.92936190993651,5.023041710746541,48.0761487004943,13,0.02656570509812815
1300000682000,37.779139050842254,-122.42051554722698,37.77911411204886,-122.4205532149885,1.6737808745017881,116.54660829811547,35.86074280655874,5.726969507558261,53.81602292665978,10,0.00042283942367033053
1300000683000,37.7791360874397,-122.42050055602068,37.77917607749348,-122.42054293042004,1.1059658041061735,102.61253850596482,45.61912807921916,4.501355578455411,43.69639221204362,8,-0.011861289184810938
1300000684000,37.77913099925909,-122.42048721513578,37.779194038205695,-122.42059985677705,0.6206829453108048,121.59283378502334,34.98744164263523,2.0061204417399363,48.42952345840314,6,0.006739498269003122
1300000685000,37.7791232625167,-122.4204712538017,37.77911941034239,-122.42054579110471,0.3904937817142766,110.6918607236437,38.50637387858385,4.10564061466303,41.56731569051373,12,-0.0005824771388940062
1300000686000,37.77911568621004,-122.42045769466698,37.77915236685915,-122.4204946758326,0.9950568726814557,115.74389797903885,35.93541483680912,4.838445749147463,47.17282629722136,11,0.0008785513343299583
1300000687000,37.77910860760983,-122.42044280604898,37.77911757658287,-122.42045280346173,2.1159258842052138,114.76396435611501,39.21037238005493,4.648946375007142,56.78882805971004,14,-0.0007203509830856859
1300000688000,37.7791026931177,-122.42042864895164,37.779159124296115,-122.42038858556164,0.8539656096664238,119.74090955952025,37.76162802143145,5.541626224559714,57.621488109716054,7,-0.009809566392209798
1300000689000,37.77909401486658,-122.42041189356901,37.77908467742991,-122.42043141783353,1.1653561306299873,119.52455255544703,39.16778482600882,2.80149201239531,46.22132597095578,14,-0.010485096614587066
1300000690000,37.779085777513956,-122.4203991462307,37.77917409437275,-122.42035543240017,1.0448342505186887,131.52608235043857,33.62244796892425,3.876899162160246,42.71251381158227,14,0.0012989285014452002
1300000691000,37.779074810174954,-122.4203853738846,37.77908133396336,-122.42039893792844,1.6938059023558831,117.55404882770642,42.08599511918135,5.946882127729015,53.11350304081108,10,0.015011910715764385
1300000692000,37.77906569908137,-122.42037325011516,37.77902753777701,-122.420295184497,1.1141677057833326,146.020982333828,46.35133126909238,3.6351391280306022,41.591665176115015,11,0.003872312585336019
1300000693000,37.779056241798536,-122.42036020813026,37.77912647994104,-122.42036779975285,1.308822196907061,122.72928776922589,45.8160726695567,4.895359537131491,47.20331670196502,9,0.013922790984582418
1300000694000,37.7790436601427,-122.42034622488467,37.77908042453059,-122.42038099562942,1.5548678094917234,152.4833138407974,34.43187929250085,3.332607825240433,40.374782315791634,13,-0.008527609523435318
1300000695000,37.7790340132224,-122.42033538915369,37.77906183575758,-122.42032087097805,1.9617502709934787,119.44733083231105,43.72081004015318,2.7211338345071843,59.67394951951535,6,-0.001992137838312469
1300000696000,37.779022416736886,-122.42032205207201,37.77894783200542,-122.42025905676529,1.7345537760700223,124.53203656626094,33.1878429322851,3.2785456908735995,46.682471589436936,12,-0.0032573407283339583
1300000697000,37.77901326381716,-122.42031015678313,37.77895919203288,-122.42028732243035,1.2569073587551542,139.35132153383296,32.64241950232437,4.717412695961877,49.82093023094469,9,-0.00221380535182329
1300000698000,37.7790010490286,-122.42029904582571,37.77894789373161,-122.42023180081074,1.5084495065398085,146.06308327766737,36.40710118776023,5.76630787168315,47.707679209111895,9,-0.015234873254003106
1300000699000,37.77898884260361,-122.42028875525638,37.77898276678225,-122.42029351860283,2.2261110234852297,150.84301337715934,39.607631797538644,5.733941967218294,43.54880341469278,13,-0.001974401032033382
1300000700000,37.778977814103285,-122.42027947136391,37.77903430410957,-122.4202278059042,1.8347386262761307,159.75813079314545,38.96643013342299,2.484758821500638,54.11019170417984,11,-0.008294673601697276
1300000701000,37.778963847485656,-122.42026953039905,37.77895725945799,-122.42026494863968,2.1613638309748553,155.1012113626175,34.48885800087416,3.6831164937110112,43.55393677735724,7,0.012558363164291953
1300000702000,37.778947915345064,-122.42025934253715,37.778946145258566,-122.42025047552677,1.7350553186505933,148.92534109288707,40.19436680475331,4.994436524763238,54.75832303883784,12,0.007330928152055049
1300000703000,37.778934761980125,-122.42025184817467,37.77892225937461,-122.42031808575355,1.9563197229219003,157.47435584131924,38.19398359319572,4.346461918172029,48.24504069279243,6,0.006681995718707673
1300000704000,37.778923208762386,-122.42024316211752,37.77897241725346,-122.42030676463675,0.9945185201105842,156.37218947180023,43.06696225852449,2.696926401587199,59.99608443172674,9,0.008794973590450002
1300000705000,37.77890870521844,-122.42023399531848,37.778820211648096,-122.42024863451097,1.6410331023128184,169.31212726446978,41.32607987481765,2.7222222452794558,46.14137629220487,9,0.006108455495060585
1300000706000,37.778891552006485,-122.42022483877257,37.778961015346596,-122.42025004481623,1.7956393214469708,145.21722891808952,36.81421153747205,3.6794220282435304,57.2246185601925,9,0.005544349111784086
1300000707000,37.77887635337155,-122.42021905333148,37.77893164940584,-122.42026053469698,1.4823543573442342,157.18582425413234,41.34024134291007,3.871348526937736,50.987729750443435,10,-0.0067944805356199844
1300000708000,37.778862966916805,-122.42021245368544,37.7788768486154,-122.42019440579038,1.493654896073625,155.7958758641367,45.36024261745299,2.492748498806197,55.16826513254813,9,-0.007796459130157589
1300000709000,37.7788505279783,-122.42020743485055,37.77885766545016,-122.42023504779826,1.498329284193101,176.03358572574575,46.05667032108052,4.9251675783912745,47.791936677071085,8,-0.0070266951877161815
1300000710000,37.778837625073635,-122.42020215551321,37.77881344734778,-122.4203077435005,1.161242594867001,159.89099904852557,38.47354479941005,5.298420033008352,55.85504560891856,13,-0.021434984462052338
1300000711000,37.778823242573054,-122.42019692249862,37.77884274911461,-122.42018397543717,1.224797945544643,172.52156136125413,42.295464044953405,2.768200461176249,42.194587876095596,11,0.00041165844015682095
1300000712000,37.7788079068854,-122.42019286547003,37.77877364041722,-122.42013300494193,1.5377970946847888,170.0125746063647,42.01935177848853,4.814302745284178,56.56091078572111,11,0.003642963138179217
1300000713000,37.77879167452286,-122.42018892500192,37.7787398896734,-122.42029333649464,3.353381183019653,162.80084736349443,40.573752099788294,5.18217773634293,59.8549847435103,13,-0.01105271335843863
1300000714000,37.77877625765366,-122.4201871209148,37.77871473453579,-122.42022638622282,2.133045556819123,184.00026179868692,43.17138351542988,3.4630534472336048,52.385281547961554,7,0.0026586344216394642
1300000715000,37.778759853130374,-122.42018415923253,37.77879608245563,-122.42013343774069,2.161921691820367,174.15875955817154,41.305960784646125,2.2234768167213663,41.6534352128558,13,-0.004520622842946387
1300000716000,37.778740621263196,-122.42018163060345,37.778700971275626,-122.42021819796621,2.456680652810053,179.77705218766687,37.535925660838444,4.334578304527498,51.232308723817724,8,0.012095199020384225
1300000717000,37.77872343443309,-122.42017827142817,37.77871761085539,-122.42016442510608,2.1395072017171497,172.13186227573732,33.27188900954912,5.316025176285015,56.29979909014075,13,0.0155778336987999
1300000718000,37.77870821444835,-122.42017291533315,37.7787632892458,-122.42020541827544,2.168306311044411,157.4058182063639,40.36946863838965,3.205376247917171,54.15275288324042,9,0.0031895417226294655
1300000719000,37.77869225169223,-122.42016629184187,37.778669764169685,-122.42015571835498,1.3644940862864259,149.64107646506278,36.79517338968557,2.94181048026837,59.09319161095254,8,-0.01258891927283185
1300000720000,37.778677706570086,-122.42015902872271,37.778627024575826,-122.42009938255875,1.6715892246396356,154.8245685536659,40.9870381836733,4.839640341549043,56.93041328571388,12,0.008697476352546807
1300000721000,37.77866278249793,-122.42015333800398,37.77864331112236,-122.42011005439538,2.242499081375839,144.58119804256629,37.01020934741219,2.741055888218813,58.36558196311284,12,0.00292643644091959
1300000722000,37.77864667357927,-122.4201463350539,37.77865198630639,-122.42022601227532,3.5403893469074807,143.25367313548904,38.03751706649494,4.475221667813093,44.303791317505386,8,0.010497710897458616
1300000723000,37.77863336481149,-122.42014041709942,37.77860788435885,-122.42020469396039,1.834767426236079,158.38167879561752,34.79578952797827,2.716565607784986,47.12453264088868,9,-0.017970030009042477
1300000724000,37.778615263060146,-122.42012968032716,37.778582819086964,-122.4201063426627,1.4839880491817743,139.0079491827775,45.424913685379884,5.727635077385047,52.23120470749353,7,-0.018265333847950063
1300000725000,37.7786007887468,-122.42012013364915,37.77866467489186,-122.42002483899495,2.2194566267257,146.96785279243866,34.007909130639995,4.185123425612665,43.98208196719915,13,-0.0009943495373200327
1300000726000,37.77858939915677,-122.42011134502263,37.778665353795134,-122.42012722610322,0.91788072244279,147.09697771563543,41.47169240130041,5.853829721865008,48.69999068346065,13,0.0037446249815904164
1300000727000,37.77857342027068,-122.42010013195886,37.778537995167305,-122.42007227007367,1.7321240774964215,146.41452745407486,32.94908191733075,4.110487992426297,57.35553124471173,6,0.002839959785535387
1300000728000,37.77855989230515,-122.42009126469034,37.77859397801465,-122.4200172691392,1.463904277067547,145.53274567088602,44.927999339759985,2.531339540662672,55.3596333943468,11,0.005508910402729138
1300000729000,37.7785460337157,-122.42007997360045,37.77865320788107,-122.42005762746838,2.6595393205070645,141.26399872524993,45.18764704491549,2.2983279950050637,49.53675908701591,7,0.005231243182016199
1300000730000,37.77853016947407,-122.4200720607379,37.778527960069276,-122.42008480579727,1.855830013303817,165.3393374814568,32.164800199989564,2.1741710207511495,48.50992874275,11,0.007695473314816779
1300000731000,37.77851437776955,-122.42006196783656,37.77854663679416,-122.42010786583322,1.8743858353727139,156.36121926277212,36.62386525780031,4.74395134886848,58.894572331372856,6,0.0023530038993351326
1300000732000,37.778499716566536,-122.42005155995345,37.77850377747483,-122.42009430837935,1.8079199331881755,162.39216333379832,46.25573025123177,4.713670210643302,53.80428630780334,11,0.010889656429869958
1300000733000,37.77848522697079,-122.42004248930121,37.77846096193648,-122.42003665947246,0.9233388501889835,158.01898643179985,43.669790159447935,3.2423492024272904,47.470688821541295,10,-0.00038550418385902967
1300000734000,37.778469079688506,-122.42003189693716,37.778491197491206,-122.42002480957774,2.1120793090524503,142.2772817380108,36.35088495190789,5.472457580261221,49.54182533581918,11,-0.016064237077616485
1300000735000,37.77845291933296,-122.42001892795282,37.778460729844035,-122.41999606808889,2.1002737651912966,152.8191183268333,46.22284097823014,5.718992401530319,59.025119605368104,7,0.0028551092818251307
1300000736000,37.77844142768048,-122.42000216894222,37.77841588263797,-122.41998322684343,2.3788182841693244,134.89678343372768,42.60087432590472,5.545566675089668,46.608103628689484,14,-0.004909099521007329
1300000737000,37.77842798669906,-122.4199824267296,37.77841017683591,-122.42001275010134,2.8146098685518735,122.82284487788512,33.192111750128475,3.295763426581914,44.31060145153017,12,0.012451142523654729
1300000738000,37.77841731682533,-122.41996265238994,37.77847710893441,-122.41995959216243,1.9327995952523123,119.11967167221663,32.815644483994795,2.066712979651383,58.77656835528566,10,0.003549577206559058
1300000739000,37.778407789827845,-122.41994749046549,37.778429812516066,-122.41995084863922,2.7744725814215228,132.55951214933611,42.444812980996865,5.515797681989856,48.33713430695043,13,-0.0013038330302787581
1300000740000,37.77839880569259,-122.4199338889734,37.778409665985166,-122.41999653822712,1.5168144804730854,119.10894943846704,33.88855679342117,4.508618190711069,56.21174019784391,6,-0.024352938710691375
1300000741000,37.778388658098095,-122.41991627647252,37.77832898593153,-122.41999024326655,1.3110592805204941,124.49393532940576,42.970719269048004,5.536870761866243,44.793879896393115,8,0.005502526599691994
1300000742000,37.778378790703776,-122.41989956672538,37.778332950840536,-122.41986290405166,2.208141358384173,141.12399104074674,34.198944497585195,3.2896498815527986,40.192158825444054,11,0.01409754171180383
1300000743000,37.77837091626476,-122.41988474395549,37.77838283537936,-122.41991207847377,1.4511088033762243,124.85408749164878,43.239285724482606,5.183396288887803,45.730036651295315,14,-0.008143534487827519
1300000744000,37.77836169381426,-122.41986997322009,37.77844557568329,-122.41988428105209,1.6221187312905796,109.14434620220297,37.944823554374146,5.467776525616445,40.21280904148857,6,-0.004583834028138344
1300000745000,37.77835170505481,-122.41985320993219,37.77846289364062,-122.41983857189601,1.581525198457516,128.92829521398573,40.58652921821737,5.9227448954190045,56.05318330446521,7,0.005625880443476877
1300000746000,37.77834245216227,-122.41983793772044,37.778411813756954,-122.41981586730913,1.6489573028094533,128.01910200425561,34.699154793206695,5.291399121053648,58.38932914426394,11,-0.0005301442136717522
1300000747000,37.77833326054286,-122.41981850569961,37.778365071270976,-122.41987204938124,2.4920075721195256,101.53094907048896,46.33847686784132,3.192541744214305,57.76771783975218,11,-9.205714925332856e-05
1300000748000,37.77832433891843,-122.41980460167197,37.778376730332106,-122.41970747226027,1.0767697932412665,123.7770863941577,32.2815300614041,3.785562667335837,56.405222050863344,12,0.00031758008342050773
1300000749000,37.77831679002211,-122.41978448918158,37.77832867380049,-122.4198234077043,1.3060009337636136,130.1880676013378,45.7740389315741,4.06516983519325,57.02412083820685,12,-0.013821700443205066
1300000750000,37.77830608126092,-122.41976469237235,37.77829865157091,-122.4196364480314,1.3545677917822192,117.16126843437402,41.684054784886214,5.473913102537402,51.60205344346501,8,-0.011400831002674512
1300000751000,37.77829666363204,-122.41975065011458,37.77833035930319,-122.4197164827592,2.051776039836195,100.44605019376452,32.968956135493315,4.860888286530825,50.61267737628853,14,0.002341952594824096
1300000752000,37.77828614025364,-122.41973688854367,37.77836604796059,-122.41979709166267,1.7755795405242147,139.03202654044185,32.28234178965807,2.9322075585851666,48.043496796866116,14,0.020570058019587743
1300000753000,37.778276296885664,-122.41971605869159,37.778260328193575,-122.4197730700939,2.422690435991847,122.39715407200218,37.18866128917179,5.961462500592358,44.393178940591476,14,0.00617206291045184
1300000754000,37.77826541487262,-122.4196961505882,37.77826621458539,-122.41969614049323,1.6207046045749975,134.7150118673703,38.558836853950694,4.327169941763587,51.138223181098,10,-0.019741103577433656
1300000755000,37.77825923087879,-122.41967949786489,37.778314104323385,-122.41968458499545,1.5962992723291698,108.21783861966028,39.113998277851245,5.156191664161012,42.49044348606945,11,0.009930515278496673
1300000756000,37.77825225812411,-122.41966431055333,37.778257481933494,-122.4197146081595,2.192856753117634,110.12530592300928,40.70921339305079,5.747511227012176,44.45763435065447,9,0.01048996161897973
1300000757000,37.77824537623586,-122.41964432025686,37.77828991353019,-122.41960117362775,1.7059413084574973,108.12837194831621,42.88114871138687,4.105306194983912,50.1246995322235,9,0.012614012494567237
1300000758000,37.77823641619142,-122.41962049868725,37.77822128705752,-122.41955939197994,2.4323342832970525,124.70418038222395,39.01590396477682,4.247259634605502,42.32495827440744,9,-0.020655993135175937
1300000759000,37.778230523363945,-122.4196045205551,37.77832477432349,-122.41961788831284,2.0696014907486493,107.20149739370326,38.09122447800064,3.32220776114097,45.937005735041154,12,-0.006154461948748246
1300000760000,37.77822484397506,-122.4195854759564,37.77813983200387,-122.41947599361075,1.664745496286601,101.5019568722416,36.53780908565579,2.1421510703077287,41.29559178139468,13,0.003555959243278073
1300000761000,37.77822188399158,-122.41956382103486,37.77818839082324,-122.41944450795798,1.9389670208859826,88.34227579372106,35.74594616220703,5.584039864469508,56.642132239294426,14,-0.002700898670229163
1300000762000,37.77821856164219,-122.41954243639854,37.77825595314124,-122.4195590492135,1.7209923801816795,103.92901381131709,33.76032738707837,3.9568175977811983,46.0426609332066,12,-0.009979034372011652
1300000763000,37.77821695132548,-122.41951906878307,37.77821021820327,-122.41942009627715,1.980040080408746,107.33488237924075,34.515002806930475,5.899101456996007,56.176503638985274,10,-0.018507244565364806
1300000764000,37.77821384078486,-122.41949407506705,37.77830155905966,-122.41949507257706,1.939542417323937,95.60533941025339,31.095128789657903,3.4559908238746067,46.1642055705781,14,0.009184408281049751
1300000765000,37.77821354897426,-122.41946770617906,37.778298164884376,-122.41942864584976,2.1237333136675005,84.60670528458687,37.40163363258557,4.045041022009512,43.977667958077305,8,-0.0036221437664051372
1300000766000,37.77821206167996,-122.41944716966896,37.778155397741266,-122.41946101846932,1.6751269625231573,95.09257767235891,40.090442957454606,5.630946730074567,48.78331774481239,14,-0.0014370210821964236
1300000767000,37.7782105962438,-122.41942510661667,37.778241845404025,-122.41945437056353,1.5051849867668263,85.87889566997349,44.18876321508756,3.881587724077237,58.76592291996384,14,0.009383545274961784
1300000768000,37.77820993585689,-122.41940207113751,37.77812548292027,-122.41947458384084,2.9410024745242924,99.14554851982611,45.05229424436199,4.227439764457256,44.525778745478526,6,0.00025054057957150564
1300000769000,37.77821099359434,-122.41937878414706,37.77830211900144,-122.41941406478401,1.9188270438337367,96.08214532847306,40.239092535221914,4.975849521980551,54.928255981852146,11,0.005107841845340422
1300000770000,37.77821148996966,-122.41935571730713,37.77821463716545,-122.4193426732658,2.0734449516011666,95.48231504945612,45.036602916292104,4.890956956712627,44.363679206183846,9,-0.014865230862767108
1300000771000,37.7782104404463,-122.4193331830873,37.77825651534548,-122.41922244165995,2.305273030231803,105.28212925034497,44.33758399274632,2.165663634141771,48.928837621420335,8,0.006810082134228925
1300000772000,37.77820810720603,-122.41931393843302,37.778156962108426,-122.41940304791619,1.2453370649153117,97.63647565107993,36.99270959373454,2.087235781261381,52.90282011292612,14,-0.019815660452957212
1300000773000,37.778203106460886,-122.41929476860689,37.778281103641206,-122.41927003418593,2.0949958892049834,105.15475096086197,33.077367602142914,5.381313694701332,46.50024641288749,8,0.011557435942879538
1300000774000,37.778197924513556,-122.41927334792021,37.778202090172464,-122.4192306164054,2.9370135604736394,120.49889564051885,41.46043356053892,3.6290264717888294,55.02329502114659,10,0.0010405103217973274
1300000775000,37.77819126219206,-122.41925272528952,37.77812345853354,-122.41928197861765,2.189014690589097,121.209568279699,34.001302864483655,2.9645508683566186,43.9442857835141,14,0.00828017808576979
1300000776000,37.77818223958387,-122.41923215514065,37.778240740063104,-122.41929640747236,2.4557561901405993,125.42010151197914,44.88631815121378,4.7682403242739255,52.12610462827044,12,0.008028651621454034
1300000777000,37.77817444370483,-122.41920910180576,37.778156367904856,-122.41918157083293,2.063459162646667,118.2355728630346,45.1899333235613,4.347803390235934,46.144323967959124,9,-0.011024335699919187
1300000778000,37.77816620147552,-122.41918862311316,37.778181433961905,-122.41920861983142,2.5707993732848413,113.98846252245515,38.19526417841093,3.9083821494997797,59.32700600113088,13,-0.007035324511966566
1300000779000,37.77815545200167,-122.41916825381684,37.77820361173921,-122.4190918949804,2.2693758491615585,140.96259987854353,33.56434287246975,3.2066944582347405,44.653185935496765,6,-0.00027442004532114174
1300000780000,37.77814619612869,-122.41914570348114,37.7781449370336,-122.41912752647244,1.6946210524626946,125.96455646980982,33.21053704753255,5.206925894859385,46.88050502411754,13,-0.006655241039622946
1300000781000,37.77813831403441,-122.41912366348377,37.778166359087976,-122.419144005252,2.5729434871735166,115.7506682467502,39.42122895354876,5.992231311367671,53.72525651893462,8,-0.0207153137562634
1300000782000,37.77812904163881,-122.41909933345778,37.77812373169341,-122.41905497286635,1.4594220370285296,127.97480808847553,39.777009518330345,5.5449881153109235,54.91441381776458,12,0.002726945996304983
1300000783000,37.77812024668645,-122.41907924247415,37.77809377696046,-122.41907739971384,1.5363959163882352,102.12883977273228,40.04351206425233,2.021352220067265,45.340599830129264,9,-0.006792375972480736
1300000784000,37.77811178256729,-122.41905788364551,37.77808104176217,-122.41906102411427,2.0889766473190874,118.85267563456863,32.972300064063354,5.2657909422980085,52.39219178961163,14,-0.0012313266807676886
1300000785000,37.77810563516959,-122.41903863928319,37.77804205986086,-122.41906767771394,1.5274398443387243,104.87417674216647,31.420173791935863,4.117795950330104,51.31258728080972,7,0.014458145752460736
1300000786000,37.77809663305163,-122.41901741819119,37.77809295894201,-122.41898660300498,1.919252292773802,112.33043828827579,30.702536878959418,5.2757256714130465,44.83180808102675,10,0.0023149677774941557
1300000787000,37.77808748858111,-122.41899847288191,37.77801448179232,-122.41905105809921,2.1346357053319633,127.29731351914165,41.54157586694725,4.653839614880864,49.27237766084527,6,-0.006573719074810549
1300000788000,37.778079445657106,-122.41897728952114,37.77808568483567,-122.41897936219048,2.443835079905303,111.20566376694654,36.370258598276315,3.7378490100626007,59.71059074460777,12,0.006712464595677507
1300000789000,37.77806835831486,-122.41895644321222,37.77807644738272,-122.41892581086267,1.5512135084598744,135.70176586069107,33.91526901542584,4.865919294976419,50.14164449235656,6,-0.007653050260564468
1300000790000,37.778058855231784,-122.41893882009006,37.77803183081074,-122.41887199013755,1.5365273381925018,131.30560177477724,34.51990213643229,5.620157164767544,59.15701016730915,14,0.014972485199850043
1300000791000,37.77805088415709,-122.4189159156302,37.77804113943214,-122.41890708465414,2.2916883076154826,99.20271259818439,41.77670600798819,5.511944422469052,57.102775642813846,14,-0.009735265096334881
1300000792000,37.77804218370051,-122.41889795266242,37.7780021018616,-122.41886528881194,2.281010180472321,141.72917114417604,36.18258962072394,5.610452568805821,52.201187942928726,14,0.015854916525791928
1300000793000,37.77803528152343,-122.41887289638218,37.77813560640675,-122.4188982283487,1.6686478778925977,111.11534156930833,30.152255080106386,5.893268523397925,54.26268084762802,12,0.0025425458231860642
1300000794000,37.77803271352397,-122.41885013127043,37.77791715718532,-122.418804864982,1.5438314610403423,104.25075433834446,38.77165657632593,3.696656067892048,54.22915351273254,8,-0.0015650253014753857
1300000795000,37.77802854390517,-122.41882768531707,37.7779824027838,-122.41883985842185,1.7000892834440753,96.49422759876377,31.956393989648035,3.4987681049677786,50.279731305899276,13,-0.023489051694802733
1300000796000,37.778025256539465,-122.41880989909417,37.77803208947167,-122.41884472800821,1.3135636112026678,89.99799431742672,40.533326997291645,4.853393077546317,56.15610274691985,7,0.00015330852929832306
1300000797000,37.778022488859065,-122.41878984377685,37.7780381333928,-122.41874340377898,1.2529928401162476,113.05929370417739,41.1855907721438,4.127784342313621,57.19266607408971,6,0.00776272070516239
1300000798000,37.778021012942226,-122.41876307335419,37.778020808293476,-122.41875551797959,2.167683002180819,104.11303703053397,44.36239165248191,4.791558818736066,46.83964720166502,8,-0.014138087002792121
1300000799000,37.778020010981535,-122.41873863441468,37.77805853365864,-122.41868024242783,2.212886288359391,85.00810151030862,41.722079182612475,5.069002633219181,41.419171128921484,10,-0.015466600983562506
1300000800000,37.77801950901584,-122.41871384954104,37.77803092311089,-122.41876568807191,1.7566128983280414,89.6584731289366,36.42643341632941,4.44403593308558,59.70824256680842,7,-0.002691728540448757
1300000801000,37.778018514391384,-122.41869424150887,37.77798521560879,-122.41865057795637,2.0789514040000148,98.60371091621323,37.04172156682848,5.847231873393953,43.78063641568081,13,0.016029890051811293
1300000802000,37.778016338050634,-122.41866985778287,37.77800870479623,-122.41859333624076,1.6626225791664366,100.24659356296118,29.993697711514567,5.311838644106794,51.077663430529896,14,0.007616153360123898
1300000803000,37.778014232253454,-122.41864780347635,37.77800832020318,-122.41868917485053,2.0437839567689653,91.09358951264613,39.20164862230659,2.8726948473052487,40.00883528813469,10,0.00948059044911642
1300000804000,37.77801262358603,-122.41862416624834,37.778023652229535,-122.41866867650467,2.259480197910909,100.38077081416068,38.31086451188702,5.243315307827907,48.23759364398633,6,0.009128962578220417
1300000805000,37.77801114561058,-122.41860103237454,37.77794287485111,-122.41865835086774,1.3339538801500597,96.48720077232095,37.969018281133465,2.545098204005401,47.99810164723207,11,-0.007814031520802532
1300000806000,37.77801015378042,-122.41857476242114,37.77811309873472,-122.4185775501244,2.158305636892753,97.02849256545473,41.458774809670466,5.521633196212122,59.73478822184218,7,0.006315350961301963
1300000807000,37.778009693620376,-122.4185519687886,37.77794878420119,-122.41859757591598,2.1832402417826997,104.7350841703797,39.36118542319378,2.7904235712858005,40.20546863275689,9,-0.011406873633935197
1300000808000,37.77800682010447,-122.41852789619531,37.77802745457604,-122.41853055751707,2.1653935881168893,108.73554679155511,40.02691488825615,2.711936255940029,46.522582872701335,8,-0.0007934386889034953
1300000809000,37.7780040152017,-122.41850514794675,37.77800159842864,-122.41853463402413,2.7302988960317056,72.35941972533448,42.69924125510632,4.178335389179357,46.54193157244281,11,0.0074085349427867155
1300000810000,37.77800090454546,-122.41848186126364,37.77797330025984,-122.41841462978829,2.2883243474208004,108.85152285473347,36.13371597482152,4.588518125027528,51.99085375305691,6,0.003598624802337424
1300000811000,37.77799691016583,-122.4184630649588,37.777990392063394,-122.41847752694096,1.981394479282486,106.50939175117705,33.201640903286794,5.404656840097024,52.624078949359046,13,-0.016224953140113837
1300000812000,37.777991292064954,-122.41844168491662,37.77795828687338,-122.41847653993683,1.60740218243662,108.5121858460001,30.39606944527693,2.973877914388955,50.015947141260696,14,0.00760588070045056
1300000813000,37.777985827056796,-122.41842330998037,37.7778969803263,-122.41844657009678,0.7716941400429427,106.83548478039222,30.850866860745903,5.442854043480583,55.79406228660159,10,-0.004141521866620141
1300000814000,37.7779808876122,-122.41840351292748,37.77798531756119,-122.41830519856411,0.6015029079247629,101.05573503290378,31.591471154265612,5.0574838595365845,46.530415107722675,10,0.019717255744902403
1300000815000,37.77797254257975,-122.41838239470485,37.7780041342203,-122.4183561119543,2.685044244383855,117.44106710291945,35.1482027397254,5.712397436162303,47.10053813713566,6,-0.020489831407934686
1300000816000,37.7779668237177,-122.4183641925542,37.778032689868084,-122.41839016859817,2.586617447088148,130.2510942222158,37.53164310946092,5.665522440668125,43.86898347575795,10,0.0032039711448273527
1300000817000,37.77796371728566,-122.4183411334424,37.77803385649416,-122.4183186843339,2.844657284181137,102.8334496882014,31.007734834808435,3.905185358624794,44.51246949126026,6,-0.0054676292002951415
1300000818000,37.777963200618174,-122.41831654806398,37.777929164065284,-122.41831528022689,1.7819397780643969,102.06964144139823,39.3947725535098,5.493481037742387,56.07966660915461,7,-0.024523424079187325
1300000819000,37.77796236075801,-122.41829166714217,37.77788723137007,-122.41829276451965,2.132187439224026,94.42303645759675,29.857469344327626,4.857830175128104,41.97926099087495,11,-0.0092964719727977
1300000820000,37.77796306741032,-122.41826965913552,37.7780394476216,-122.41830048412675,2.4524896335643525,81.72977198696647,40.27531237820379,3.952536270650794,54.90165313238621,12,-0.002040585066380462
1300000821000,37.7779626552932,-122.41825185597844,37.77796517034912,-122.41832822587392,1.6757845280231805,110.17345772319173,42.31512682934418,5.5005084505480575,47.85116326511053,6,-0.005218498538162344
1300000822000,37.77796359820525,-122.41822883978588,37.77798834713173,-122.41829530576061,1.7465445243516529,77.34028511404964,40.579226788456445,2.3351590450936484,56.97929600879402,14,0.014715273005763597
1300000823000,37.77796334261003,-122.41820909534147,37.777963811291826,-122.41823953007145,0.8793922768802592,94.39357311731233,43.29990448488301,4.361502989774561,53.097110258801635,11,0.009998838299049026
1300000824000,37.77796469236389,-122.41818943522453,37.777970166039154,-122.41819016787856,1.1039138327614715,94.04740469603679,41.26641105514647,3.5362756713541335,57.86379497424549,12,-0.004258372882538438
1300000825000,37.77796521048784,-122.41816549059217,37.77797269479676,-122.41824724755871,2.0664496776746972,82.40653061546712,32.82401670103711,3.171566700149221,52.01657692901772,11,-0.001646424299254
1300000826000,37.77796537010217,-122.41814360462293,37.778003049283406,-122.41821475130894,3.416516440489705,94.90031715945499,30.081736481711,5.416816193203237,44.92471411699826,14,-0.010052924983805143
1300000827000,37.77796473105496,-122.41812437280673,37.77794850275638,-122.41815548665342,1.3710264588878165,88.90314400596783,31.493625597962286,4.512733952625199,54.677110944119335,14,0.018012079745485507
1300000828000,37.77796395018893,-122.41810492103198,37.77801529141369,-122.41808387224874,2.1413416370083858,74.73320085141086,32.938269145060374,5.5280589658040205,41.3969759162228,8,0.007845478784040114
1300000829000,37.77796151962529,-122.41808275271703,37.77797962560745,-122.41809171518052,1.749506416309028,99.34956313212545,34.411296103246926,3.1280116383982017,43.31342245906761,8,0.00816159512653488
1300000830000,37.777959986869845,-122.4180605685012,37.777982581366366,-122.41802350634603,1.8888510878335234,106.31628345147611,37.35049994492863,4.192886337965557,43.6148434436446,11,-0.018706011880518687
1300000831000,37.77796119034417,-122.41804059771533,37.777943288651876,-122.41807111328737,2.464181374287363,94.50011794838008,34.101504539514806,5.85859811378203,56.509612971660786,9,0.0005388633645021571
1300000832000,37.77796456340635,-122.41801680777822,37.777895007238826,-122.41810066312964,1.911898194481443,69.19389775764573,29.415302061408706,3.5497268188204645,58.36690089471274,14,-0.00520375672711648
1300000833000,37.77796867631311,-122.41799719750964,37.778007093006785,-122.41800219155333,2.227024985667446,64.01157051276452,37.98162617425132,2.606546411074438,50.86581965036403,11,0.003057786610218327
1300000834000,37.777973009610974,-122.41797425290224,37.77793853946909,-122.41803179813196,2.1829444302020344,74.63310351431912,35.24436306331193,5.851098648151387,53.795473504133334,13,-0.0033778626749111024
1300000835000,37.77797840972894,-122.41795153766566,37.777903835197144,-122.41794131778185,2.192069240728725,68.55799966843331,31.724091231908783,5.896599678070688,46.352685727163134,7,0.002710774720220022
1300000836000,37.77798465413571,-122.41793087862699,37.77798508371265,-122.4179744623752,2.284218851056528,75.18624408300914,36.23646340024353,2.8284091831801668,55.648563726814984,10,0.0013967490589012494
1300000837000,37.77799049487514,-122.41790917668638,37.77796736637538,-122.41788980700863,2.0739726296014016,59.32415716025752,32.09417513733749,5.081712238343243,43.160828348131574,11,-0.000968563714197884
1300000838000,37.77799714802898,-122.41789222242137,37.77797609717127,-122.41796441963831,1.277367280626441,58.59666368977376,30.871078390893864,4.017913488554836,46.288897660231996,11,-0.016479283921239946
1300000839000,37.77800375694551,-122.41787426473844,37.777935073139425,-122.41787917034904,1.4816191844329842,57.33249606037891,32.46480205894016,4.163901819434686,48.60904213673909,11,-0.012091325305169154
1300000840000,37.77801526733081,-122.41785726813514,37.778054494405794,-122.41781143893165,2.243909649388631,50.12645187975051,29.470838357770923,4.367188485314535,48.25325127852821,7,-0.023561116985394148
1300000841000,37.778024421675184,-122.41784631308973,37.77797607697986,-122.41786529114027,2.0439344069861645,32.34584181670391,39.92733242838045,4.921769316517527,59.77353660780912,6,-0.0002362323341472642
1300000842000,37.77803855839987,-122.41783169906205,37.7780391461463,-122.41779531330732,2.449266962302757,41.81252987124881,29.157305565668988,4.643990808327484,52.35160988865912,11,-0.004046415500070768
1300000843000,37.778052159128734,-122.41781597282531,37.777922674398184,-122.4178075056561,2.0119008615350444,50.47058367252318,43.16597769076857,4.9363747498328365,47.60272901807462,8,0.00020406632007779164
1300000844000,37.778065420793936,-122.41780301176595,37.777977326837025,-122.41779933396279,1.7347473443760792,41.56777652904452,39.2099722153391,4.538115997427972,52.58486594132921,14,-0.0024896826529619133
1300000845000,37.7780820634318,-122.41778740061356,37.778086285799155,-122.41773800698734,2.248936497830004,31.24432352763622,34.35762876465555,4.6949864512516415,41.43488150025213,12,0.017718049479627355
1300000846000,37.778097494984635,-122.41777650570621,37.77809233733547,-122.41782723047768,1.382826081331217,26.31829511830235,36.65651749935369,2.7549923676241197,51.551574323416716,8,0.007430356699036824
1300000847000,37.77811029553922,-122.41776612627399,37.778103076195464,-122.4177796758585,1.3232497773537033,36.443904877000016,30.61541748365491,2.3435385345168247,48.30400521809278,14,0.003051402607651812
1300000848000,37.77812542061386,-122.41775582997377,37.77808035737395,-122.41779085677781,3.1510841354977486,20.53268977649102,41.20551372136163,4.903536058900496,43.26579908546153,12,-0.0030818435379178642
1300000849000,37.77813779047149,-122.41774660800613,37.77809241733961,-122.41778274172307,1.3038611179888786,30.261032832355735,37.61052767856803,2.4517718155786015,49.593387649665566,14,0.006530711449735093
1300000850000,37.77815037289509,-122.4177363344898,37.778215004473545,-122.41769253772166,1.159213432950461,42.89569274007253,29.323969493768153,3.5044916152214998,50.76045226411331,12,0.006653307010490478
1300000851000,37.77816504867713,-122.4177251320846,37.778197971145325,-122.41780170049067,1.5518913254196507,34.88006965799327,42.86048561643015,3.1653147144377285,45.12419341841822,14,0.009015319253132153
1300000852000,37.77818027155482,-122.41771439112163,37.77819070319948,-122.4177279821647,1.894846718916074,21.01229332700943,42.57744703656418,5.606670645974477,53.56358344242176,8,0.01218596270711833
1300000853000,37.77819476626659,-122.41770680139608,37.778209268044165,-122.41778042009658,2.838095259194718,17.16390641024724,38.53431340965185,5.0140187700032754,41.33585861808,13,0.012392010459157643
1300000854000,37.7782121227987,-122.41769900064453,37.77819837406221,-122.4177558432383,1.894049602871856,27.234591948717977,33.64503386568888,4.251529529620469,45.39516822656363,8,0.01011739061182753
1300000855000,37.77822976882991,-122.41768901957911,37.77820780547519,-122.4177286573001,2.2345899832173295,46.19868640750832,42.72316523853744,4.722892789178351,57.330936329381124,13,0.0017086989285350828
1300000856000,37.77824349109093,-122.41768233772387,37.77825627102136,-122.417673697123,2.3741263014426353,30.478345487281686,38.23210894967823,3.8424578357403223,48.35737738624906,8,-0.0009685722155278348
1300000857000,37.77825752021843,-122.41767723874374,37.77817054004374,-122.41772697967129,1.6884927626699375,9.29803061340673,30.791261257262637,2.3097529542032316,58.49800052538285,7,-0.010288012978115971
1300000858000,37.77827261077418,-122.41767086071883,37.77829169201631,-122.41768372221769,1.6247662322573984,29.594094651571837,41.91378759834735,4.28791289857598,57.15389630540426,14,-0.014395042944554992
1300000859000,37.77828917599401,-122.41766333707079,37.778305511424705,-122.4176341080027,2.059869636594686,7.519657022200656,37.262321527872544,2.5378018072498474,53.17022799878026,14,0.004888134843512107
1300000860000,37.77829886464252,-122.41765899289098,37.7783748972808,-122.41761849252718,1.0208548312592443,22.695784336788552,36.68579661536194,3.995986570806363,59.261795989954535,10,-0.0014813982154232997
1300000861000,37.778315227205,-122.41765246092791,37.778223356418806,-122.41761853568858,1.937367426855557,29.08054261647534,40.149002830522825,2.3906873737007905,58.065709877723826,14,0.002349804924378966
1300000862000,37.778330471251834,-122.41764419095242,37.778320124952074,-122.4176353683835,2.359195468864847,28.36643593292606,41.605854821797514,4.042358236481381,41.185713350183356,9,0.010387753122105988
1300000863000,37.77834800465902,-122.41763548901496,37.778237509186816,-122.41763408818987,2.154304407936685,14.669454697639246,34.804502959319834,5.921330424446519,43.3150997001738,13,-0.008918271975244984
1300000864000,37.778360276679145,-122.41762869413921,37.7784157931721,-122.41770593930548,1.5283161180211473,27.966848983659844,35.4678945022313,2.657660080319058,43.64623938164735,14,0.011819578188509726
1300000865000,37.778374392671715,-122.41761954570474,37.778325375961714,-122.41764709095293,2.377529192347965,13.382663236580836,29.614210550177035,5.40258948500114,55.081040809046534,9,0.011469008569027928
1300000866000,37.77838917880603,-122.41761175741985,37.7783281029748,-122.41755333251048,2.181191027166155,32.252648220858426,32.755456436315086,3.0567867633283448,47.68438201264375,6,-0.008863271024995952
1300000867000,37.778407170318815,-122.41760181865841,37.778319548467,-122.41758919939079,2.191434285750093,21.60233762560479,29.320952896673603,4.379251182328963,42.94001907232328,8,-0.000768607309544437
1300000868000,37.778419792685625,-122.41759700304227,37.77843299577852,-122.4175826308304,1.3422337798224262,8.60785961934187,42.54631918166113,5.038529786757794,56.193011969415714,12,0.016103775002428166
1300000869000,37.77843525043685,-122.41759268352371,37.7784507261418,-122.41759264780436,1.3891766689674057,1.7746952827392661,29.948249544874425,5.49596402312062,56.16481998724773,9,0.0025642004967811644
1300000870000,37.77844949931027,-122.41758634068756,37.7784493933786,-122.41766876956262,1.3664919270085858,25.875042030714276,42.84612470123817,5.377271264830773,46.761619783961244,10,-0.006540455362102534
1300000871000,37.77846219087409,-122.41758138464527,37.77857715584352,-122.4176403048239,1.248623134974362,15.375904791970562,41.733842244244286,2.4635530547346813,59.067763069080115,9,-0.014819751691652647
1300000872000,37.778473323458755,-122.41757585988682,37.77850693413021,-122.41758683622253,1.0290870596459294,24.134153073227985,41.60969044569556,5.852141284250482,53.12313804004023,9,0.003392748933309879
1300000873000,37.778486679570555,-122.41756878879342,37.778534676895234,-122.41756948811874,2.5522507841349578,16.94205863917339,40.14233418416576,4.751401963209927,48.33178922864576,7,0.02345791264147264
1300000874000,37.77850199135581,-122.41756262677043,37.778468047795116,-122.41757655521981,2.264456438120866,11.640933773740432,39.61045390020644,2.3595763972044894,40.356131589905175,12,-0.019290598255928337
1300000875000,37.77851330081625,-122.41755876449051,37.77846232076723,-122.41757732539295,1.8986804444000511,19.523680812122564,28.93768330362646,3.1196703076863206,56.18816012814446,13,-0.005931927138546412
1300000876000,37.77852669751171,-122.41755515931824,37.778457600030094,-122.41758029621309,2.3142528334881254,19.673617082794976,40.778691493687944,2.9012053687310946,57.359986861658236,12,0.03803844039023983
1300000877000,37.77853804114908,-122.41755133912588,37.77851240374152,-122.41756299890926,1.75294755747692,22.381281954031294,28.837897703863593,5.298771699999193,58.47650761064908,8,0.00015041731829877765
1300000878000,37.77855200636903,-122.41754552100339,37.77848741874554,-122.41754908631529,0.6393283982300795,18.961597140832932,31.22810214700916,5.16952734795371,57.670868194753005,9,0.004764592744799397
1300000879000,37.77856369790694,-122.41754033678305,37.7785172451976,-122.41755261129016,1.5626884699726649,23.63688446631269,34.06029726799537,2.254890174946833,58.918241846032615,10,-0.007765587803641321
1300000880000,37.77857686033358,-122.41753269147146,37.77855963612641,-122.41745270850198,1.736256253463795,27.058556221213717,31.599049378655586,5.5257443250881675,59.73048270650031,9,-0.00142277144922905
1300000881000,37.77858790286294,-122.41752570516367,37.778544080260595,-122.41753252051754,1.0294851724808365,16.33469452768439,32.71915317464923,3.501573596208501,49.72848034717645,8,-0.0002761968844145317
1300000882000,37.7785997673704,-122.41751543088228,37.77856371915858,-122.41749732158446,1.5996221565033946,36.423859673896516,36.05887758486881,2.483231297399327,56.941304847894735,8,-0.010998263021841573
1300000883000,37.77861203097132,-122.4175038881307,37.77860995657287,-122.41756494659496,1.202207895384131,65.1222732620322,29.72856675419552,5.358341140033396,53.958153815348645,13,0.010197985085976486
1300000884000,37.77862182077257,-122.4174927774636,37.77859531176815,-122.41750515613842,0.8411887959256166,49.14667044564465,41.04607519917559,4.2853752285042415,57.20915511413536,7,0.007770087743314118
1300000885000,37.77862969569285,-122.41747916602117,37.778669479331704,-122.41748698405375,0.8780694053375587,53.44666450340384,28.852444112736197,5.445303791286887,45.92440750899409,13,0.01260768715815496
1300000886000,37.77863703808229,-122.41746737426885,37.778669511791655,-122.4175127503814,1.366050140642698,41.84651253960853,39.698669730799125,2.0304919283689284,48.54330899850109,14,0.003303723349954703
1300000887000,37.77864444481072,-122.4174563457097,37.77853955082985,-122.41743701311933,0.7647611740712434,39.974606937989485,40.299112200775525,2.116539433539823,43.12957978822517,10,0.013598996135527692
1300000888000,37.77865250372729,-122.41744090330208,37.778683132988995,-122.41745312372194,2.33516375573098,62.55703013572524,30.90092483414295,2.2742504936271386,42.546584052193346,13,-0.001502128601768094
1300000889000,37.77865870966834,-122.41743024327693,37.778630981952524,-122.41744545150351,1.6812643892833046,56.107896903318185,40.12328447442106,2.756500003208569,59.508061790996514,8,-0.009660602458165265
1300000890000,37.7786672865833,-122.41741844152175,37.778681608589345,-122.41741268935299,1.0009092217074338,25.889538519894202,40.55088169798173,3.4159989709243814,56.66109487125207,7,-0.0020338685989999073
1300000891000,37.77867331078013,-122.41740523657133,37.77866582296464,-122.41747605343772,1.93381563717114,51.52410843331448,38.487451974039374,3.0518291738460936,45.561565275440486,13,0.018268421809813785
1300000892000,37.77868001192277,-122.41738518873204,37.77870246429122,-122.41735610911253,1.7138882575207428,74.88466897092228,32.33693232612488,4.06809675334783,46.7832204511748,7,0.007102911733151641
1300000893000,37.77868522631027,-122.4173687936795,37.778722253398826,-122.41742627670706,0.6749046904765631,75.30025149427325,35.670716217554855,5.461011776547837,41.740056705389975,13,-0.012924709332857606
1300000894000,37.77869189207231,-122.41735374898381,37.77858154708469,-122.41737017987259,1.6883203479927094,55.5876104129077,41.73706000823752,3.314404116599986,47.722991105570124,12,0.014800399361683458
1300000895000,37.7786997964218,-122.41733814604525,37.77872220661423,-122.41737111075649,1.6840252003888705,56.61229649897618,41.548408034524584,4.582169642641679,40.617405422419004,10,0.01284867586287522
1300000896000,37.778705578173906,-122.41732570746397,37.778709775479534,-122.41731308571671,2.222125839274412,67.65646560553797,37.199028004579525,2.5481566245584766,52.531865167411794,14,-0.006317283071828509
1300000897000,37.7787112294828,-122.41731210077558,37.77867314221696,-122.41729718804908,2.0164426932035733,54.79856179643866,40.24251528953943,4.11110770949087,40.85006596639475,14,-0.020580846340670502
1300000898000,37.778716742716334,-122.41729583925446,37.7786589966654,-122.41729752255632,1.240318703525741,70.08520553921247,29.25845827707074,4.631962816942751,55.29208819759674,13,0.007169486488041808
1300000899000,37.7787212106946,-122.41727973849278,37.77873938392059,-122.41726759239118,1.3868798360856,83.14673605363492,37.810409239421986,4.999922800367356,47.71136782176528,11,0.008882303484702774
1300000900000,37.778725243593705,-122.41726201644519,37.77866328019987,-122.41729120319653,1.014679486435305,75.71567234139721,30.076674274849566,4.702439426203034,56.408714689306166,7,0.009122008076061125
1300000901000,37.77872916627276,-122.41724556645387,37.77876979015379,-122.41725778881016,1.511061287849492,94.81299377751517,31.571799500616972,2.096714250395465,50.59063397501175,14,-0.000191191157973492
1300000902000,37.77873348871599,-122.41722700917572,37.77878056033228,-122.4172429755896,1.3240817595148038,67.2205787775,29.100867734599856,2.0907654235988855,41.34722585031217,6,-0.00926665540013765
1300000903000,37.778738340363816,-122.41721166212618,37.778720797699904,-122.4171261002309,0.27060316018699093,55.168092664463046,29.982534483050408,2.5822826036867896,58.63827062240375,14,-0.007308059357462705
1300000904000,37.778741326554915,-122.41719399599093,37.778693896071154,-122.41714622084217,1.4783683862260508,82.16303055210102,31.703682874727402,5.020771321068324,58.72728606749268,14,0.011142582539684927
1300000905000,37.77874594035996,-122.41717604700546,37.778776982938,-122.41707072146588,1.5901083129160694,74.92003817710578,41.43083889184105,2.4648948169663956,43.0466406237901,7,-0.004701244526772045
1300000906000,37.77874942414741,-122.41716330515177,37.77888156185196,-122.41722372614367,1.348959768650602,59.028304570680085,31.565210117715274,5.523384173601439,40.37381147922952,7,-0.015005794626984974
1300000907000,37.778751926146334,-122.41715105412158,37.77869447911255,-122.41711793267845,1.5800857642733912,91.50297764676901,34.82832167196647,2.999972082262552,51.30019180458248,14,-0.0048363955763111805
1300000908000,37.77875441015351,-122.41713726305521,37.77867580912054,-122.41719025131717,1.8329474595184885,65.49105939666799,38.5169946903523,5.679146177239508,47.27490960246011,11,-0.005511965118782537
1300000909000,37.77875599087524,-122.41712455568143,37.778776931641886,-122.41716628437302,0.8183686933460228,83.62488444788829,35.86705123890349,3.1122953543359944,44.784309728310234,13,0.00809312381699195
1300000910000,37.77875880154579,-122.4171063064234,37.778724934085304,-122.41709954740824,2.0889583627795187,67.4683789174171,40.69461624863634,3.2449643045806305,52.294206491594,6,-0.012713970985232926
1300000911000,37.77876165393953,-122.41709013058954,37.77878141642282,-122.41698414409892,0.9595946084827669,67.10718449389314,33.62475275858664,3.2941172456806003,48.21224345072961,12,0.004431983864836821
1300000912000,37.77876292389629,-122.41707343614979,37.77873635955832,-122.41704845917005,1.9614088263550868,72.05232657800785,39.207353734720805,4.803629801051187,52.03456871644643,7,0.005598557789586498
1300000913000,37.77876351868355,-122.4170568375139,37.77873886439648,-122.4170919180985,1.5399061106390437,101.86028272863604,37.964994946238896,4.494683485493043,50.20760941122295,11,0.0013825377806568385
1300000914000,37.77876421584415,-122.41704338722964,37.77876290753016,-122.4170251557521,1.1495425921753546,96.24038255559883,39.85819711515547,3.944487870013534,42.695936621754605,7,0.005284568855999669
1300000915000,37.77876563312335,-122.41703069906521,37.77878636661535,-122.41700057452383,1.552246177207616,72.60281743681445,29.48163291087887,2.3263147015593786,41.8068007110939,10,0.0008554643605342975
1300000916000,37.77876794035068,-122.41701766748757,37.77886919867885,-122.41693655787658,1.4403250676974544,102.17958088899529,40.08545726125223,4.100762014756297,54.62796113140987,14,0.010339580203282458
1300000917000,37.77876965991435,-122.41700657603123,37.77881303330571,-122.41704839651409,0.6802426752335047,75.72078707897465,39.93100227654327,3.93893633257748,40.9742278596348,7,-0.009627118092203586
1300000918000,37.778771804308015,-122.41699308301494,37.77880141030605,-122.41704561445685,1.5920488546553035,73.61549733073912,33.74208634075569,4.879898636950114,44.55626349239406,8,-0.0008677650316622012
1300000919000,37.77877369693023,-122.41697551063785,37.778791038249544,-122.417003191069,1.6390125091470675,81.11913928181244,42.38049236565835,3.0790632583580457,42.42840237690807,11,-0.005620479514149853
1300000920000,37.77877646927946,-122.4169613220854,37.77878754965642,-122.41690804833937,1.1332783740515338,73.28877433753195,42.76468114089634,3.138576489887493,44.43619134379788,12,-0.0004496958686702684
1300000921000,37.77877844207945,-122.41695079449548,37.778750271381206,-122.41695153168371,0.8889194067806375,84.11975526859678,34.14260294437561,3.4101411354014917,53.23771069124438,6,-0.005436484174394962
1300000922000,37.77878186843759,-122.416940812033,37.77883294782962,-122.41698322806128,0.3132466922739072,74.54239405597268,30.853064179452254,3.5639450911800856,47.3937064778727,7,-0.020981887324861597
1300000923000,37.77878666033775,-122.4169275297509,37.77874759079218,-122.41679953784404,1.2611436478942928,58.81231106294688,39.84247712953918,2.635305641529441,56.69662726000129,12,-0.002393644848821727
1300000924000,37.778790693005575,-122.41691624789951,37.778760248558996,-122.41697405710681,1.1215020941838174,79.9543675589815,34.48054709156858,2.623756379287577,43.76868490792718,10,-0.01079769902841427
1300000925000,37.77879444912534,-122.4169063821154,37.77868834749331,-122.41691674657804,1.443526639991991,61.84451277210691,39.23333045277144,4.4288749950022,51.8217621909313,7,-0.011307771672056797
1300000926000,37.77879706473321,-122.41689798517106,37.77879888154929,-122.41689685532677,0.854344457603966,64.60100494944665,36.85265066844593,2.325312698013019,44.722621137167714,8,0.00275363534773018
1300000927000,37.77880209285411,-122.41688661766113,37.77881931559233,-122.41692641627878,1.2300905790131071,40.91476149489206,40.216826324338996,5.686529913515845,49.25937252762602,8,0.007339201124952592
1300000928000,37.778807069070666,-122.4168759756225,37.77878315583645,-122.41690136301017,1.805830251764208,47.772406815477154,36.167712635171725,2.8820258486935915,47.770869213297466,14,-0.014783803651174583
1300000929000,37.778812340216234,-122.41686276661667,37.778827431704045,-122.41687894002364,0.9734548415169768,69.64093592431534,33.044380212805294,5.669435636484552,50.995576571405415,6,0.000846191713818734
1300000930000,37.77881568805739,-122.41685288184831,37.77877479315941,-122.4167938423064,1.4448440533135885,66.68067463197906,36.77039428577138,4.279862691902546,55.46663310132818,13,0.004496826718063534
1300000931000,37.778819553327516,-122.41683963426433,37.778843607898,-122.4167990920178,1.4727372691439098,70.63041383950711,39.473623483783065,5.570136768252675,56.95767068591738,7,0.004637614609436237
1300000932000,37.77882206231746,-122.41682960408744,37.77889445925937,-122.41685216928096,0.2625279713252666,69.81309326556126,37.966667662991156,2.756689090861285,57.81898496622679,14,-0.005138217636156573
1300000933000,37.7788244005518,-122.4168212992715,37.778802068835454,-122.4167277646961,1.2829136773350431,68.93836470623913,30.91879321099633,2.343636445779958,43.77980314236517,7,0.008895533201401669
1300000934000,37.77882815942965,-122.41681043955145,37.77871368377358,-122.41678956227145,1.1900927479854637,54.954328349378514,43.83435219696983,5.674909462608402,40.77812031308897,11,0.004025216522427538
1300000935000,37.77883205421438,-122.4167987560069,37.778838432993574,-122.41681061184806,0.7500634183046625,60.1109861079442,36.083839835418964,2.6985276296332703,46.08207645315375,9,0.00454090476801634
1300000936000,37.77883611736504,-122.41678742103485,37.77886625572271,-122.41670630116313,0.9545020709060632,67.92807104325941,37.40788895988524,4.626420023317575,49.93331556924112,7,-0.0025532628584008176
1300000937000,37.778840274101555,-122.41677641100777,37.77868622204488,-122.41679554138808,0.7265093810953143,79.34555472530262,43.373506523384144,3.2360114343526685,54.86995188219503,14,0.0004761689381097156
1300000938000,37.77884419648024,-122.41676393456297,37.77882060503552,-122.41681049189839,0.22188891852789472,85.79630593973303,30.301301910769286,4.1692176646634165,53.05229028415704,14,0.003607804796409797
1300000939000,37.778846256485224,-122.41675588025753,37.778809899966134,-122.41676700547866,0.3786857656848997,76.73061771767752,33.49640696614195,3.987708629825249,44.57264815861851,13,-0.009458797640224325
1300000940000,37.77884972162743,-122.41674722302828,37.778872402824746,-122.4166866740792,1.0827255965005345,79.03175147628883,37.758088269201735,3.0297630485613234,51.200164315489474,11,0.005130068646637897
1300000941000,37.778852362183954,-122.41673746737919,37.77886322787818,-122.41669415130134,1.5920926447960564,83.31893946069103,44.44598345258217,3.1130541205078863,58.29961576899999,14,0.010887873965854616
1300000942000,37.77885582096215,-122.41672414105811,37.77886092481598,-122.41676680519308,1.5453560928471932,68.82240372489501,39.62502243485953,2.627692160142753,44.612819745994614,13,0.00032432980295150606
1300000943000,37.77885718534052,-122.41671510760952,37.778843998190695,-122.41664804887475,0.9966664967917124,94.52172657531428,37.76095609803938,2.7209245591045526,48.51063595357978,10,0.017249981193221166
1300000944000,37.778858526070096,-122.41670467124572,37.77885891362719,-122.41664209251432,0.48489578127564054,83.48888568422589,43.44813477608032,2.293746736117828,57.104666118126886,11,-0.0055061556444249635
1300000945000,37.77885959089745,-122.41669087399758,37.77878896282509,-122.41673627188757,0.7548074778993596,102.17100852200161,34.925412498699835,2.7014228167217333,59.54812952158073,6,-0.0022650876297954366
1300000946000,37.778860414806026,-122.41668026733788,37.778896535990654,-122.41667776941101,-0.11974346884334652,63.65944287971991,33.447760398398174,2.15948913004422,42.21167849321599,12,0.001730436244464602
1300000947000,37.778860196362174,-122.41666867740075,37.77882797204605,-122.41670037897643,1.5562034626073795,95.3086405340137,43.32933436272889,3.9336562412378826,47.595355135469816,8,-0.008672905768224846
1300000948000,37.77886072218898,-122.41665382308925,37.77885369712301,-122.41659486146355,1.4471576559195167,85.43775163816079,34.722884083068195,2.7466532747253325,54.92189620653773,9,-0.009517143759903564
1300000949000,37.77885966085266,-122.41664220423607,37.77889619321979,-122.41658981730403,1.251369784352555,106.15095876699475,38.236268380246,2.8690766190392885,51.513203655294866,7,-0.006819998716020117
1300000950000,37.77885870455603,-122.41663049400063,37.77894303632654,-122.41668688681047,1.032298252540526,108.9848703477894,31.041499665703828,5.033437067905739,55.93514052548353,9,0.01892563340398112
1300000951000,37.77885831019619,-122.4166190002495,37.778925961697475,-122.41666104537498,1.8596336438629022,90.71890141105244,34.36299724113291,3.468606618050076,57.69468338606631,6,-0.005262590700435543
1300000952000,37.77885731619018,-122.41660924372026,37.778914189468296,-122.416578823562,1.3365327617533325,106.72539021498108,43.27444219438607,2.2800004469806594,47.90977221241372,14,0.0027106914566044017
1300000953000,37.7788556696488,-122.4166005715381,37.77878494296376,-122.41662013542513,0.6485582266200587,93.40384015471929,36.79650383556465,5.3518761707647196,47.76989558859246,14,-0.0003682132785396275
1300000954000,37.77885325623271,-122.41659034422777,37.77881603210134,-122.41666830553916,1.4588389838368843,109.57984787696213,43.29438756289918,5.279720167131197,43.71867866904059,6,0.002499300085268128
1300000955000,37.778851306766285,-122.4165770140859,37.77879679673622,-122.41655440273382,-0.21278029404722076,87.44250936129377,31.5864705572203,5.993244861674693,56.83062590781468,9,0.001145922462026607
1300000956000,37.778849450603296,-122.4165669265476,37.77886489363501,-122.41650536114072,0.13188708422597584,97.22505036721411,38.22697985493194,3.9001380931597485,42.376229722364435,14,0.004249081268575359
1300000957000,37.778847598537986,-122.41655689213293,37.77878290240971,-122.41657849169025,0.9808698017896669,91.03186077456219,33.973335247026206,5.315130854993704,55.473923780767414,14,0.005221466157726761
1300000958000,37.778844444348074,-122.41654585441016,37.77884567834468,-122.41651219755713,1.9547100743711467,121.05081184325857,30.615780238231853,4.478256411260289,51.03610683394694,9,-0.0062905799553254465
1300000959000,37.77884311520262,-122.41654231722818,37.77886517516825,-122.41662356940779,1.0707019357171665,109.04701667519748,31.44773465252995,4.347241684399621,47.89333361757747,10,0.005858543345303921
1300000960000,37.77884012600866,-122.41653156970497,37.778837374000204,-122.41647740049696,0.4392571235612893,106.59841176495263,30.689880632936188,5.822123315695135,43.22421679388619,13,-0.00750048180163872
1300000961000,37.77883768632359,-122.41652229439234,37.77884473400919,-122.41656524641321,0.9448809430492147,92.75561467270042,39.16920633286993,2.6166644567978463,54.405484365403154,10,0.004885398996721034
1300000962000,37.77883579318788,-122.41651491858964,37.77880685778943,-122.41647553447775,1.0398410009700092,107.11520558148148,44.38552149178807,3.967318544328011,52.292422568816164,8,-0.010888670163718679
1300000963000,37.778832457114596,-122.41650410066991,37.77880890852666,-122.4164840109043,0.7982705120115174,94.58369529974453,44.809805754119374,3.6616382726415133,55.74644915244948,7,-0.0017513979410843233
1300000964000,37.77882946872994,-122.41649700076375,37.778817431007035,-122.41656455154875,1.4197299995972386,114.34792671992184,38.62338828571654,5.472377176883627,55.36086324205698,8,-0.010800218581410715
1300000965000,37.778826842555254,-122.41649044608808,37.778829648617155,-122.41651349996745,0.22188519515530414,118.26025592045721,39.26443850760487,3.396208424903306,49.518310143998235,9,-0.005044698848269911
1300000966000,37.778824310157106,-122.41648385758448,37.778853898823996,-122.41654204028049,0.9880477163173325,101.06564990124755,39.60718047731291,4.7219769231216,41.83630062884811,11,-0.006824820658807298
1300000967000,37.77882273441983,-122.41647809022898,37.77887473350832,-122.41649137377274,-0.34455202988057265,118.10178420179518,35.450099474188555,4.03835765304976,57.32521884608521,14,0.0033674678964616977
1300000968000,37.778818555441944,-122.41646907825653,37.77884112458175,-122.41648012637275,0.924450775372498,113.76054247118584,39.855433702962756,3.616730122528096,57.88718408946952,12,-0.0006628771156977272
1300000969000,37.77881431979992,-122.4164611205397,37.778812536769784,-122.41636762315652,0.5211497555274024,153.64872051480756,31.915133161710177,5.591720461034619,54.115450086809304,7,4.860877974919253e-06
1300000970000,37.778813243029376,-122.41645898463061,37.7788803532666,-122.41644663357985,-0.3664703068609563,119.61487854535373,44.28467133206097,3.0379470761119896,47.69801875526202,10,0.003974931905498418
1300000971000,37.778810114758784,-122.41645293264207,37.77882636781545,-122.41645891628465,0.6765886801813212,111.47836493419177,40.338707375277096,5.156893307327923,40.72740995200286,6,0.00987826228250393
1300000972000,37.7788065545772,-122.41644589819597,37.778812610459845,-122.41643568974818,0.061152227164448236,135.00857207469497,35.753662573971674,2.046715117711961,42.27914340135164,14,-0.0022038176908868736
1300000973000,37.77880401990747,-122.41644114443508,37.778757005385714,-122.41639274382169,0.15427884499782252,123.26454200205488,41.46114337609715,5.6447792247280315,57.59972284413821,11,-0.02333958297073768
1300000974000,37.77879689361821,-122.41643053687572,37.77876087993653,-122.41651755326407,0.8806235209730798,138.94521086571567,35.4802968761913,2.583404157473269,52.15275815659312,14,-0.01371318629548904
1300000975000,37.77879240771106,-122.41642479996928,37.77888623273547,-122.41644584334638,0.6604508120942223,138.82525495056683,41.08201712848282,4.268596675614778,40.448672009366135,10,0.007010454456241693
1300000976000,37.77878808090042,-122.41641681707914,37.77883555908805,-122.41640889237844,0.8310410560946329,119.52632450036502,43.42022616611044,2.6212416813814077,57.66630877520193,9,-0.0017921385320196145
1300000977000,37.77878434717106,-122.41641050541692,37.77886789989299,-122.41647701314288,1.1232141440676306,111.02682907520182,39.55133966301629,3.494036171934542,45.2875996065853,13,0.01639899050242288
1300000978000,37.778782296222516,-122.41640610376685,37.77876402967626,-122.4164268989248,0.5031288808365518,111.6373824154685,37.950404175841875,4.881252947619815,44.1243626609368,14,-0.013528527582540148
1300000979000,37.77877813321907,-122.41639940394295,37.77876988382031,-122.41639455531869,0.22279544439385324,136.19460970129575,33.769568763724024,4.003309133794291,58.395391292298456,9,-0.0004853123326781008
1300000980000,37.77877390145401,-122.41639250132496,37.778695528029125,-122.41636234990456,0.8261822081639181,113.15251737080412,39.92357001678861,5.290188419832629,44.42283747431229,12,0.016457034233095413
1300000981000,37.778770913838486,-122.41638760841545,37.77880218450566,-122.4164292180776,0.23628440152286195,115.55059188255561,34.52885446451679,5.565011492239315,45.94005539451881,8,-0.01522804157594969
1300000982000,37.7787671244308,-122.4163817997539,37.77875093024921,-122.41640745960217,0.013439428776191198,120.42797507711985,35.326572844460316,4.642847780977432,59.39952037197026,6,-0.009622097500383767
1300000983000,37.77876175998548,-122.41637405208715,37.778819896198485,-122.41634365279559,0.748781597162189,127.53146013890937,32.53565095073072,2.7337099083118375,41.16872456765437,7,-0.007212290673339802
1300000984000,37.778759220091246,-122.41636894167202,37.778748456034634,-122.41635238281631,0.6087335782551331,134.06029505326967,37.76792634998298,5.926929381418027,44.28609329038034,7,0.0017083655071047019
1300000985000,37.77875414989917,-122.41635783803012,37.77876216295361,-122.4163286769729,1.6937488269721244,126.43458212435903,45.02670041893799,4.779942454401706,46.676688402584716,14,-0.0019432171368487594
1300000986000,37.778751374755146,-122.41634968252083,37.77876417120492,-122.41639130607011,1.1724962369418916,111.94286463708848,34.62419626372565,5.948280667947529,43.015754958092295,14,-0.0017910124326167562
1300000987000,37.778748715712254,-122.41634162411002,37.77884163555039,-122.41632445527999,1.3491888203095703,115.43051047665658,45.895866491518355,2.6144432724142677,49.473150632851144,6,-0.01597322339826603
1300000988000,37.77874663504918,-122.41633673775767,37.7787006280667,-122.41638992766526,0.6755752436808469,121.9914622884848,31.763621819868437,3.072626263480434,41.26837182685171,13,0.010700832745606596
1300000989000,37.778745056212216,-122.41633293939543,37.7788095540652,-122.41637022874936,1.2291684507408234,90.58543594120661,32.74641995236624,3.233961618805616,47.389703184458035,14,-0.0002634157229001372
1300000990000,37.7787415698449,-122.41632448558123,37.77878339450287,-122.4163827226071,0.8350603577945426,106.64174340965126,43.040388942033196,3.0876798204530775,51.729796644681855,10,-0.0007830905183342082
1300000991000,37.77873775034742,-122.4163161389842,37.778693251517275,-122.41639270525637,1.1725155253894166,111.23714405250476,37.72288956274694,4.11813937401455,41.777850715563346,13,0.005096049209824586
1300000992000,37.77873362996115,-122.4163088731358,37.7787530504723,-122.41616959005445,0.549068198547163,121.37594315629642,39.95582795758548,5.263350103922823,51.691541986033506,7,0.0023593656666455794
1300000993000,37.77873206972499,-122.41630618984611,37.778697042497065,-122.41627322725006,0.724359458699482,134.01567270851373,34.88648281415742,5.49724394826867,57.10719214122495,13,-0.0209045231126125
1300000994000,37.77872745818954,-122.41629918359217,37.77877970660924,-122.4162902892863,1.1357568559660658,119.38138877871359,40.039342194655106,3.5872072497620264,54.24569945474093,7,0.013343381131443056
1300000995000,37.77872546815779,-122.41629672270058,37.77873232851537,-122.4163830534054,0.5818876388204985,142.20825063536395,37.18300072795006,2.5268232069450707,44.95099457508039,10,0.00026719724225291564
1300000996000,37.77872274614011,-122.41629302489078,37.77874288562928,-122.41629798610728,0.3068244790183251,124.72277354148603,45.56822456849312,5.583423575873027,51.4773120354081,14,0.01016981202879978
1300000997000,37.77872017243314,-122.41629020318797,37.778802097335465,-122.41620224512259,0.08816886394726536,134.12296061546914,36.58002330304353,4.089641387849339,45.224791506538686,13,-0.01657449576510438
1300000998000,37.77871726622498,-122.4162870751492,37.778686572604336,-122.41626963762471,1.0087594095807249,145.7934747230581,46.70622646304168,5.462283899593857,59.62245340785282,8,-0.00763510269283044
1300000999000,37.77871475855442,-122.41628439907687,37.77868486786836,-122.41627832659759,0.12679515364709398,140.75697725162416,36.97310650113334,4.834767645646075,40.45059890641187,9,0.000978857665336581
1300001000000,37.778711162979484,-122.41628131279506,37.77873792998109,-122.41621959447973,-0.18834375383497626,154.05362755466817,38.30623520599515,3.952272548961886,40.867868365409265,8,0.00863663206745677
1300001001000,37.778707426663324,-122.41627799707892,37.77863813532512,-122.4163306976633,0.40652974023514804,147.15261848281673,39.048555094889885,3.810390043322852,46.72060686647957,6,0.0026617702023876834
1300001002000,37.77870414622925,-122.41627478685817,37.77867987275942,-122.41623035397656,0.27953390870557177,143.24849901556766,43.922919958786196,2.9677783850459076,58.581843089934644,8,-0.009758553516585425
1300001003000,37.77869891841097,-122.4162702485326,37.77867115062042,-122.41622662536042,1.71606606754204,140.09962165357436,36.9720364417878,3.7373029141602916,47.62438954432994,6,0.006706265089914944
1300001004000,37.778693278858306,-122.41626605695092,37.778676382401436,-122.41628509503161,0.8993637940107487,150.87209589491152,41.678140715378625,4.511045849197232,45.98141739222068,11,-0.011487759571476694
1300001005000,37.778688911848754,-122.41626200882729,37.77857533508427,-122.41624769890399,0.4012400158041335,134.17804968523248,46.30938919623424,2.2702513629558534,48.525310098429856,7,0.007276757650253731
1300001006000,37.77868429209443,-122.41625873167285,37.778636957506905,-122.41623846885582,0.23365860662599203,157.94180097887184,42.08430278222559,4.663959818061393,40.35228353646809,10,0.00040119407538758567
1300001007000,37.778681547241646,-122.41625772233225,37.77864420063893,-122.41626172911819,-0.3577508265347529,169.50785676309664,39.006821422543766,4.7803163377741145,44.635655985211635,7,-0.008232668351132491
1300001008000,37.778675888947134,-122.41625553320951,37.77868609517015,-122.41635497204857,0.4831537855584569,162.12663752568915,40.37073125290839,2.9042275060274423,44.52631785839389,11,0.0011216595939328835
1300001009000,37.778673830755494,-122.41625476718885,37.77866840455692,-122.41634850345196,-0.03710159660520376,177.77976169899875,46.901138318802246,3.6976169770067084,50.948302934879415,14,0.018414587213233347
1300001010000,37.77867085964456,-122.41625346204542,37.77869543458834,-122.41624545281879,-0.17080314347754388,168.17086663439858,35.68570328958532,4.595723545567647,41.0330938685377,11,-0.005288928709374855
1300001011000,37.77866618531845,-122.41625258931784,37.77864722199392,-122.41618910038618,0.01649544339868303,169.83977445915724,42.621618842967095,2.0427090210423566,55.15715896260474,14,-0.005942555022223473
1300001012000,37.77866286999286,-122.41625157991166,37.77855295820883,-122.41627359521901,0.15044687575133606,160.89410160367916,44.4513896022313,3.085416880381814,53.598292911769825,11,-0.0005499134231936629
1300001013000,37.77865918232642,-122.41625057022505,37.77864311995164,-122.41636549266053,0.41219965317107676,163.45959387922875,46.64393088917894,3.6386520060429715,47.989863249162426,10,-0.0035355328730536846
1300001014000,37.77865743609041,-122.4162498713587,37.77864213599168,-122.41625650331166,0.5056890220890852,165.7097700181589,38.06810734417849,5.510065704051575,55.57802971444623,13,0.004613077541087859
1300001015000,37.77865620201096,-122.41624926361655,37.77859230457543,-122.41625520375088,0.6776075344454293,153.5165561156451,40.04881132642338,5.751956975149364,40.10983565282439,13,-0.008000953631363696
1300001016000,37.77865244778449,-122.41624682998196,37.778624613178586,-122.4163172756828,-0.10246949824914875,142.02331785462138,34.91677640197272,2.228680674946767,45.167384858090955,9,-0.011293758587194653
1300001017000,37.77865116898174,-122.41624628099743,37.77868756609595,-122.4161703948133,0.4797318486853832,166.52252235704307,32.81051523176864,3.290211740741762,52.645336888948044,11,0.007078111461015489
1300001018000,37.77864898652191,-122.41624546629426,37.77871134673767,-122.41627858136775,1.2697697304407165,182.46778741046452,43.078686224940114,4.361231525539749,48.1776899561614,10,0.002381000631048905
1300001019000,37.77864629745172,-122.41624471719051,37.77861825788898,-122.41620552638675,1.0825440479687958,164.5301490855619,39.05458410452986,3.9642375258809706,56.4119615455117,8,-0.0022600206786011546
1300001020000,37.77864266102102,-122.4162441233619,37.77860953188946,-122.41622284641353,0.8776414811878313,192.2464402471548,34.67505855027907,4.74021671196248,43.676291669218585,9,-0.010287990627593646
1300001021000,37.77864115608379,-122.41624377285159,37.778682971760155,-122.41618830984532,-0.08701346830347384,167.6243403696065,41.93857703718723,2.9706515162882776,59.99100702067984,11,0.006059779420998897
1300001022000,37.77863847602915,-122.4162433886703,37.778557056540215,-122.41636725704888,0.23629264998042498,180.53698606516858,34.00337765488328,5.94184164914342,55.393338898879094,11,0.010500333632437577
1300001023000,37.77863573653918,-122.41624248337524,37.77848194854174,-122.41620725185425,-0.11545155605518359,157.79973968503356,43.45741834612663,2.198778438241579,55.7545041270144,12,0.0040624018667851725
1300001024000,37.77863153238021,-122.41624123333042,37.77865260999673,-122.41626831058528,0.8007403875391035,177.25082321469074,44.13634089601154,2.795465710533966,59.64634659950655,10,0.005371391753553936
1300001025000,37.77862909137547,-122.41624067371534,37.77868194950142,-122.4162203951136,0.04956503653277111,173.81458168959824,33.50875661418819,5.004652489457649,55.21266047618826,6,4.727700212136041e-05
1300001026000,37.77862642111945,-122.41624016874673,37.77862736473443,-122.41625964881115,0.8980176819478363,185.59045428266543,35.66643414972066,2.280655970246487,59.20461401328214,9,0.016705203197286567
1300001027000,37.77862248209379,-122.41623991111142,37.77865682976551,-122.41619499996631,0.927051626637388,181.05301281262737,43.815776585005416,4.29671087600969,53.88857227932008,8,0.004563495256092398
1300001028000,37.77862108950589,-122.41623986266278,37.778665413183944,-122.41627141195163,0.05763236459109443,168.24435124213244,43.38651698684931,3.0383487879464104,48.882923100622754,12,0.002244141876045804
1300001029000,37.77862085767363,-122.41623982356352,37.77861826248752,-122.41622390780397,0.2561155368528763,178.27861796403062,45.2478039573385,5.053618576245185,42.764205704686546,6,-0.016428673632882716
1300001030000,37.77861808231662,-122.4162388268818,37.77861966544315,-122.41623800688936,0.9860927758455817,150.55831148517728,42.151703176295854,5.285410142830145,40.3532909539559,12,-0.018438436219963734
1300001031000,37.77861577715913,-122.41623781297305,37.77852674338855,-122.4162114252003,-0.17651739830650276,159.6152427762999,36.383550617686474,5.597939064033987,51.57877327474842,13,0.0031456787793690587
1300001032000,37.77861385544357,-122.41623683648257,37.77848927707872,-122.41616847308389,0.7053297294104056,162.22879295577883,40.165727662904764,5.278772229641093,45.85213073187022,9,-0.004614353586075572
1300001033000,37.778611538773625,-122.41623579297553,37.77865920588374,-122.41629368596777,0.878105973584322,162.9011664760891,37.127757256606586,5.020258965412196,41.630643148618844,10,0.004700029205818615
1300001034000,37.77861143671684,-122.41623573765357,37.778628947354036,-122.41625724008773,-0.694349012323187,144.8913102369539,44.677178373493646,2.2478048952416034,44.789142950021976,8,-0.01769651018792441
1300001035000,37.77860961380709,-122.41623506690834,37.77857982645285,-122.41627767287363,-0.2828065654137213,183.41303398905663,41.31708253336647,2.373461351718932,50.122449278790995,8,7.494913343402575e-07
1300001036000,37.77860742113946,-122.41623429361047,37.7785641687082,-122.41622616542253,-0.06285262439924832,144.0000664711623,44.7472568244234,2.7822860052124936,46.57564817311246,12,-0.0009769107051209997
1300001037000,37.7786027373097,-122.41623282866244,37.778580783136604,-122.41623364809985,1.1087987552686158,168.76138228449437,43.707507852008284,3.997161954063764,49.32618428180865,8,0.0059774760278534815
1300001038000,37.778598607041744,-122.4162311826682,37.77864413618058,-122.41617837190823,1.1166629623879551,170.5696646890405,45.40244911160979,3.3031785454681386,54.93153391158043,7,0.0027338648496842673
1300001039000,37.77859802801455,-122.41623099437969,37.778634442389574,-122.41622471770853,-0.37933590016275565,159.9305897525887,41.75993256638502,5.427164867793591,54.02626416042835,7,0.0037123632330219344
1300001040000,37.778593197679314,-122.41622908736719,37.778547556140325,-122.41618641315918,0.014365385907456507,153.4076524355745,33.8178942092593,2.281639848799807,53.26735143414847,10,0.007553363611786685
1300001041000,37.778592414204134,-122.41622871950149,37.77864048229399,-122.41624795525088,1.1076609838672615,140.39494324823494,38.14924518300671,3.8402573140041776,43.83034400275563,9,0.0036728295354736653
1300001042000,37.77858991421352,-122.41622738556362,37.77860698818579,-122.41628946870487,1.3695589698249573,149.2975272851439,43.124464000269114,4.451297501812057,42.04576694675837,8,0.011928751042505084
1300001043000,37.77858561722104,-122.4162247041132,37.778553962065835,-122.416208517934,1.2030164203061169,145.43066701795138,40.81938434411724,2.5439076366874587,40.56461705136867,9,0.014054775713669516
1300001044000,37.77858318563618,-122.41622280132998,37.778547312097196,-122.41623426942326,0.23795600595542055,175.2657114095005,39.61416759074369,2.197660832373489,45.99612106590126,12,-0.023258380866484758
1300001045000,37.778580740609925,-122.41622112859145,37.778527565031425,-122.41616970776174,-0.18413822283379166,133.95650515659693,40.80457700690721,3.60108555053044,49.75511977776047,14,-0.02929755482020601
1300001046000,37.77858073911522,-122.41622112758378,37.77858955167743,-122.41627291809854,-0.3799274145875298,165.98305664858745,46.11220875554065,4.175054339402901,51.36095397056377,7,0.0027437168656583495
1300001047000,37.778579021122205,-122.41621989910527,37.77854286240399,-122.41622942979568,0.8240668206284392,158.39177403991613,32.24137047082709,5.557438018826272,56.14175718641243,14,-0.007235479591782293
1300001048000,37.77857887496164,-122.41621981222623,37.77865391494099,-122.41618396563679,0.631980426610941,158.5934273305449,35.59026199299965,5.551245342764977,49.01965206923619,14,0.015969778313274438
1300001049000,37.77857403832959,-122.41621682010688,37.778610319578036,-122.41625859365506,0.8955924036788443,143.65744184874114,33.10187384160822,4.501069984372552,48.83774142397383,13,-0.0186820866231922
1300001050000,37.77857300888604,-122.41621620527567,37.77860853067472,-122.41627225644675,-0.6470956434146866,150.9584007527343,39.86024232752933,3.049938585108204,52.10978571640413,14,0.014272466317672766
1300001051000,37.77857300888604,-122.41621620527567,37.778547258499835,-122.41623302660172,0.3454762721673133,156.26584933691754,42.42245491701526,3.538509791895955,42.41439680253741,12,-0.02392843485921209
1300001052000,37.77857300888604,-122.41621620527567,37.77854021081648,-122.41623492709365,-0.16741451366964555,138.32940802833468,43.21970424704566,2.3841163768652747,41.62048602776566,11,-0.00795168772335179
1300001053000,37.77857300888604,-122.41621620527567,37.778614706404625,-122.41635053662047,0.248986708374253,145.61767626512682,39.859364633052806,3.141272628545788,53.30591553301332,13,-0.0037180270532299405
1300001054000,37.778570842123145,-122.41621426706486,37.77854867070398,-122.41624328087916,0.7601986310541836,130.7329437954271,31.861130323086105,2.285367857064311,55.04274971845351,13,-0.0021118700313033432
1300001055000,37.778570842123145,-122.41621426706486,37.778503023091226,-122.41625285911735,-0.287925909112272,152.46970870127998,40.338639898915595,2.263828965653711,59.028460180662606,7,-0.004080311668472928
1300001056000,37.778570842123145,-122.41621426706486,37.77851733130652,-122.41629275797783,0.49915595942993457,148.20878055985273,35.51582513995464,3.732970319679444,44.80934761525647,9,0.004804771491445246
1300001057000,37.778570842123145,-122.41621426706486,37.77851395868205,-122.41624733901038,-0.5081995574121952,162.5398024415166,44.97723695168073,2.0237251972973316,59.5351955592311,10,0.016419860681640818
1300001058000,37.77856934196794,-122.41621346673597,37.77851296442529,-122.41628961065943,0.5696308663580261,155.8391104826076,41.113770212796275,3.333619889808314,56.55794149146416,14,0.00951487121064533
1300001059000,37.77856934196794,-122.41621346673597,37.778602208671785,-122.41622004843829,0.008379511800620966,161.7000664588776,44.44765221119351,3.8764540233725566,46.22926192003433,6,0.006680909692702568
1300001060000,37.77856934196794,-122.41621346673597,37.778576255203355,-122.41621355908241,-0.13652591250996116,169.13232808233747,44.32008085552353,4.544079144009364,56.58187383949662,6,-0.0055099380858600715
1300001061000,37.778568460061464,-122.41621323974363,37.77850189417354,-122.41627904037706,0.5023718353794013,153.7275172042962,33.02433884581571,5.293403763305581,47.862112312907485,7,-0.00022278947789241654
1300001062000,37.778568041663746,-122.41621316964108,37.77854918816602,-122.41620498277241,0.46875783203548793,179.79925269731618,33.52331519515749,2.1004997512210952,42.004971568788925,9,-0.001015945181168249
1300001063000,37.778568041663746,-122.41621316964108,37.77852445058833,-122.41621303399917,0.31524847299153996,165.87341912693412,34.99311439793474,2.4830549976763754,42.43361838324359,10,0.0016992422434986812
1300001064000,37.77856561558133,-122.41621266586296,37.778664145169806,-122.41623620519711,-0.4037406672722596,163.60520227905184,33.22394298769755,4.432937421063198,58.13683130544239,14,-0.012516421819645364
1300001065000,37.77856415225287,-122.41621225107045,37.77853494823403,-122.41619787419793,-0.7449706487958322,166.33167772066935,36.839648334259714,2.0351909387107994,53.247779987432786,6,-0.015921985545682353
1300001066000,37.778563771410184,-122.41621213793744,37.77857525287868,-122.41625250730962,-0.8213336363867221,171.17608108717258,38.59220380364995,5.281279520567249,57.575998813143094,14,0.00032350261470135463
1300001067000,37.77856312089515,-122.41621189378156,37.77861080005418,-122.41632596694217,0.4238459977618113,163.18503430298986,32.972967102397945,2.1952833636271794,44.2731309662328,13,0.01321466786294201
1300001068000,37.77856312089515,-122.41621189378156,37.77853640538258,-122.4161359015437,0.16311198223042675,169.31701360028234,38.5411525528264,2.9405680097381843,49.495338625391234,7,-0.00018592740633309018
1300001069000,37.77856312089515,-122.41621189378156,37.7786471943036,-122.41610089680972,0.7933577033857742,189.20232770691635,37.124215134961815,3.649754594844156,47.985425670548864,7,-0.004885273098452018
1300001070000,37.77856269545364,-122.4162118747497,37.778612793833005,-122.4162886533409,-0.10029100943866193,175.48051403991596,45.495301795631505,4.3580329206854405,44.31362414282317,8,0.010027142347109243
1300001071000,37.77856052979206,-122.41621179432487,37.77859486442983,-122.41623805532798,-0.29683767948667705,181.33480692702756,32.968718618054105,2.8875165419833784,42.39364978325976,14,0.0006044011317432129
1300001072000,37.77855922266675,-122.41621170525752,37.77856239686585,-122.41619501545611,-0.22615205915259362,204.63038895858017,39.06151572067878,2.754511620558885,48.4482916070461,12,-0.005876230967595481
1300001073000,37.77855922266675,-122.41621170525752,37.77852304814419,-122.4162701824928,0.057405926187532756,161.95257837782194,31.302178355211304,4.906085334974532,56.43570268501515,9,-0.002673060149457603
1300001074000,37.77855860533955,-122.41621173536977,37.77853888837988,-122.416238070783,-0.661263298006103,185.76419807817288,32.600717426654555,3.419114287615725,51.620097238767286,13,0.011417536663727497
1300001075000,37.77855816211624,-122.41621176609942,37.778522234733934,-122.41616356276421,-0.7364884678139237,187.79450381996932,37.37456476196905,3.204810719005922,44.09024171704004,11,-0.005216576575571657
1300001076000,37.778556571536335,-122.41621195110122,37.77856577486921,-122.41615714332659,-0.38652286647904344,179.28269724050696,35.85462267277729,5.634003757212707,51.72826102147974,10,-0.00908079519595716
1300001077000,37.77855446192144,-122.41621255004873,37.77850344780645,-122.41622717330016,0.06687438976349186,187.4713000891584,32.75965455204431,4.758145364996939,43.524006750569285,10,0.002505319694091248
1300001078000,37.778550286211384,-122.41621317151308,37.778543515325936,-122.41623099727113,0.9001552349916928,186.6319143895962,44.436082142454914,4.593840973381019,57.03953330988307,9,0.015503072826326701
1300001079000,37.77854946860537,-122.41621336611773,37.778617962366184,-122.41616932247422,-0.32768805718208743,178.23692487481003,36.129154388697444,2.132354372325673,56.17199508237957,10,-0.005802096480521441
1300001080000,37.77854946860537,-122.41621336611773,37.778562025340165,-122.41622428758687,0.37056655149574513,201.4335258272695,41.341696605203744,5.322548692914819,55.83975170723235,14,-0.005431979699992291
1300001081000,37.7785494051973,-122.41621337819213,37.778538334234895,-122.41626893235517,0.45393642114382277,200.89191198081227,39.73789711047012,5.637300300353116,43.91455327684542,14,-0.008207826660197481
1300001082000,37.77854596925488,-122.41621448000537,37.77857824536449,-122.41623906595215,0.9586944063109859,219.18663292268553,40.56037185785786,2.9525634807131884,41.25141684751739,11,-0.0185232410391627
1300001083000,37.77854596925488,-122.41621448000537,37.778513931906474,-122.41617838997662,0.6368068431173013,208.5330466172775,33.672135152155896,3.6533583728278454,41.49127735957013,10,0.007910633364041022
1300001084000,37.77854515588999,-122.41621491928835,37.778543240389325,-122.41614935865539,0.7572598449179073,209.02047233085287,40.182519422417705,5.635323981736489,52.87669595381177,8,-0.015131099599696652
1300001085000,37.77854515588999,-122.41621491928835,37.77852665351698,-122.41624383515713,-0.3890625070949017,221.31505204408143,36.09441274535497,2.4842353759997913,44.455186069413195,9,-0.005346738135458464
1300001086000,37.77854301851462,-122.41621606541669,37.77855782901071,-122.4162004360655,0.056830070190102916,202.51143018298052,44.80081296361871,2.7504037425280425,57.7114311450435,14,0.008551876697410735
1300001087000,37.77854047569042,-122.41621750287098,37.77866309806349,-122.4162236691255,-0.33030031948389726,196.76808180260485,32.90618695281806,5.877239965769357,51.13218142587367,14,-0.008079803417398484
1300001088000,37.77854047569042,-122.41621750287098,37.7785254203148,-122.4162308328261,1.4259018983385048,200.61170709492012,34.843147169647324,3.3223007976072307,53.03399496470475,9,0.003514728670515969
1300001089000,37.778540177726626,-122.41621764884138,37.77854803922194,-122.41619474715097,0.22012390488830794,198.27350114797093,41.8432836203616,5.366717188459364,48.26604895039815,13,-0.010119206000907299
1300001090000,37.778540177726626,-122.41621764884138,37.77850185146429,-122.41612404028075,1.2533137965433672,198.09373203247074,34.03703763153166,2.287657063253676,58.78812116594007,7,0.0012220146393438483
1300001091000,37.778540177726626,-122.41621764884138,37.778616672833444,-122.41624871820322,-0.18903719006851932,207.3877149957952,37.36065299894004,2.868994774720141,44.905264988163324,13,-0.023043192019058717
1300001092000,37.77853800040593,-122.4162178106457,37.77849841557978,-122.41613763565974,-0.1603118540895094,172.72370846333897,31.685609354918164,5.833794899407897,51.86101736521838,12,-0.005708674011158376
1300001093000,37.77853789438676,-122.41621782259922,37.77861798788746,-122.41625537240178,-0.36653906575795697,189.00402258318798,44.518904764936345,3.5238711957569664,46.87484146138959,10,0.005543924633500953
1300001094000,37.77853615830126,-122.4162179164645,37.77854585651565,-122.41618566504334,0.7693018730154305,188.12874565354247,34.795645242227884,5.999084781687816,58.784875962214045,13,-0.008940060360502836
1300001095000,37.778533825938695,-122.4162175560618,37.778397985726606,-122.41627527160239,-0.624156743319783,181.20050791929373,36.78105928095715,5.463795213939189,49.473030563022206,8,0.002141406020620136
1300001096000,37.778533548212444,-122.41621748931172,37.77852309145512,-122.41624155256629,-0.014060352746611222,181.20253698584202,43.844247903340836,4.978664867573276,54.93959670886845,10,-0.0041240776635109696
1300001097000,37.778533548212444,-122.41621748931172,37.778458152542065,-122.41619420773084,-0.11410572871685547,184.526823013602,43.61811561262203,4.379497747436224,45.77770955268139,14,-0.0003732118934407711
1300001098000,37.778530296929404,-122.4162168715483,37.77857725573872,-122.41622803952826,1.0306231427670318,175.9046227087076,44.43960784540187,4.798077405882859,59.91239501638888,6,-0.004836105048165334
1300001099000,37.77852901308501,-122.41621681405307,37.77859865495708,-122.41630412759697,0.905005448153886,193.70170793077392,40.87829557476993,5.323807278353743,52.71311244690216,13,0.009895735662884111
1300001100000,37.77852901308501,-122.41621681405307,37.77857873501079,-122.41623363595647,-0.13269600840291368,169.659813053126,33.06465429303912,5.103251895603632,41.871991215704476,10,0.01371092692399613
1300001101000,37.778528051322645,-122.41621653819286,37.77858887420249,-122.41624259105332,-0.4542111181163778,176.36164648896397,41.03278783640938,3.313384868961925,50.968568010426566,7,0.0030940075197716296
1300001102000,37.778528051322645,-122.41621653819286,37.778527382321705,-122.41624745718697,0.2768709929916364,151.42234336057237,40.396982744919775,4.2816305613197105,43.2467232838338,13,0.010810009885478804
1300001103000,37.778526350278575,-122.41621590397169,37.7785381616452,-122.4162832610651,-0.09705233710243633,165.60921105201422,30.715074396520375,3.6936092010735875,55.488604297473,13,0.007413520995996411
1300001104000,37.77852502277358,-122.41621512873344,37.778502107929086,-122.4161917688696,0.5055693617880438,149.61610460170618,44.257413540777335,4.534699637167931,47.21286167632893,7,0.00027291826601175785
1300001105000,37.778524131384145,-122.41621441419478,37.77861313804446,-122.41627156651057,0.4109090249282178,160.80849730507543,42.70121602160925,5.178862926929698,40.5277124898609,14,-0.026059725474359502
1300001106000,37.778524131384145,-122.41621441419478,37.77852856749229,-122.41618887360792,0.4153643747520591,139.5926782236029,44.31597199406684,4.753202823792,54.71158276897067,8,0.007118025663174514
1300001107000,37.778524131384145,-122.41621441419478,37.778555238960124,-122.41616994100978,-0.7124602180086048,149.1290736918058,37.12482621692752,2.4718372560027335,41.166368760237845,7,-0.003565561110483758
1300001108000,37.77852191298333,-122.41621269449169,37.778549235706336,-122.41607544790301,0.2816802466983929,147.66257641493277,29.936786488638997,5.393356923433485,46.378565569664005,8,-0.015837817780865786
1300001109000,37.77852100403907,-122.41621209524801,37.7785298451195,-122.41618060423278,0.08260390379378985,149.56140314376466,41.807089921682966,2.54905670756561,43.34339090312185,11,-0.0180697428620013
1300001110000,37.77852100403907,-122.41621209524801,37.77849347209495,-122.4162588797639,0.2690872537176275,131.64892153657615,40.533803650357505,3.761743408148269,42.5588287924052,13,0.000314307395912882
1300001111000,37.77852100403907,-122.41621209524801,37.7784557938595,-122.41622034851855,1.0039941749284,171.0775613254806,37.09496445743454,2.1044394792504106,50.739409758769675,13,0.00751926474715118
1300001112000,37.77851763789513,-122.41620917684499,37.77849632216375,-122.41619577090255,-0.027211294715511036,162.81371790073453,43.84696061870302,2.4382647217243627,56.009258576388724,7,-0.01618728768224671
1300001113000,37.77851549770631,-122.4162071107309,37.778499609017075,-122.41616907580547,0.08402457815236236,129.13023652523069,43.418486998927115,5.838121469532645,44.87386631010742,7,-0.00065653736195534
1300001114000,37.77851445246374,-122.41620612181482,37.778488550221034,-122.41623873905237,0.05065550000907122,146.31809491347096,30.678115396091822,5.801099006991205,46.43848091251363,9,-0.012725285986251752
1300001115000,37.778513152821574,-122.41620485061466,37.778471767663206,-122.4162175612089,0.7049132883489637,134.51682717663513,38.731637405724605,5.0536646850039855,45.08167425787269,13,-0.0006280132168396129
1300001116000,37.77851226152274,-122.4162039881876,37.778591626863495,-122.41627104087648,0.9761012594108169,139.95676745373686,41.615653196422244,5.920178594641065,55.74219350120009,11,-0.012660244325859944
1300001117000,37.77851226152274,-122.4162039881876,37.778492547074194,-122.41619193875894,-0.6799173105694771,152.96911694228368,31.21984781752607,2.5301743401918744,41.61098885854473,11,-0.0026946909093015178
1300001118000,37.77851226152274,-122.4162039881876,37.778441790510776,-122.41613306260552,-0.7393504512577685,139.83188670116886,31.268207382866407,2.7121692792676204,55.715678574093616,6,-0.009322804390814638
1300001119000,37.778510838026925,-122.41620272570194,37.7785157382465,-122.41611948217388,0.09321860989804939,158.5423786223848,42.90143608876887,5.481167840821227,46.931374342542654,8,-0.01717884878298728
1300001120000,37.778506924868516,-122.41619901383005,37.77852965963965,-122.41618137135261,1.1517364665183187,165.8265390551438,31.376259944352125,3.5587525375524782,58.586494818138895,12,0.0038847232728970783
1300001121000,37.77850436011791,-122.41619740833126,37.778582697443106,-122.41614781450224,-0.1964871625006277,156.860392668635,34.01629866159502,3.9180786865918016,58.02470688514049,13,0.011313182936340524
1300001122000,37.77850424801417,-122.41619733774208,37.77843240496266,-122.41618424055527,0.44190467956695767,158.9233232887538,29.831807635974293,3.715150723187314,44.878485913627756,14,-0.008840425004042486
1300001123000,37.77850397909112,-122.41619725765638,37.77854717506156,-122.4162267204955,0.13587393789002106,179.10648663894435,40.26966164467843,2.562470632769472,43.89953471995911,12,-0.015170678555226736
1300001124000,37.77850397909112,-122.41619725765638,37.778488946847055,-122.41622480806701,0.2247458287838637,173.17708259629208,42.98504280888323,5.262501056216516,56.599394056951155,13,0.008701610693798014
1300001125000,37.778503333029036,-122.41619715144779,37.77850194388632,-122.41634943035947,-0.058799137266580356,170.28068364501064,42.57934088073693,2.082899548501907,55.15339275051751,6,0.006604436181410815
1300001126000,37.778503333029036,-122.41619715144779,37.778444201718635,-122.4162093885059,0.8422870911541763,180.94218968332143,37.768928827640984,5.634394145272214,48.29244335375979,14,-0.003095566154109422
1300001127000,37.778503333029036,-122.41619715144779,37.77858997220419,-122.41612303188899,-0.34915609849259266,166.97058785234876,41.0638805928213,2.6426722181779,46.09113244333424,13,0.011559892550168878
1300001128000,37.77850272269958,-122.41619707493868,37.778526140021455,-122.4162278990916,0.6825537114965416,184.37756284074501,38.256103696877005,3.9692886993018464,45.881642609714405,9,-7.416421054475336e-05
1300001129000,37.77850062650711,-122.41619656371105,37.77849009284438,-122.4162160105425,-0.3264678921368136,179.10979012829262,36.47353871883138,5.072582976754294,40.36554072421606,13,0.009563302877400563
1300001130000,37.77850062650711,-122.41619656371105,37.77850287626454,-122.41627833719127,0.0016967811507534718,166.7465829946033,36.93146526354691,2.6183612053010625,48.82263184146974,8,0.005253620834647397
1300001131000,37.77849916682997,-122.41619612636254,37.77855973948965,-122.41618967030378,0.5942942534949697,158.36091949888095,40.064302764035844,5.231796416543167,52.31151408405337,8,-0.01127550157265771
1300001132000,37.77849769994493,-122.41619587810825,37.778614952606794,-122.41614836487221,0.7785455313200742,167.27219622712485,40.9265990899262,5.251084148659558,44.926972870907434,6,0.021611837370639455
1300001133000,37.7784957823849,-122.41619560590722,37.778466012389195,-122.41626318126033,0.5341612095142649,179.07371899235463,38.4256784240883,4.934811094226626,56.441718117644626,9,0.0028156353213534898
1300001134000,37.77849327385878,-122.41619561447172,37.7784401698697,-122.41624476756566,0.23363574765472792,183.31683391915004,41.6567773684328,3.1987699485932017,46.67938950063973,7,0.01001930874902616
1300001135000,37.77849066858963,-122.41619585920903,37.778455007276925,-122.4162757722966,0.26334996613950573,186.64244912533601,41.963100842456,2.3249534144799733,41.88737287362477,14,0.00396736057590303
1300001136000,37.77849066858963,-122.41619585920903,37.778415764443366,-122.41618775302845,-0.5595125310180098,174.56506116654472,32.066297777459496,2.8099972284838732,50.376452931202536,9,-0.013517037685193084
1300001137000,37.77849066858963,-122.41619585920903,37.77846518188077,-122.41619730602582,-0.5419621959106974,187.43747947921153,30.558830539675544,2.502060331044509,47.91053127810853,10,-0.01675736652754298
1300001138000,37.778489382636195,-122.41619594408272,37.778555346057544,-122.4162082523471,0.20520224415505503,177.92425813135114,32.6694987798926,2.6857546796102016,53.992700557436414,11,-0.004909931327036547
1300001139000,37.7784888405379,-122.4161959938892,37.778355449260744,-122.41624201594932,0.0859430730055713,174.70263589226852,37.656407204902116,2.1346778565885036,45.77632947711986,9,-0.002150374237674814
1300001140000,37.7784888405379,-122.4161959938892,37.77853686097661,-122.41618904679272,-0.07571361973035864,182.5879839539786,39.77306832410281,4.11170613981881,44.88450098528047,11,-0.004196070393333252
1300001141000,37.7784888405379,-122.4161959938892,37.77851357539755,-122.41620143878811,-0.7827338754030723,188.79773906165806,30.151537967426705,5.2157257284849825,53.640379675433756,9,0.0008635816553229082
1300001142000,37.77848580350397,-122.41619632542411,37.77855478650097,-122.4161760533974,0.48765266842106847,184.45061829532796,32.143501649144916,5.89821150780234,46.30388526060937,14,-0.011695874208110954
1300001143000,37.77848573458095,-122.41619634128536,37.778471610891295,-122.41623386317427,-0.3747428656061148,176.03286791866378,34.15493776847401,5.054031002491297,53.46136410328809,10,-0.0020977695410676527
1300001144000,37.77848295575629,-122.41619686709419,37.77853823670272,-122.41625116963765,0.5498902059415721,189.52320593535543,37.19930519785172,4.513343524763881,58.01797355992461,10,0.027132955921725682
1300001145000,37.77848295575629,-122.41619686709419,37.77839775785345,-122.41614606253657,0.4767839231936581,184.31448257904273,35.957353777838534,5.232056642280481,57.518267354948264,9,0.006640202760557704
1300001146000,37.77848295575629,-122.41619686709419,37.778456082180114,-122.41616200536873,-1.3322562406878484,193.19399337716743,33.893152619537254,2.28788473400834,50.55727278590949,9,-0.0031072523583647984
1300001147000,37.77848295575629,-122.41619686709419,37.77847709853453,-122.41622483511372,0.5779932758860481,184.07814027178728,33.15820786310479,5.2632989300202375,57.38073772275209,9,0.0019276922490186132
1300001148000,37.77848180666739,-122.41619726560096,37.77845263333314,-122.41627131280954,-0.3956592387440821,181.1441855534688,38.18225825597322,2.100705460427174,49.26647000297769,14,-0.01176622945407178
1300001149000,37.77848164548881,-122.41619732679762,37.7784827255613,-122.41623022006057,0.05042231568598853,177.49943997875602,38.64718076482811,3.554847426234747,54.15662776648336,7,0.005481172151505216
1300001150000,37.77848164548881,-122.41619732679762,37.77852254153155,-122.41631333566191,-0.3345514033222033,179.56707786722467,29.506322684883806,2.6131906468739943,48.93699549703378,11,-0.0002034744486752233
1300001151000,37.77848016544415,-122.41619769456337,37.77850283624275,-122.4161590261138,-0.42788861536083067,177.6959319854058,42.88120011260145,3.500956671575186,48.67068699992256,13,0.015921030632360972
1300001152000,37.77847736476175,-122.4161980711856,37.77843681029244,-122.41609251066014,-0.19823261320045604,185.126518458984,39.69190165472649,5.934641392406176,50.194468848554244,13,0.008253238652705332
1300001153000,37.77847538374906,-122.41619854530238,37.77840360586287,-122.41626854650849,0.1143630574638005,173.09372367713334,42.67866180728874,5.114807257749575,49.837969005756406,11,0.0027504627249086656
1300001154000,37.77847314920998,-122.41619899342898,37.778577669187264,-122.41626439846323,0.09111706957502552,192.79018173592192,42.150783715296036,3.117133949676836,58.58567035981298,11,-0.003395743808402619
1300001155000,37.778472347076075,-122.41619901083972,37.77857260406504,-122.41621065328471,0.5249705974029337,193.80720305881283,29.25300855676574,4.06020150047782,42.07667948524136,10,-0.0019951050783626723
1300001156000,37.77846810463186,-122.41619980902446,37.77846170897335,-122.41616201972305,0.6618076481065172,190.49145474285297,42.51273349938741,2.9013505938354105,45.802293624857704,10,0.002876706476871929
1300001157000,37.77846810463186,-122.41619980902446,37.77846860871432,-122.41619855417711,0.41942447218360346,186.01096559784386,30.10021840111619,3.8254186916479394,53.44794084504029,13,-0.012705643032297865
1300001158000,37.778467511678926,-122.41619991522573,37.778495626442165,-122.41618886806252,0.18487834037612727,205.2197364839997,41.43840293455265,4.476665547221395,49.8597997426739,7,-0.0041734854770070695
1300001159000,37.77846536944236,-122.4162001192238,37.77837506979352,-122.41618424653788,0.9514389858750728,176.38164105004643,41.965443383135565,2.3331546890553128,57.89936284326112,10,-0.010307558415371404
1300001160000,37.77846536944236,-122.4162001192238,37.77852048396215,-122.41620593558868,0.6872110653124931,186.27709774983748,35.153070765143475,3.8825744756260407,48.23671480045822,6,-0.019259362879339274
1300001161000,37.77846536944236,-122.4162001192238,37.778384536104774,-122.4161811952597,-0.10582239236311256,207.84270329959426,38.040732396488394,3.093897920136985,50.699648698143406,8,0.003010179465355731
1300001162000,37.77845854757584,-122.41620306677996,37.77844386833013,-122.4162715781375,0.121346182497578,187.31656673622177,35.44817967347856,4.796154583613232,54.2414515691307,8,0.005864936582618071
1300001163000,37.77845854757584,-122.41620306677996,37.7785880921171,-122.41626557269812,-0.1077940498975832,205.85342262727536,39.35830377682829,5.937706446372383,52.04680142057066,13,0.011382341664740545
1300001164000,37.77845854757584,-122.41620306677996,37.77846745612843,-122.41612516351279,-0.39987621021546105,177.33721617181442,36.80477942112383,2.5089196470566626,47.606839368800976,14,0.02524618028921957
1300001165000,37.77845517200782,-122.41620358874682,37.77843794609775,-122.41635397814443,1.542087382286662,186.76926392490068,29.60237005804216,2.1637272672740666,49.381560622741034,12,-0.005178236809898207
1300001166000,37.778454055603596,-122.41620383019263,37.778440432878675,-122.41622766833505,0.00517194992984521,192.08171140829631,37.348200088780416,4.446921597171153,52.61008986514752,6,0.008482388557252071
1300001167000,37.778454055603596,-122.41620383019263,37.778501177707604,-122.41615608030085,-0.5479748585091547,178.06058264437917,31.556619441055734,3.65403526381689,57.478647475688035,10,0.009648278980980975
1300001168000,37.77845135142419,-122.41620445357118,37.77840705576573,-122.41632004339326,-0.152292188469841,191.91856336028818,42.557110273595114,5.542993241439384,47.07889109835758,13,0.005560377901617153
1300001169000,37.778448499824876,-122.41620475622966,37.77840783003713,-122.41621167684147,0.16376937891304635,177.38748261280946,34.74029137333054,4.142803762799484,43.38184862940305,6,-0.0022767074967378524
1300001170000,37.77844600190278,-122.41620470340933,37.77839512428477,-122.41624963911592,-0.47222595828454667,190.8851267198979,31.836964977095636,5.876481497585745,44.34774161445985,10,0.01096482408191117
1300001171000,37.77844295046206,-122.41620421375728,37.77845890714505,-122.41623575785236,-0.553398844944295,187.348852100318,39.32485688559882,2.0917213130944243,43.51596498698291,14,-0.0029815000695775857
1300001172000,37.77843932217667,-122.41620350853657,37.77846581340154,-122.41623042040055,0.5842213365624844,168.08460810503132,38.237092151074584,2.9058455955773494,53.14892836357828,9,-0.011091046064859625
1300001173000,37.77843469648523,-122.41620287014638,37.77839936828819,-122.41615379631197,0.8145766494466888,178.97624475736433,29.898630350457168,4.603260250152539,47.757550845016276,14,0.0029753346635008815
1300001174000,37.77843084755877,-122.41620185821242,37.778399528333004,-122.41626596801159,0.5460214047180457,155.45193606276734,34.992670397043625,3.258051897426358,54.52177689358358,9,0.006693789029072931
1300001175000,37.77842892710923,-122.41620170224482,37.77837897667787,-122.41623331845494,0.13828120898801594,171.07420857681532,39.45320282340306,4.481705600224915,56.16311750588445,8,0.012441064780076868
1300001176000,37.77842553165299,-122.41620132100964,37.77844491001159,-122.41620014311468,0.4770895611021332,166.61130419254107,31.193583179626643,3.185577058926218,43.29789407331905,6,0.012527660195579833
1300001177000,37.77842177670628,-122.4161995102423,37.7784159101337,-122.41614383397734,1.4415336399068939,164.37527604684945,42.9923466839155,3.260937313719647,55.93757916784347,6,0.0017423700705040135
1300001178000,37.778420265867936,-122.41619860803334,37.77843258385558,-122.41626433693611,0.023667162059810815,137.98222412794223,29.76019856151523,2.6985845721170665,46.11653728140239,9,-0.002687437688806413
1300001179000,37.77841876421445,-122.41619805610499,37.778540517655834,-122.41615428043143,0.8322869911690471,173.26088817107225,30.183063262604453,3.5050659960773975,51.65089199848537,10,0.008906718637902423
1300001180000,37.778414746082525,-122.41619616273671,37.778460250336146,-122.41626683006213,0.5123046181024795,166.43649838468232,38.03043839202414,5.474129549320189,44.37800305382004,14,0.011863724968548199
1300001181000,37.77841017088947,-122.41619288053684,37.778306261845486,-122.41622687828553,1.5400898748623533,138.23024917587105,38.31807555901305,3.1093196006444646,49.0186568304504,14,-0.013319260547905467
1300001182000,37.778404635850535,-122.41618898026373,37.778458579322375,-122.41614237012813,1.09947107921069,143.65693201473402,32.26782199632305,5.7984576577039135,55.880595578390384,13,0.0013841358530093575
1300001183000,37.77840271789412,-122.41618738096183,37.77835799288815,-122.41614696096705,0.4551883388666209,155.56410473845324,42.26040484333477,2.232250839118343,54.091371200539186,14,0.009704707697955067
1300001184000,37.778398217082234,-122.41618387625229,37.778383056840795,-122.41617436926919,0.5315258542197608,144.3800887408981,29.893918135263107,5.362727009306416,48.01301463244243,14,0.006115167195899959
1300001185000,37.77839483405257,-122.4161809805242,37.77837109361536,-122.4161307693483,0.44114028833583824,144.71450977710865,42.016910594212554,3.288869813231533,55.83842306536223,11,0.0013736406681490048
1300001186000,37.77839483405257,-122.4161809805242,37.778419464089865,-122.41613546702277,-0.26983090441712687,140.3009703332648,37.746488511540555,4.894684988699365,58.543091931186396,14,-0.004339033843060803
1300001187000,37.77839286974308,-122.41617819125695,37.77835758424201,-122.41621995597964,-0.39219897661974185,130.3068760350239,33.85639297213319,5.4667509256474744,51.24269656722542,6,-0.015552422452873638
1300001188000,37.77839038585329,-122.41617477035379,37.77838859392398,-122.41616142124192,0.262060525032373,131.11062237636128,33.31306576139718,2.7386965275471598,52.29326663014763,9,0.006139217984034213
1300001189000,37.77838695576987,-122.4161700673065,37.7784120434465,-122.41625020288362,0.2762425393240674,107.804538528304,31.98490417290018,2.553040947328052,42.00283658364483,8,0.02321057210332397
1300001190000,37.77838302220668,-122.4161651928553,37.778336759220544,-122.41618178581935,0.16889737027472512,125.53997750890971,28.49720034956116,3.656117422596396,51.8793729018658,10,0.00567365043869459
1300001191000,37.77838061963006,-122.41616226428931,37.778477457149286,-122.41614910328859,0.20901982641590947,133.33189612627623,40.73899063791626,4.215473236403355,45.99570370716663,7,-0.015066420536900082
1300001192000,37.778375314960535,-122.41615595277669,37.77841162095542,-122.41612970072946,0.3013392836453027,130.47615942084803,38.5782663358042,2.9722295128187426,52.88404138784441,9,-0.009496950505761293
1300001193000,37.77837165027226,-122.41615146389005,37.77840487574069,-122.41609784044994,-0.0686570933789733,128.86295012091472,42.70682652495427,4.958126886381863,43.3934535429537,14,-0.018230872420235616
1300001194000,37.77836898728288,-122.41614718478911,37.778437642139096,-122.41614816438984,-0.7720751811732607,122.02658921808828,35.77299296955714,2.4394252106363647,54.428725175821164,10,0.002817157293514248
1300001195000,37.77836898728288,-122.41614718478911,37.77836915562411,-122.41615442836786,0.5246820257887815,146.39411716787285,39.27550212725214,2.364685320703255,58.32764075378717,12,0.013412139064140547
1300001196000,37.778367934964095,-122.41614632787811,37.778406772713424,-122.41615714288916,-0.5322849140109873,134.00126916254078,37.71926765917976,3.8514405421866997,42.287039366405295,9,-0.0031254148924694854
1300001197000,37.77836397684166,-122.41614292270219,37.77843022732801,-122.41614279998193,-0.42535742424568734,150.23566728256787,29.24215897095633,5.9664648548273655,41.634788552510436,10,-0.007926390355915672
1300001198000,37.77836180073986,-122.41614078385581,37.77845741077478,-122.41610471932678,-0.5536090173445559,133.41841673228555,33.77583594453324,4.784190910085737,45.95744925346656,14,-0.018839703522381193
1300001199000,37.778358237465994,-122.4161362277985,37.778367510081466,-122.41612309508878,0.06987133489548775,124.8672303081407,32.01502296527855,3.0262997262168074,58.97441364089953,12,-0.0150290906608772
1300001200000,37.77835587166193,-122.41613322865814,37.77817333572922,-122.41609035459585,-0.7062092547911347,135.4169872950515,28.393118197513132,4.996969164869135,58.527610790456706,11,-0.0048125367856367484
1300001201000,37.778351842567815,-122.41612854372438,37.77834366734968,-122.41611759686766,0.5841229585309731,135.73635935522077,42.70057344011629,5.480515818922225,43.83367880023479,11,-0.008076776447725635
1300001202000,37.778348671780265,-122.41612551332885,37.778353016185854,-122.41609747186632,0.5555261617787816,135.89149358887207,41.70791635015767,4.05218654558913,52.65701753639878,7,0.0016397631540931096
1300001203000,37.778344361840354,-122.41612193103487,37.7782351590418,-122.41612367490546,0.15824556430814474,161.03310669136306,30.385045888208055,3.122808011388197,45.40014183329661,7,-0.007107151798839265
1300001204000,37.778342130951664,-122.41611993343507,37.77833882892314,-122.41613440565386,0.5540058560507752,128.41169148221593,40.69268197245044,4.112687222275246,44.79137827941861,13,0.009037547698505016
1300001205000,37.77833571809988,-122.41611514184355,37.77835598211323,-122.41615564940736,0.36179714407966035,164.52770192196962,28.380265754367343,5.498568982364715,58.29850969762345,12,0.011245650509453977
1300001206000,37.778329323064995,-122.41611053991332,37.77835815061164,-122.41613363813512,0.38357791896862403,156.75149547003326,32.88236721427216,4.773476992090995,44.06795343814587,8,0.004608503758687173
1300001207000,37.77832670958016,-122.41610895948858,37.77832843644115,-122.4160919536022,0.9496580304282253,151.76059302763488,30.155180835842838,5.114332314351099,51.4706606178005,9,0.014936001846383032
1300001208000,37.77832175518173,-122.41610530873498,37.778310821168006,-122.41619625365007,1.016130620625366,134.702703403543,34.64849996825696,2.3210665139185696,46.81492101213748,9,0.008328833206935803
1300001209000,37.778317787282084,-122.41610215621238,37.778295331235526,-122.41604734582373,0.1336712801848522,129.88953116685258,33.775459870087346,4.300436264755385,53.580698168150136,9,-0.0012249211608906035
1300001210000,37.77831368462333,-122.41609791114765,37.778267904524704,-122.4161145997313,0.5886249473652454,148.85294605541483,37.953388674036205,2.2871395622417285,53.02695484039026,7,0.008565199257096041
1300001211000,37.77831225355094,-122.4160965959481,37.77822901312114,-122.41605527438234,0.20177228031388983,148.2123834726131,40.364002297927776,5.893596441262952,45.422964728017064,9,-0.008202630820012258
1300001212000,37.778309280195764,-122.41609435589027,37.778352684831056,-122.41604805575658,-0.08479080358005625,149.01791758834034,36.630369245015885,4.368242494768599,46.28343101281164,10,-0.001175216860030016
1300001213000,37.778308092210864,-122.41609339819634,37.778302375521065,-122.41615132709441,-0.6536193036651906,140.42968754215457,36.4744840556415,4.402957468652785,46.39268249835456,11,0.026427289933324154
1300001214000,37.77830300643275,-122.41608960572191,37.77824143651313,-122.41602185080869,0.31005698798636283,141.01145782998697,41.82774195425756,3.2466532719213825,46.061701034931104,8,0.007497962143090551
1300001215000,37.77829740400887,-122.4160859825079,37.77823670492803,-122.41611925100696,0.6864846119593904,170.56048143010509,31.387368111269623,4.733055631356031,56.2768677357544,8,-0.0010434403181352532
1300001216000,37.77829328082717,-122.41608301019659,37.778326333184246,-122.41607938024141,-0.08265886474436135,145.49651170845686,41.4651732210397,3.8228936625450713,49.7216085442385,7,-0.005497339374035332
1300001217000,37.778284745831776,-122.41607888837005,37.7781491643058,-122.41605401429317,1.597922871438776,164.7818649430605,34.1647703222738,3.0712235420686778,45.9190767572582,9,-0.0018056083506011397
1300001218000,37.77827798252196,-122.41607663258388,37.77827735217636,-122.41605914926932,0.052495665561180904,160.68981651621812,31.173980222753624,3.5137381660456617,59.74003201244541,10,0.002127023897197531
1300001219000,37.77827519527277,-122.41607533118096,37.778284185571586,-122.41611186433242,0.2711463921921484,158.05331028801209,29.00058331903827,5.013971157786006,57.80759130635819,12,-0.030390628591530265
1300001220000,37.77827047920645,-122.41607338088725,37.778223462078486,-122.41612163276962,0.031126203000407138,170.8191371549663,42.19429212574433,2.464119174551799,40.70667601356156,8,-0.010456823476828896
1300001221000,37.77826264587241,-122.41607136114982,37.77828147892989,-122.41605652747906,0.7149998792271145,161.91432107304956,30.998141070221102,5.23978205068126,44.15480809334731,11,0.0025000879261392384
1300001222000,37.77825778705287,-122.41606954831032,37.77824903842339,-122.41606720262988,0.08590364622437247,153.7941364456942,39.81750724301758,5.0099559875963635,54.10741093345471,8,-0.01022548955302626
1300001223000,37.77825006543118,-122.41606685673666,37.7781756116397,-122.41612891404064,0.7646753458176702,150.4393144280808,31.678981156433114,3.230514469181011,59.986398681312025,6,-0.0075225698981591215
1300001224000,37.77824370050127,-122.41606645775613,37.778268587722735,-122.41609615879594,1.5528158026757966,175.6390805604002,42.11204206297978,5.877609759021304,45.24425697792881,11,0.0013206711855470702
1300001225000,37.7782365901958,-122.41606635927286,37.77818462633485,-122.41608834098875,0.7857010797013065,169.16355670926612,34.748167421591276,4.9633960692088905,59.23415370381134,10,0.0009605351258886387
1300001226000,37.77823185672636,-122.41606539336766,37.778323488716346,-122.41596404473377,0.03160341654396781,169.5044704206365,41.11158215127391,2.499219841949069,45.685329626839334,7,0.00275476725953919
1300001227000,37.77822635839094,-122.4160646390069,37.77812612924112,-122.41605531553654,0.40546278085030607,167.9254851978153,39.157747265178145,3.244728794015292,44.268560022893666,11,0.0071049358949351795
1300001228000,37.77822243847109,-122.41606459681897,37.778218226575554,-122.41599177219227,0.9446874504547866,184.3015453951617,43.62786325286473,2.2824724217690626,52.820871931184264,12,0.004646618837873937
1300001229000,37.77821298744922,-122.41606546420392,37.778136003517815,-122.41604622860335,1.493613406121786,176.0427391043933,38.35303668822106,2.690600562503275,55.996449711310376,8,0.008646464993318687
1300001230000,37.77820404331164,-122.41606456739717,37.7782120849759,-122.41607277516863,-0.37464168872769554,175.85058789153902,31.545071475068966,2.5114173019118957,58.249468015600534,6,0.028653014156008853
1300001231000,37.77819717914708,-122.41606375183812,37.77814149676897,-122.41608289054344,0.6739035875748833,180.6622715717461,41.90293494614947,5.218186177867968,47.74248661729664,13,-0.021563316680108743
1300001232000,37.77819014821852,-122.41606401153012,37.778285751031646,-122.41607950630434,0.4674976065544316,162.0393045065744,29.731311283537575,3.6021685943908923,47.75375926924624,12,-0.009281902837137234
1300001233000,37.77818372643495,-122.4160643454144,37.77816750533278,-122.41600845270428,0.6021004699445535,175.69120275815226,30.106420988908265,2.288360421039976,53.82774577685134,8,0.003972793638388944
1300001234000,37.77817443708875,-122.4160655730854,37.77809446615167,-122.41609351162609,0.45806269544492473,183.7594386248035,33.789964980991755,4.658965337677033,46.24207771298181,14,-0.009229031886850116
1300001235000,37.77816598629913,-122.41606653242009,37.7781471269131,-122.41612027954069,1.1378937571096956,208.82359461462286,34.87754310410954,2.1495445419341057,47.059083718421505,8,-0.0029985345710591277
1300001236000,37.77815821560257,-122.41606842348568,37.778231720864284,-122.41610210707937,-0.11784916681672808,201.35475736026865,32.34051603551998,2.6284669305436155,49.056486225828344,6,-0.0034099551093735394
1300001237000,37.77815379434279,-122.41606954858187,37.778167623050535,-122.41603791774752,1.140563583497628,193.68212460247372,42.777599273196415,4.581443265815602,53.54832980093687,7,0.012158574488655297
1300001238000,37.778146085870894,-122.41607131803953,37.77809790867365,-122.41608866915978,1.6247682468819995,228.15545770805068,29.862683263042335,5.1496681818418555,57.87965165260247,13,-0.01619394004584381
1300001239000,37.77813821793689,-122.41607428966542,37.77813849730245,-122.41603329716598,0.4861773344183368,202.79084574948664,33.17521221607141,3.8229029687742337,56.73553073485884,13,-0.004401818871563197
1300001240000,37.77812825034764,-122.41607686719078,37.77811280374248,-122.41605513268628,1.6785504809553893,180.19301234910816,30.524038422664255,5.602981843296505,55.94765666315226,10,0.0012396538387830776
1300001241000,37.77812332520088,-122.416078881707,37.77811898055307,-122.4160196511223,0.08755196516176439,200.9147632662108,38.999127005807814,3.976264039833092,50.58848356532525,13,-0.0019967818090833632
1300001242000,37.7781167734141,-122.41608218121499,37.77814397745268,-122.41607672510948,0.970866876379849,202.1299011972673,30.885493010863286,2.051108899257046,49.34303154636817,8,-0.008049672021118146
1300001243000,37.778107478828424,-122.41608654778553,37.77814644845937,-122.41610564826415,0.8873641453046928,196.61603877656827,30.665492827650205,5.958836806567334,53.84166555406755,9,-0.0035988182782974677
1300001244000,37.778097410607735,-122.41609157766761,37.77812105498121,-122.41608765779202,0.8853879915212479,191.10911554266485,30.89784564355622,2.393006801794323,48.50856284739477,14,0.0023796585686927858
1300001245000,37.778091355101054,-122.41609469017104,37.778157187036165,-122.41604646194907,0.5280979614335108,207.0363774039835,33.89237570093336,4.159318943517761,45.49756355447566,7,0.0077013009673759045
1300001246000,37.778080951386116,-122.41610036978993,37.77803177134506,-122.41619066258903,1.7119306028747414,219.53244028132445,42.12533630398227,3.4822278516242595,56.53124599868529,10,-0.016182599544324067
1300001247000,37.778070589240265,-122.41610563011763,37.778036347641944,-122.41608086255938,2.0356015640362597,211.02476304512874,31.081424481381237,3.5527617551501836,49.95497503455999,8,-0.008581345253823593
1300001248000,37.77806146629879,-122.416108977819,37.7781161076231,-122.41609784427224,1.4843473911354472,202.99233425352864,31.495502222666424,5.276542743422143,52.1737678438566,10,-0.002470516153093481
1300001249000,37.778054806931046,-122.41610981733655,37.77802668440836,-122.41604894549802,0.612190092762509,188.92397887905094,33.687159737430186,4.723332839828437,49.50395461009313,10,-0.017491063280962508
1300001250000,37.77804627201046,-122.41611077604843,37.77803652334726,-122.41611508512291,0.6718166316876952,201.91054811528377,40.88148491435826,2.1610690974595124,43.52616186491864,11,0.014807767518848972
1300001251000,37.77803688904,-122.41611136609575,37.778071165629626,-122.41609236397133,1.876867609123439,182.23232474229164,37.540099709013084,5.182280012889909,42.73056942578418,10,-0.00561475821371291
1300001252000,37.77802932223226,-122.41611263370885,37.77810232451582,-122.4161145548834,1.8140280437710037,183.55847679820172,30.3776717577497,5.995436174704418,52.126007847595915,6,0.01220976654082419
1300001253000,37.77802136971546,-122.4161124709524,37.77803726548587,-122.41615088629536,0.8250717423199632,191.45818006760834,37.89457394917769,2.4982893288057766,55.46311290851345,11,0.0029049292170109597
1300001254000,37.77800974787536,-122.41611237587266,37.778080667131555,-122.41609069128322,0.883706618432601,200.94817795424055,37.12589801554259,4.568500363140238,43.02229445872324,7,-0.00026520437386739386
1300001255000,37.77800265387407,-122.41611156903312,37.778027515844116,-122.41616694514315,0.25951138699209886,152.6552625588485,33.82532953018303,4.753025051506338,40.61757542931793,12,0.005695202023807918
1300001256000,37.77799213055979,-122.41611098730044,37.777944752885034,-122.41607420847279,0.8782794803943625,151.65606936652713,39.75291930923059,3.710104672610364,44.46118133870399,14,0.0016171712477291173
1300001257000,37.77798317327646,-122.41610976955668,37.7780271696258,-122.41614702450394,1.2105172204454435,178.7810557610497,39.08675254284993,5.020559096334788,46.71290045431681,11,0.007726086788920924
1300001258000,37.777972698272364,-122.41610615875616,37.77794112058317,-122.41604739161717,0.8749450128223303,177.6856731264005,39.95396983447782,4.390244313263917,55.33976514650773,6,0.01048682509701171
1300001259000,37.77796061498907,-122.41610084569339,37.777935500170905,-122.41611246158718,1.7961545084028416,153.78224002546997,31.32949102531943,5.267686425803033,55.23875733295675,9,-0.0037040727206077914
1300001260000,37.77795423156741,-122.41609841552497,37.77784852412547,-122.41610638021973,-0.005213983529188448,158.80001768920792,37.358264539377465,5.560429465661615,58.744940285661336,13,0.011730215430862776
1300001261000,37.77794633327557,-122.41609646748569,37.77797508135947,-122.41599577178934,0.7208833213978136,163.11102086734226,39.211675220858396,2.226455883557904,47.60311386308475,6,-0.005312774532874597
1300001262000,37.77793878430034,-122.41609644434205,37.77794474870176,-122.41607115603873,0.1636886651038072,170.26904569572488,41.54016125511255,2.1303427048443258,58.056971446532515,14,0.013397570223447081
1300001263000,37.777932399740784,-122.41609618863593,37.77793209910102,-122.41606076879482,0.6882475594939685,185.47722968229186,32.99964444083596,4.206733773178967,52.80347241305258,10,-0.010443192301831312
1300001264000,37.777924301948595,-122.41609595540413,37.777790330111486,-122.41610325527121,0.875440664333138,172.30480776875922,32.67871710499602,2.3451598599809746,54.02839464548619,12,-0.013226132191132505
1300001265000,37.777913349687886,-122.4160964409084,37.77785395028796,-122.41606494677248,1.4535879711424513,192.7648151292889,39.95000303935409,4.995307692946359,42.537483242289355,11,-0.0020418945872950583
1300001266000,37.7779033440718,-122.41609683097626,37.77785278759144,-122.41614614976689,1.0995982475005317,177.5972321247376,36.21330052532848,5.064147152568223,59.31911434968282,13,-0.015650994054099684
1300001267000,37.777893063301306,-122.41609754947068,37.778040787681775,-122.41626072911124,1.3608169199178632,168.9282749713504,45.39218568483081,2.337390467859321,49.23920067263592,13,-0.0009958397341785989
1300001268000,37.77788049045752,-122.41609734882066,37.777821856357924,-122.41614864149574,1.2934385981202279,180.22985040398765,31.65930686665599,5.887516645330521,59.29276353099813,12,0.00220847799162746
1300001269000,37.777869548807956,-122.41609869772311,37.77787912216968,-122.41611209980289,1.4901197259198122,174.70701636573912,39.4236660323007,3.6369325589175308,42.833494181646365,7,-0.004249693110910348
1300001270000,37.77785611698198,-122.41609970785827,37.77790208972316,-122.41609911777442,1.4694543335189274,176.2631696469984,45.331794840900365,5.671093481495469,49.522693408362585,10,0.009977360620294392
1300001271000,37.77784612310788,-122.41610099478522,37.77794483873188,-122.41610706817289,0.09037915040277622,167.70243832709895,35.72564550727578,4.922445516146451,58.54602401598501,8,0.005591554368220857
1300001272000,37.77783769024301,-122.41610301374476,37.77781311644948,-122.41599710713858,0.822767217824176,186.25594747297168,40.110430905694564,4.67230620119406,46.20310276621765,10,-0.0006935332427064836
1300001273000,37.77782697011338,-122.41610590357286,37.777709533963844,-122.41613379208124,1.3466521998254308,193.18070172431348,44.78369254346889,4.311342887604026,47.10556340445056,8,-0.00952785705807419
1300001274000,37.77782196992977,-122.41610775526958,37.777825617409384,-122.41613230909971,0.6657063411019619,184.71464935768842,31.050055525372922,3.3648592577117076,42.465050530083055,7,0.007313643974527371
1300001275000,37.77781162260241,-122.41611062578468,37.777727436533986,-122.41610841707272,1.9545363604390928,192.94938479790824,34.41351058879653,3.803166588245094,49.06426230329275,9,-0.0011549420587539756
1300001276000,37.7778003620288,-122.41611549873888,37.77779229391919,-122.41606898710107,0.9696046035744452,198.6919172231592,44.3212433310685,3.0109268950858596,41.68972133494139,13,0.0061472265328339736
1300001277000,37.77779298771588,-122.41611753500833,37.77777609103215,-122.4160821147905,1.8358322709269514,184.37691206337794,35.980189041693684,3.202265976285993,58.677364246898534,9,-0.005344278171004272
1300001278000,37.7777838817621,-122.41612040473602,37.7778115126416,-122.4161582467217,1.0961610502091108,190.45271582219584,33.94062663079728,3.292888586415666,53.060856585267366,7,-0.00446140742828269
1300001279000,37.777773205231796,-122.4161238281266,37.7777439615199,-122.41612882889584,1.3632210130138074,190.9989910780688,38.688984932385985,5.563181636975569,59.07946808816679,9,0.006166067878342858
1300001280000,37.7777605795031,-122.41612708755812,37.777721838659346,-122.41612546186147,1.6299953885697183,186.1071605264207,36.533029708200196,5.644938549641244,57.012763270897814,10,0.01197079365452292
1300001281000,37.77774920667762,-122.41612994774633,37.77784111053517,-122.41607283319884,0.2720740311561112,197.28592580712856,33.63266897698209,5.831871286543493,54.99319346115634,7,0.0034410281789661267
1300001282000,37.77773492570768,-122.41613403507066,37.77779195135806,-122.41619675736821,1.1647804872468885,210.61157817564768,37.712612700958594,4.399951071736311,54.83528282738504,13,0.009995790633419844
1300001283000,37.77772495458398,-122.41613522879464,37.77771738039207,-122.41610134574769,2.120266324624229,187.51927622112,44.481961939559596,2.539996304788774,42.98143081117836,7,-0.0013990236684172303
1300001284000,37.777715164903505,-122.41613511750309,37.77773507299063,-122.41612960163287,1.5538445493226574,189.101514331676,31.339041318577877,2.331919911750541,47.88864544373645,11,-0.0021102868033076546
1300001285000,37.77770284944135,-122.41613436263893,37.77773436685045,-122.41601152700349,1.7452730457358254,184.66271188273333,34.91948180191893,4.357362501508404,57.50374823182566,10,-0.020446466457720233
1300001286000,37.777690822997535,-122.41613434309797,37.77765517012047,-122.4161357309589,2.5079887530485783,176.4552542423473,33.1032060573065,5.191072250818431,57.01482320966951,6,0.026426510703497535
1300001287000,37.77768010658453,-122.41613094254411,37.77772735108432,-122.41614701367386,1.1651555697596578,164.07760606216334,44.13835339465897,5.311348527179952,51.74641341556983,10,0.01744214416906133
1300001288000,37.77766958797441,-122.41612535917612,37.777690351791,-122.41601919305597,1.259696293099707,182.08867859314,38.31419782107702,2.4945269112189363,41.44295959492016,7,-0.012394208618823219
1300001289000,37.77766281658922,-122.41612068350813,37.77773619161941,-122.41612598675862,0.7628233216811944,162.79410445652155,41.2710994490912,2.0587377487010583,47.53991063013757,11,-0.011079133760976393
1300001290000,37.77765346573941,-122.41611342548158,37.77764536974144,-122.41610139987519,1.553960388991129,125.47143046846458,40.80354409693091,2.7544285100049803,56.049080427598376,12,0.002935610822378026
1300001291000,37.77764583843614,-122.41610421348261,37.777642465147686,-122.41599921033516,1.6327115595364114,136.47792508884487,38.0048740715445,5.534615909862328,57.62448461873889,8,0.0007257001640795484
1300001292000,37.77763692136939,-122.41609597072164,37.777563501830144,-122.41601260665858,1.740034495208077,133.49572091150577,44.70477462323175,4.128031650492959,43.32753219266199,8,0.0036956686001179753
1300001293000,37.77762633734168,-122.41608556159014,37.77767803723183,-122.41628224629785,1.3225572424553438,141.59009743462437,38.364050833300226,3.3589205683786774,42.255780558849594,14,0.005065841792992993
1300001294000,37.77761881304286,-122.41607504172273,37.77767612419143,-122.41614825469405,0.6600385616048478,136.6327480273314,34.68941787619532,5.606168784462225,47.70576845957151,7,-0.01067295388839762
1300001295000,37.77760922407072,-122.4160617589811,37.777586941200774,-122.41610892429549,1.5780525633559968,116.95282283132006,41.375208643743264,5.303376587904115,52.898033154831126,6,0.005645725192928069
1300001296000,37.77759927061299,-122.41605087727216,37.77763493056866,-122.41592976204812,1.6019999297390877,136.2090536579415,31.7875147910716,5.4036365229607135,41.91454214373198,7,0.007228435818412022
1300001297000,37.77758753511878,-122.41604202221619,37.77760874279386,-122.41596978393603,1.563807423249765,152.57022779298137,37.90375411512768,4.098128963302566,42.46851692602067,8,-0.008897636241956351
1300001298000,37.77757454684135,-122.4160338387428,37.777648760091594,-122.41610080191955,2.03375891512084,165.39730782029793,33.16261037847592,3.0883989278556108,47.9650969791866,13,0.004221113308081933
1300001299000,37.777562070934735,-122.4160273723986,37.777570724235986,-122.41604533166188,1.37086011218582,156.7498222188553,38.05443929696811,5.827991096776733,48.75018380263688,10,-0.004366682940268002
1300001300000,37.777551388324696,-122.41602270910846,37.777565759755895,-122.41605025288767,0.6506493127389998,152.92272410773282,36.078319161467775,3.2330451139783687,41.342206581425444,11,-0.004785924916985164
1300001301000,37.777539013766756,-122.41601852877555,37.77760976091016,-122.41600485676864,2.3257398635430273,173.87268863152602,36.12827246681071,3.0299664925630525,59.03271065066073,13,0.02038569891606249
1300001302000,37.777527541192825,-122.41601464966938,37.777516225622854,-122.41598902158842,1.336917148673769,169.27181594380946,36.62650266301341,3.237768995836437,45.980957870799784,10,0.02546323587371429
1300001303000,37.77751389149058,-122.41600708190283,37.777419223529186,-122.41597465894242,0.8885741413443098,164.75910181756353,40.47651104677748,2.7985586933184723,56.95601785016537,7,-0.009433593076322638
1300001304000,37.777502192735355,-122.41600124681452,37.777544725191596,-122.41598096865151,0.9379644619306248,143.03517640431542,37.48709575870573,2.1083480159867074,47.16210851619029,7,-0.009427928291726041
1300001305000,37.77749025660211,-122.41599717612036,37.77744731131263,-122.41597980620759,1.7141944865729912,166.72740724170396,45.43727341460955,3.7674228030566157,51.84345753778422,12,-0.007519164453948979
1300001306000,37.77747857305506,-122.4159914206529,37.77749014608446,-122.41598497886017,1.727716188185202,153.0252135180629,35.615893193304835,3.59360813544013,57.61939029059275,8,-0.006663823563043469
1300001307000,37.77746682753734,-122.41598691456973,37.77746232296096,-122.4159767129174,1.5865168798901783,159.4196002855965,39.30458080212522,5.169538735321989,49.81794075084306,11,-0.003502293515660957
1300001308000,37.77745345127264,-122.41597992075975,37.77747725923205,-122.41595058744079,3.030149146011996,129.44272798434127,34.99205405694831,4.337655325008054,53.82673519503582,12,-0.014659263172412314
1300001309000,37.7774399468624,-122.41597275384208,37.77743419351343,-122.41599855869735,1.3714017149387745,161.19104074352768,37.59913091261236,4.77277999789202,55.79809885642492,9,0.0021840549250626362
1300001310000,37.77742836861407,-122.41596581341213,37.77740793749466,-122.41582345606511,1.3664091570096268,149.1554708747068,33.124053979942964,3.8103713636010292,50.91892133150468,7,0.00388373007691412
1300001311000,37.7774181702335,-122.41595993547848,37.7774711582819,-122.41590948534161,1.5394374346396398,165.6411666258524,45.31499553068111,2.0983957594979192,44.212931483917835,8,-0.0054458241812671325
1300001312000,37.77740624691289,-122.41595381187128,37.777385235556416,-122.41591003634225,1.4902103256051737,165.60396940443232,41.94784381233332,3.866837611322046,42.31742883194488,7,-0.0043402187720233696
1300001313000,37.77739370350606,-122.41594718783865,37.77735926999624,-122.41589551793342,1.1565232887858654,151.76549468053716,35.23724854253096,4.271314599124333,56.52443748771249,6,0.037029384983912526
1300001314000,37.77737802730028,-122.41594237625847,37.777362020785525,-122.41591400329483,1.6700031740035988,167.29201333483593,41.99001813862982,3.480113927669966,55.48627450674214,13,-0.029254780221111866
1300001315000,37.77736528846668,-122.4159376470226,37.77733927098365,-122.41588072768351,0.7535588887100588,167.96779748540362,45.24793533213448,5.645441702371114,56.16215004165953,10,0.0009425607343946205
1300001316000,37.77735016698923,-122.41593369726245,37.777365039657404,-122.41602244715041,1.4639628467461698,167.45085193513916,32.19335791358112,4.9992339329978215,55.21000849300063,9,0.0071643332190866795
1300001317000,37.77733641798716,-122.41592992670992,37.777359238725076,-122.41591983372216,2.038089493474127,162.9084035443277,44.65637014633453,4.07492350350088,45.2984808265977,12,-0.004786452082351507
1300001318000,37.77732375550975,-122.4159247307222,37.7773700852942,-122.41590345479726,0.6727764147802165,169.0527770763955,38.18007928250293,5.306955960238863,40.780908912785186,13,-0.001175122747129567
1300001319000,37.777312354136505,-122.41592003367309,37.77735689223043,-122.41598267027761,1.6575114727963176,185.69186005275847,41.036052752234966,2.083297177716963,41.04622364843594,12,-0.006979387599387884
1300001320000,37.77729630617869,-122.41591486753634,37.77730140487027,-122.41584259388837,1.3141026452020155,180.05569227527312,46.43090928966839,4.2789759872007505,47.8651929111943,6,0.002932125100927343
1300001321000,37.77728208682385,-122.41590947845904,37.7772593916543,-122.4159833385523,1.9488166036299504,155.89541508801665,32.180601205597334,4.904929746796173,50.19691270753742,6,-0.025538981409800654
1300001322000,37.77726889885188,-122.41590456024208,37.7772478209191,-122.41591794877363,2.0115488328685394,177.66601242588263,45.73122000039401,2.7080753188763365,54.989011736523246,10,-0.00622377526266891
1300001323000,37.77725474577741,-122.41589688402944,37.77724671501311,-122.41583838444951,2.049780362762502,143.33472677689196,40.4201107070694,3.608612786163848,46.963638556259355,10,0.0022571525500875585
1300001324000,37.77723918845365,-122.41588781675969,37.777331139646165,-122.41590574395553,2.3349215942735664,154.20456329427546,39.438889651966214,2.0946099536733898,48.57653226323803,7,-0.003763697836569504
1300001325000,37.777225363288544,-122.41587955078127,37.77730309965798,-122.41599408598171,2.0369321152916586,175.20837789698408,40.63494001787494,4.728058847988443,54.14319386366507,14,0.008137111241647269
1300001326000,37.77721064977561,-122.41587118042303,37.777189289501315,-122.41587850817376,2.005253947142663,150.57354870919391,42.52361601490617,2.0800258312406017,48.119198835191646,10,-0.005992847107803175
1300001327000,37.77719824718836,-122.41586322657605,37.77726341415325,-122.41584316390669,2.28484619223077,153.01538400764036,41.21643377017219,2.5709238948274087,57.17759248684438,9,0.013243182664496023
1300001328000,37.77718290246062,-122.4158540880087,37.77723441823066,-122.41586069839504,1.8825888391252832,157.99746071275675,42.08869392564492,2.6291869347864067,55.64845151479471,11,-0.012376658444102089
1300001329000,37.77717070104716,-122.4158487706323,37.77720295925091,-122.41591187824828,2.1387532379246847,140.3181429644078,44.80332382702874,5.868748089785097,55.056995198783724,6,-0.0005292207041108188
1300001330000,37.77715561516458,-122.41584177627959,37.77713976734191,-122.41576220604534,1.1367220275061052,172.31265674037627,37.15395891701143,3.9464884474599993,59.221306395932956,8,0.0037524894153760525
1300001331000,37.77714238526623,-122.41583281046981,37.777213486875745,-122.4159227809592,2.254154304413572,136.9155589631357,39.35330339453821,2.495051358003252,50.826836798222224,9,-0.002927281410650147
1300001332000,37.777130672496405,-122.41582194118075,37.7770448303039,-122.41583814887434,1.0135975741675232,149.7265034175323,33.73281655106734,2.003766561098628,46.25552259358051,14,-0.008624119712786316
1300001333000,37.7771188749635,-122.4158082707307,37.777127969008326,-122.41583284306903,1.4946947368895411,124.13945533789304,32.164245146027625,5.75177903271062,45.7047044476268,14,-0.017237237280519596
1300001334000,37.777108277710575,-122.41579538339172,37.777061248183415,-122.41582059963454,1.883159149150273,144.74714898905253,44.01756238371727,5.139433783321254,44.825251396880745,6,0.011811594421762953
1300001335000,37.77709747946813,-122.41577961308641,37.77714724674469,-122.41570934886191,1.6132009432068914,135.09359778267188,45.48036306813616,5.383819278984015,59.06563777391824,13,-0.003744150679626142
1300001336000,37.77708893149249,-122.41576609362929,37.77703456860454,-122.41576524079579,1.5442294697983787,126.98057792786905,41.91160031832745,5.763835489636787,40.30585706199136,14,-0.011541925810279777
1300001337000,37.77707964666084,-122.41574946531017,37.777057041408874,-122.41572929991848,2.227884888051329,131.1423458591777,36.96239264918617,5.067028632540685,52.610546383404255,10,-0.015252789361297233
1300001338000,37.77706904522076,-122.41573135146437,37.777047560107995,-122.41574501595537,2.4524575408122566,112.90483608410909,39.45364135439923,3.156110126905007,58.31781344690707,11,0.013609257242470781
1300001339000,37.77705564080851,-122.41571327626302,37.777028048758886,-122.41573171493737,2.0082546053839403,94.85353627238794,43.74521574655267,4.507052873138972,40.074186172175544,12,0.0033526702748496603
1300001340000,37.77704359120785,-122.4156947491351,37.777027249696964,-122.415719031151,1.1215458113562193,131.62522757722928,35.572178781440016,3.4724595653003196,41.019185205171816,8,-0.007940573983159897
1300001341000,37.77703614184508,-122.41568176418036,37.77697511603283,-122.41563993329096,2.4590846960021624,117.92591553565404,34.7981262757688,5.98735756738049,52.993247763532835,8,-0.00584778947448202
1300001342000,37.77702799114982,-122.41566534777252,37.777065731253735,-122.41563064762332,1.618776414000394,122.42887092992963,36.92438033205364,5.7246411360497,59.24429399648618,13,0.0006780948522115815
1300001343000,37.77702059167296,-122.41564688752761,37.77712303914275,-122.41568897658598,2.3044270984676434,113.22427686232119,34.88549385122665,4.716665508616294,54.80688161727752,9,-0.0023276255695977013
1300001344000,37.77701595732044,-122.41563053608455,37.77705594103257,-122.41566770440842,0.7094699226332427,116.95575512731774,41.98974257302111,5.614413355904647,51.73235582438248,6,-0.02027987299863054
1300001345000,37.77700937014453,-122.41561223185333,37.777030150789116,-122.41567386906765,1.627219205878847,96.60101094331321,36.35375089990043,2.570719594573877,49.30897609323059,8,0.0002516772183328643
1300001346000,37.77700137553817,-122.41559576035755,37.77700835597783,-122.41563776405421,2.135495704722887,127.37940582731092,32.879938537288105,5.901483115749851,45.39407003963808,7,-0.014056166222093833
1300001347000,37.776993411189906,-122.41558246662355,37.77698416769844,-122.41551865445888,1.3289682725456715,114.15003840085001,35.91364992565435,2.762964291235943,58.42139980477127,11,-0.01646412518656008
1300001348000,37.77698088067075,-122.41556673563677,37.776892220599386,-122.41555622771754,2.335414783667676,141.93163308430147,35.10665170663934,5.646649596950468,47.72832594352095,12,-0.0024227401212058926
1300001349000,37.77697081276871,-122.41555193477474,37.77703916186476,-122.41558903026016,1.3031333650222097,126.35413455167216,44.35814146364356,3.7949702667567413,40.50668844762382,13,0.008370131964133507
1300001350000,37.77695876189689,-122.41553394977277,37.77684486488495,-122.41553452131589,1.359964064156756,121.68839728681236,40.14359883583454,3.1190829224454983,58.109935735297256,11,0.01565768307515523
1300001351000,37.77694998680309,-122.41551947882188,37.77693707938282,-122.41549018092235,0.8296400920063307,127.15580300274402,43.131852097442795,3.785014132349496,47.21679737423602,7,-0.004537927913933979
1300001352000,37.77694224932187,-122.41550189809189,37.7769648181044,-122.41548930832246,3.1340239049339287,106.40929455403136,38.09602857528314,5.088420660360807,42.44106035284441,7,0.0073181820984425106
1300001353000,37.77693273358368,-122.41548675643726,37.77697595648824,-122.4155392834456,1.682264410208612,120.02197383207749,37.388446564854824,4.152130552573081,47.87266655104703,6,-0.01016937934335626
1300001354000,37.776922533556025,-122.41546673087426,37.77684973011188,-122.41548370949869,1.8798324817435483,135.11258109067765,41.61488469287659,3.5572350565070416,52.42626237303406,6,0.007392541186794451
1300001355000,37.77691326012354,-122.41544857585798,37.77685774043969,-122.41547763238144,1.6556530388363893,119.7205810136871,41.05542834176974,2.393825790784182,51.06946662302251,10,-0.003775894610606844
1300001356000,37.776905425056604,-122.41543411727245,37.77684934327062,-122.41546061398805,1.646540728470413,128.21509358376676,38.72657254379839,4.742142843923695,44.23963540003934,13,0.01758920169613531
1300001357000,37.7768953510731,-122.41541791958298,37.776928019391704,-122.41544879348807,1.964675593717336,134.906151420471,43.96980491812861,2.3508198062316614,49.68794946982561,6,-0.009612664332303643
1300001358000,37.776886296787254,-122.41540429329098,37.77688428636954,-122.41540768779042,1.9949357116532218,135.7592246030198,44.11377396675375,5.835443325194678,57.80814616271472,13,-0.015072409801566043
1300001359000,37.77687525207881,-122.41538743114783,37.776844621812764,-122.41540865635184,2.121173510715808,140.82160127344122,35.425026573502265,2.7915205582421736,41.911691161568264,11,-0.00984943666858913
1300001360000,37.77686573277044,-122.41537466996007,37.77683696403042,-122.41537154165232,1.9954111538359474,143.99389923529503,32.9052266318244,2.3485083806094695,59.65616156375651,11,0.0022151178635652392
1300001361000,37.77685449600711,-122.41536069684618,37.77685458698462,-122.41543192577626,1.237428627085537,140.89804075460654,40.53524109370866,3.5595631920325936,43.57094001336371,8,-0.012333001944975644
1300001362000,37.77684135829503,-122.41534913759845,37.77686027576637,-122.41534982301974,0.898577832915882,152.18339957493046,43.68138813408352,4.034598215660937,53.59351741879787,9,-0.0011266761615687532
1300001363000,37.77683159089929,-122.41533797881368,37.77680742114311,-122.41526055669108,1.0031736941328888,146.04227833792203,46.28372345499337,4.988104416976309,40.02495493592065,7,0.0015133264491058254
1300001364000,37.77682112887097,-122.41532541542678,37.77673084627898,-122.41528892186396,2.1052676785402453,141.64371714113804,40.72030124517467,3.740357277051356,49.82806344176886,8,0.015155856401581933
1300001365000,37.776807973964345,-122.41530623443876,37.7768646335195,-122.4152428346048,1.746744380270325,123.67774734951166,37.847272870415196,5.7706698358601844,41.559239749007666,6,-0.008208939749661486
1300001366000,37.77679758812573,-122.41529057472393,37.776767180383324,-122.41521861573491,0.6348372481568387,119.34205009832749,41.76415271369114,5.712297868891442,45.113971212583195,7,0.01806189114122672
1300001367000,37.77678599607884,-122.41527505975137,37.77673770431201,-122.41525342335785,1.9273294809565726,141.9494339506235,34.79864566613888,4.863962311686134,53.34311096152945,7,0.0017509512273033302
1300001368000,37.776776488807506,-122.41525863694356,37.7767253397945,-122.41526903692576,1.4799453329297854,145.3109873509234,37.00888208111815,2.2102092085643705,40.52198700509163,10,0.00016531718945154584
1300001369000,37.77676564771929,-122.41524187526286,37.776807500735764,-122.41520366019525,1.8331865485970735,135.81456905832948,42.15650763345595,5.838533844683872,59.93694941473472,11,-0.0002523836506446483
1300001370000,37.776756690605126,-122.41522357557074,37.77675401112864,-122.41516199050628,2.049302632313423,101.19346241121502,44.3128219892617,5.86887026526718,41.37817538933152,10,0.017736938116525904
1300001371000,37.77674621389753,-122.41520456897877,37.7767082995333,-122.41520408326211,2.3484336129114407,113.68813795799072,35.364611168819415,4.085951250681164,45.361488254934926,8,0.00588437382255988
1300001372000,37.77673865145159,-122.41518971260795,37.77680837504044,-122.4151941098971,0.9245910800112085,128.52862915068442,38.76900064364022,5.319025943297987,54.48341211916395,12,-0.009119014050191991
1300001373000,37.776728826038344,-122.41517283498943,37.776724214622696,-122.41523445024195,0.6470011417189627,106.24198720668332,39.02158351459504,2.4216070376109435,43.7699481024416,13,-0.006989759602546601
1300001374000,37.776717277024076,-122.41515296174656,37.776738164407895,-122.415065275873,2.9372905830837954,122.0376470234257,31.780592304482266,2.6114498296932283,52.71638474101091,11,-0.010164758679100336
1300001375000,37.77670561062998,-122.41513536117571,37.77673135363488,-122.41502552451018,2.637654230822376,134.28447306177023,35.51649983047818,2.366130412376389,49.49894112939619,14,0.00029954038302952487
1300001376000,37.77669603599538,-122.41511972569012,37.77670169050063,-122.41513293391705,1.917796989393489,127.73398682546846,42.77542558485335,4.1487005017174585,58.86162630582474,11,-0.0003031757714482093
1300001377000,37.776684865672415,-122.41510462633256,37.776734156359176,-122.4150552957674,1.3809235292042108,147.5683156532427,44.448428339274216,5.635310843337551,40.49279135764787,9,0.005049239553836088
1300001378000,37.776674071409104,-122.41509057022735,37.77673995734838,-122.41513987370163,0.4936446142170303,127.36058026579097,37.505868380179066,3.115813562367815,41.00186697853647,12,-0.006621921358016788
1300001379000,37.776663949391356,-122.41507444582462,37.77666834019294,-122.41501950431216,2.435701268598512,143.32847357990047,38.013096700905606,3.784549994103875,48.378184397169,8,-0.002147169963293224
1300001380000,37.77664898529477,-122.41505796667558,37.77677698821221,-122.41498579080971,1.7081072475091554,156.5210551587433,42.94625316370572,4.808110770234231,54.51183019841233,10,0.002130482713791056
1300001381000,37.776636616998545,-122.41504433619694,37.77665942578933,-122.41502214860068,1.3336671086006289,127.1113486819043,33.969147369022885,5.949717416740281,59.43506759337316,13,-0.010169265060034547
1300001382000,37.77662368004805,-122.41502837617575,37.77661467182747,-122.4150459472138,2.136530104007196,138.8838817096773,43.700917931373134,4.019030366750536,43.86989172213261,6,-0.010796117338118295
1300001383000,37.77661258045031,-122.41501405012195,37.77665063206451,-122.4149555272359,1.4542040840537016,132.85731456976518,34.069358554969405,3.269056339217184,43.5775563743803,8,0.00968251706620427
1300001384000,37.776600927064656,-122.41499999086447,37.77655608383503,-122.4149508901341,2.403104409544205,131.27392815296867,41.540581120804994,5.869470597358786,55.24323551328306,6,-0.0024842147840124316
1300001385000,37.776588370055464,-122.41498786943659,37.77662586255151,-122.41499451631516,1.7214471637941493,142.8707602404717,38.87807345204598,5.778222964004425,59.32634836427153,6,-0.0009837097200940854
1300001386000,37.776573012491866,-122.41497346894637,37.77652691734934,-122.4149785015929,1.2577124029791618,146.5663152112656,38.21294872545141,4.394266341940911,53.024957885896015,11,0.0042313012666931275
1300001387000,37.77655936581848,-122.41495959398303,37.77664166662036,-122.41502633670788,1.1656737265993589,150.96678791122906,39.79881740517934,5.6673810600342325,58.78709959415923,11,0.00971411377773967
1300001388000,37.776545638557444,-122.41494840584687,37.776534613522216,-122.41492971205795,3.022567688732325,131.85066171221808,35.10156335098861,2.9072950771254598,58.19542002503471,13,-0.0033237866534468214
1300001389000,37.776531157473855,-122.41493698164807,37.7764625739346,-122.41496348458129,1.9209463763449173,157.3247801372927,41.58711211407514,4.936823532792276,46.40281911977281,13,0.01594147594623744
1300001390000,37.77651679162385,-122.4149265893585,37.776561204015145,-122.4149051126552,1.6792257844016574,154.67665213522645,40.949908256155375,3.6308110413447707,46.30389615066072,14,0.0003054449047688027
1300001391000,37.77650186250586,-122.41491501489891,37.77656410208897,-122.41493815612593,1.65104663362109,156.7451098156079,43.94689968441396,5.125292105921265,59.30861216540073,10,0.004641273784792921
1300001392000,37.77648652190997,-122.41490279439871,37.77641750416887,-122.41488932953227,1.6104750859912857,141.9391688263968,40.49661882910888,4.242944439673302,41.21532300415406,12,0.011204073360598435
1300001393000,37.77647166468548,-122.41489100331661,37.77646899871651,-122.41486725126356,1.8436989212686745,136.5882272378368,32.8594480648039,2.302441505769029,53.33370172273399,9,-0.017273485447300424
1300001394000,37.77645499923963,-122.41487744634676,37.776469727640915,-122.41489896533949,2.4104278507411374,141.1661808426438,33.01613292899013,3.7821599115917395,42.651516059675224,11,-0.019588908557994184
1300001395000,37.776438509834996,-122.41486522898202,37.77645175659595,-122.41498911610181,1.6817446491691044,162.9925419423646,33.337950362378855,3.2238797819563167,51.87317049888744,13,-0.0009959167891500644
1300001396000,37.776422954020035,-122.41485349698013,37.77638491395165,-122.41486453511028,2.150045545393033,150.30173153598224,45.45918272491547,2.236984735719534,56.873333526984496,6,0.004214471459998793
1300001397000,37.776410995056416,-122.41484027047035,37.77638347891606,-122.41486899064809,1.4292377202325275,129.32121138650643,36.87670683313582,5.530970659294781,49.969984844742,11,0.002391090731676154
1300001398000,37.77639900779728,-122.41482234476736,37.77633384380202,-122.41484560642056,2.1110721424000585,133.47636208047427,39.051579712188456,5.159329259383503,50.140163641203245,9,-0.008550423700649177
1300001399000,37.776387442712675,-122.41480546699958,37.776340097513874,-122.41476770050818,2.0290208730373385,133.1544158062981,38.842859161719566,2.17242324203097,59.351068682833585,7,0.005174822658854517
1300001400000,37.77637662365899,-122.41478616623623,37.776351088946136,-122.41478811900123,2.5786187761632067,150.51511729177554,45.42280708939594,2.451775539802386,54.68299359256294,14,0.00643524753820962
1300001401000,37.77636878685207,-122.41476854370055,37.776413575194105,-122.41478083949868,1.6508259436819284,122.1061954493726,44.95111603941894,4.478941741084129,41.940732354928436,8,0.0073628719094302785
1300001402000,37.7763603540229,-122.41474830380146,37.776367729109054,-122.41477071718813,2.1619012804700604,139.10525158236393,35.4806305411552,3.3228541789021873,49.46780656144327,6,0.002990854439967692
1300001403000,37.776351520141915,-122.4147259386578,37.776399073761254,-122.41471667179025,1.5119625350347339,103.53929053689444,34.83309147626435,4.658219189800059,45.50020121084371,12,0.016299250204201438
1300001404000,37.77634212546158,-122.41470479841124,37.776392577236244,-122.41469349921805,1.9686205119244975,119.758890077405,34.218056045234974,2.6792200721674457,50.18680924134824,10,0.00047098097574626847
1300001405000,37.77633472335732,-122.41468674980986,37.77626242545335,-122.4147231147757,1.9412076836544614,122.32833144348848,41.883747313049916,4.6168656653193985,47.591649278559636,6,-0.014124903495743997
1300001406000,37.776328191705396,-122.41466848676414,37.776252541475245,-122.41463361869897,2.4817138510831653,116.88825342535479,44.82400039863103,3.3756521656867764,42.75644599738719,14,0.020001817344268365
1300001407000,37.77632147726562,-122.41465221349623,37.77635782081364,-122.41455175871278,0.7752524267681582,102.16015646409768,37.951636397138635,4.92942878258755,43.0241035235276,12,0.024043454613082098
1300001408000,37.776315138047714,-122.41462903050515,37.776376811784424,-122.41468468162462,1.9241594858300548,119.23602333988724,40.113263817842196,3.4868313047143307,43.69601231295598,8,0.004756488190902824
1300001409000,37.77631189077359,-122.41461103396861,37.77632884626977,-122.41460176103791,0.9575899119858821,87.8058416236487,30.96256045836713,2.961716526452371,50.05070092001495,12,0.0039247015063505
1300001410000,37.776308234769694,-122.41459436525524,37.77633549436106,-122.4145644617827,1.5989028544084962,106.3144726265082,39.61780157168162,2.7464931061866094,58.68123219276981,12,0.003098392997691106
1300001411000,37.77630106669279,-122.41457491535257,37.77635565214739,-122.41450043526548,1.1125072402713754,108.10389375813692,38.36696248137694,2.3731015750793936,43.269010157515034,11,-0.0007300088532853152
1300001412000,37.77629250315491,-122.41455699767562,37.77623678648285,-122.41455754068178,0.9009133825501506,116.37925052543449,38.67989216856304,5.059108497253408,56.10177693301634,9,0.0006448796976928668
1300001413000,37.77628000837008,-122.4145354992291,37.776190960937896,-122.41451315352309,2.5962099574125332,116.45997789142515,44.574076456950436,2.0475214074914265,47.5579219641681,11,-0.005879398077486093
1300001414000,37.77627221615653,-122.4145153695462,37.77631159764618,-122.41448971297878,1.5773303514267447,118.94500709638243,36.21845531672719,3.0264213167179688,51.55207456567821,11,0.03172339056131327
1300001415000,37.776263742442005,-122.41449530054044,37.776242941299486,-122.41447917588009,1.6408366901121874,132.20923008454267,30.148528400223913,5.4977783740163435,52.589937888265894,13,-0.011309983441841798
1300001416000,37.776256679462435,-122.41447566792208,37.776180148429354,-122.41446266289904,1.7112465940892214,115.00460501804521,37.87939248292139,2.931689020752314,55.87537797012584,12,0.004812060237538183
1300001417000,37.776250035096155,-122.41445821210881,37.77624819701419,-122.41447757999843,1.592566039514371,115.3337407203703,42.16167591417723,5.005660712343102,44.71639750534199,7,-0.01050487783723382
1300001418000,37.77624030237757,-122.41443807465886,37.776251263833394,-122.41439583631531,2.26594695732592,109.3310292400289,33.306523417088904,5.5871536008659675,42.92239553669275,13,0.016183616723528825
1300001419000,37.7762310582531,-122.41441852699872,37.77618574716584,-122.41446127609527,2.6142382439563763,105.92755610212419,32.78503579220639,5.771109877935072,52.758546021469385,8,-0.006508139453719494
1300001420000,37.776221266854705,-122.41440221056291,37.77617259080823,-122.41446679437914,1.348856759314573,131.56551043994975,38.231575905651766,5.175491760679669,50.20063301605032,12,-0.003729373039288669
1300001421000,37.776212156366796,-122.41438366714202,37.77613052262852,-122.41430466359982,2.0287819926119735,139.29060204768334,31.67513052554681,5.538685462019524,50.4800502946789,14,0.008800086080276886
1300001422000,37.77620457844202,-122.41436359224183,37.77615807347162,-122.41438584756958,2.132706588319514,107.87165785285781,42.2073164496401,4.218906479414257,58.151353073347096,14,-0.001217752865556842
1300001423000,37.776197051198714,-122.4143450868958,37.77619239281707,-122.4143183965809,1.4966623590135408,105.99554219563997,33.13019919544173,3.6584482994778513,46.33067966010564,8,-0.007541464055797721
1300001424000,37.776186891370195,-122.41432403466806,37.776198880320045,-122.41436782347938,2.014984116939683,115.95066473750943,34.04452760915143,2.9865971272444285,51.747224580041404,7,-0.020912881609354644
1300001425000,37.77617922773113,-122.41430902333119,37.77619309328292,-122.41429465382993,1.0806155459344278,124.2869458757676,38.71606857677977,2.7765375334560893,52.8273603198284,14,0.00017303924532229752
1300001426000,37.77616641074029,-122.41429263643407,37.776085346583145,-122.4142984339742,2.1532827601158973,125.63565001326745,36.49472152605422,5.020881376842992,54.7021361297357,6,-0.0030266728598884463
1300001427000,37.776153574610156,-122.41427286714513,37.77624115527046,-122.41434119024858,2.01560487603867,109.62184496997189,42.98522447861932,4.553930594880168,44.32091653082084,12,0.01938687534252827
1300001428000,37.77614308100348,-122.41425574033707,37.77615470603447,-122.41428495299242,1.5861310689802073,111.44266370474807,35.50773111513716,3.8130954046973597,52.46788271826367,14,-0.005450688444602891
1300001429000,37.77613293516675,-122.41423822204618,37.776177435136454,-122.41418682115393,1.7424407084152602,127.92952952567062,41.523045569247444,3.689009123158143,51.182217297175015,11,-0.008840935020637293
1300001430000,37.77612570141731,-122.41422108337963,37.77619708699101,-122.41429431712223,2.05829314168401,143.90941940298455,33.58146904453324,4.098509279025462,52.88811323884754,6,-0.01017285048338664
1300001431000,37.776117331223936,-122.41420012822321,37.77615629246676,-122.41426203909556,2.5525895027183787,121.04378374772837,38.19566078045503,2.5022253190798023,47.9496490215958,12,0.0022825199503717333
1300001432000,37.77610717648694,-122.4141821833288,37.77612714416102,-122.4141513731148,2.521093545189813,126.91924478769057,37.9170026145336,3.416754887726759,40.6542364604129,8,-0.007308015868947679
1300001433000,37.776093405803906,-122.41416148772842,37.77600648469837,-122.41419427803257,2.2086229818820353,109.22259691192772,33.79290005794576,2.068285872590038,45.16226602539784,10,0.0001784547684651439
1300001434000,37.77608186776762,-122.41414203145563,37.77605759630753,-122.41411055157756,2.4566148027274335,151.9399602917312,39.795973946959535,4.571490943280204,56.24920089160891,14,0.011036424470972256
1300001435000,37.776069754718236,-122.41412493646389,37.776026787536914,-122.41411340946361,1.5682741756601346,117.87318471093,37.18711738930812,2.2090373512573205,42.06311059614795,12,0.01049037775045032
1300001436000,37.77605866257885,-122.41410764029204,37.77605299036837,-122.41412396796474,2.2815941612542447,116.37687980123492,42.956026851432426,4.7293216414634855,47.46878225293275,10,0.0001457092210653618
1300001437000,37.776043851674814,-122.4140911381517,37.77603971793617,-122.41404533506515,2.180723939283848,131.14926655583258,31.341772227660424,2.5511818200836385,51.4713409489028,7,-0.006570018348224095
1300001438000,37.776030134133954,-122.41407282380374,37.776056642893785,-122.4140556834842,2.0853665373020465,147.14276999486717,33.761869226590264,5.512864481486568,49.054159679168045,7,0.006453847524925817
1300001439000,37.77602141810232,-122.4140607165343,37.77605010224395,-122.41411416092068,1.202589640534376,143.80678129613872,40.41357579335644,5.299708730319917,58.74467011266874,7,0.008068607264444862
1300001440000,37.776009242871574,-122.41404604032581,37.77605239854224,-122.414074407929,1.8574996559325314,139.50477804943102,41.90678570731963,2.1096242212326755,49.57660288652595,12,-0.009951967974936516
1300001441000,37.77599882239148,-122.41402817687164,37.77599292328259,-122.41396673617538,1.6604617764271203,131.4887654565328,32.327566653880176,4.0624700809190974,59.52689071839369,9,0.016353204286794508
1300001442000,37.77599177266005,-122.41401078362357,37.776017946958895,-122.41398585857088,0.9542957876469575,130.09032908753775,39.57233688057628,4.00454742424665,44.04978347264766,7,0.00287115828258804
1300001443000,37.77598419284522,-122.41399159872326,37.77593222806285,-122.41402699641039,1.5651667390512072,115.40902558569398,37.6206697157427,2.2138073469250727,47.47578373767402,14,-0.0011868650537326943
1300001444000,37.77597337153462,-122.41396798092597,37.775983939588855,-122.41394767819162,1.9855095736835873,122.29097093310534,38.45710942822221,4.729202520184277,48.12988586541975,7,-0.007178679887840334
1300001445000,37.77596521796332,-122.41395015443288,37.775854798993116,-122.41400106060178,1.856785639423363,117.58758918354272,32.138163175498455,5.2026609251247145,54.05258499027265,6,-0.002702004302874979
1300001446000,37.7759566027898,-122.41393295475075,37.77597307310497,-122.41389085790694,2.6399511404343112,123.90798650649597,32.51728541954981,3.049037423707069,55.763400888052246,13,0.007870482665688487
1300001447000,37.775947534736545,-122.41391211690353,37.77589175720129,-122.41394122816733,2.720056316557128,122.6441930517349,39.82606026983162,3.372245942724907,52.06683329533159,13,0.012354224973480678
1300001448000,37.775942029278575,-122.41389135834203,37.775989272019615,-122.41384135487077,1.7677012685852829,91.51154159867122,42.89768694506026,2.7022705848831126,56.26044777880525,8,-0.005233058595901899
1300001449000,37.775938945936545,-122.41386738177451,37.775899992062776,-122.41390785518144,2.146430189425941,100.36615831338969,33.459952256418454,4.309372723976361,40.351667499573544,13,-0.009856015116280878
1300001450000,37.77593486074299,-122.41384454948458,37.77580476670228,-122.4138939644115,1.8687397382548725,98.2330350436088,42.42074861634327,3.7100121146787375,41.937313049841,9,-0.0237661231011802
1300001451000,37.775931500345386,-122.41382293566267,37.77584461629999,-122.41374004920931,1.6148919229133023,95.72663490566958,34.226738186233774,4.334343277228772,59.13238193008449,12,-0.003460740160275295
1300001452000,37.775928903140425,-122.41380199094574,37.775868653062375,-122.41382027005969,1.7303900107870673,87.65117454823434,38.981047263618386,5.158682830873994,44.48045838508848,7,0.008292262810247511
1300001453000,37.77592529005448,-122.41377657039358,37.77589402821526,-122.41375592325426,2.720485410872849,92.24950761892191,36.43792422455046,2.933287565106556,58.20230943788637,9,-0.001120812908319474
1300001454000,37.77592334645377,-122.41375495681076,37.77591750862558,-122.41377126487217,2.1722433701771253,101.86800432866468,35.18233260145798,4.194598201678481,52.35944981635599,14,-0.005926383249008491
1300001455000,37.77592018311378,-122.4137319373972,37.77592360531966,-122.41376386536574,2.125110291310052,89.80835136134837,34.138081657234444,3.6119807204908105,41.3793627375547,14,0.015636755042082014
1300001456000,37.77591909074043,-122.4137127682658,37.775931721800475,-122.41364410348594,2.3018955747944245,86.94619909326124,41.90271470360015,5.189518523086278,54.88371575951433,13,0.005033448258792126
1300001457000,37.775919195741594,-122.41368877861548,37.77592881841962,-122.41367866774304,2.1283825760877435,93.09027992469707,36.49167094527957,3.3169141010429923,51.2886346395357,11,0.0007186925622234072
1300001458000,37.77591982184184,-122.41366892015081,37.77588051029467,-122.4137249719595,0.9071047800213152,73.21438462550371,35.48665245915639,3.372378157383029,56.06510863235398,8,0.00041075401835541635
1300001459000,37.775922643370635,-122.4136472797122,37.77593692141529,-122.41363012042557,1.4527798672228625,70.49639045709239,31.485026534048075,4.309797706549443,53.78796889387536,7,0.0031724870308930996
1300001460000,37.775924216023334,-122.41362677443725,37.77594787618132,-122.41368473932847,1.989154511460958,90.02378819275347,36.723236322670566,2.9537544854630067,47.27276147233021,6,0.010507454120714733
1300001461000,37.77592840160486,-122.41360824299647,37.775918454258516,-122.41368717991757,2.4721184813942574,90.10383325954308,28.877863950143418,3.5560059996247286,48.12515378888287,11,0.00015992675545976022
1300001462000,37.77593142478836,-122.41358878612552,37.77581834971348,-122.41351182048435,1.4213689789958799,84.0454142161929,28.54763688383363,3.3559048445807855,55.182592351740574,10,0.004478392541210742
1300001463000,37.77593616251029,-122.41356730769083,37.77599312320406,-122.41365667716651,2.2371410714733333,58.72988617438546,31.49123275052755,2.004613348925555,43.35274246876169,8,-0.014229664837539114
1300001464000,37.77594080357159,-122.41354816738803,37.775995017742964,-122.41352915726102,2.3452631433497078,87.67806550251872,28.983966480190475,5.665802705483454,53.069251819786004,11,0.007920886791815747
1300001465000,37.77594723826011,-122.41352986008856,37.77596525065421,-122.41347950812631,2.157462626431762,77.86460446727389,35.20577729091804,3.3155421278456023,57.673993794383996,14,0.0018667285839645425
1300001466000,37.775953925331095,-122.41351559471207,37.77591307305165,-122.41350079521271,1.0139936161427245,59.238568275655865,42.99775535113159,4.015119312444208,57.580664856977606,11,-0.0088995134367178
1300001467000,37.775960152442764,-122.41349972929106,37.77593047404215,-122.41348891658868,0.6260204243177822,65.15541971254024,39.59829282057132,5.639926852203885,41.340759590711954,14,0.015150766019878883
1300001468000,37.77596945349522,-122.41347857444742,37.776027242842524,-122.41351663890272,2.842495513667302,65.4271284749782,38.10287008409277,4.928425855039285,53.17204766670765,9,-0.0073720405208152874
1300001469000,37.77597886003028,-122.41345999679486,37.775971795657654,-122.41344887824947,1.0199496044651257,61.197424632431705,28.47049434361273,2.2999968876775365,41.009948911851005,10,0.023344931725137012
1300001470000,37.775986561542176,-122.41344153462681,37.775992407465424,-122.41344098791912,1.7349105183552338,79.27890492386902,41.936920851358174,2.6983850597196364,59.8850108122046,12,0.017175177649856085
1300001471000,37.77599442646254,-122.41342550462119,37.77606922586608,-122.41339930693138,1.9230629466374525,46.679148563372294,39.14985093956752,5.826925237714297,43.58026651040545,8,-0.002363054219716779
1300001472000,37.77600452904421,-122.413406025375,37.77596633434964,-122.41340113050076,3.0299749979706663,45.19783026845391,37.49831591724185,4.77154062127234,43.748359495530146,11,0.012435344117706032
1300001473000,37.77601222866595,-122.41339057400124,37.77608649673851,-122.41329988651688,1.2978238475243427,44.90393777726972,40.40129931207926,2.684077902913057,58.28536569901062,12,0.0012095394766291538
1300001474000,37.77602076847486,-122.41337148295229,37.77588786355144,-122.41346062206625,1.0481649088099978,76.77981782571868,39.15823304509085,3.9350017110575535,42.86812235512212,12,0.02104027094443196
1300001475000,37.77602707409096,-122.41335306594003,37.77604243353241,-122.41334917800408,1.5105836431864705,75.12075663548035,37.08729012519851,3.7498890784370276,51.825821687713,6,-0.010785930590563802
1300001476000,37.77603214079305,-122.41333565502012,37.776084964354744,-122.4132827837633,1.618913468909944,71.47259602932515,39.06866425181581,2.9826847840996535,51.21223267764917,14,0.01035765414046024
1300001477000,37.776038587485594,-122.41331498387017,37.77602746812948,-122.41335687240856,1.8613783567230666,72.41741072517863,39.832295474073504,3.465021319848759,48.953515333585344,9,-0.012035720629700684
1300001478000,37.77604248524095,-122.41329586229492,37.77609236991886,-122.41320055153687,1.6553798230179537,88.94221472513036,40.98014824050345,2.4112212505109336,46.39549498378795,12,0.006071705103920237
1300001479000,37.77604604973936,-122.41327739889746,37.77601976899716,-122.41323312828996,2.4354470233427263,80.81919796618752,32.58393732593559,4.5031302152967765,48.13917242023213,6,-0.01233146535677941
1300001480000,37.776051214737166,-122.41325861488342,37.77606394412787,-122.4132116160375,1.9926093600661283,76.17901103872887,38.08925311386057,4.9454302133185655,58.76877732175056,10,0.000831739170386849
1300001481000,37.77605438893416,-122.41323638002048,37.776053449952535,-122.41323377135976,2.1723530521976224,62.67101182583259,30.037630706992132,5.4902051290107465,51.644663412706926,8,0.005158026485540349
1300001482000,37.776058285619406,-122.41321146596087,37.77593020276472,-122.41321830800572,1.9250869244471644,83.71245701144609,37.64473405682255,3.954508677495249,45.52474962765193,6,0.01251410664538041
1300001483000,37.77606309856942,-122.41319130561838,37.77610521393836,-122.41313597138671,1.3274459459445116,64.97414417960424,38.58341094822943,2.876954738609397,44.176850183362156,14,0.0058579510230710894
1300001484000,37.77606809753988,-122.41317356599795,37.7759806007143,-122.41320801912467,1.8100363018234256,53.12219655364764,29.911015661670753,4.01893861290889,45.073775617979805,6,0.005511865514962056
1300001485000,37.77607527142058,-122.41315565718739,37.776055683008245,-122.41319286618476,1.5899793252455252,72.72619634278436,38.98560335168417,3.87669962997096,45.36002058252679,8,-0.010304999072452385
1300001486000,37.776082470786086,-122.41313603373541,37.77606936541507,-122.41305101642308,2.2911516664379925,49.64019343809744,38.36773902962052,4.563893112800334,58.15824216647572,13,-0.007450944055648882
1300001487000,37.77608954992985,-122.41312058895261,37.77620743973325,-122.41303378067143,2.0801252546860995,49.936082021893526,42.382565403412706,4.600037798930758,46.54692543923908,11,0.008752057200655673
1300001488000,37.77609724882455,-122.41310446796629,37.77608483217108,-122.41309358937333,1.4097229122237753,50.343971763117494,33.96491072719489,4.13970698488491,49.524864715078095,14,-0.008220462938625618
1300001489000,37.77610582972402,-122.41308643700128,37.776074114968736,-122.41311253876778,1.9115968151905627,48.23604502147158,36.02805987758885,3.347812400140011,53.862777638888645,11,-0.005751981302480026
1300001490000,37.776114450871056,-122.41306668548278,37.77603417026455,-122.4130990524127,1.7312736053772553,96.089302951344,35.0544706178901,3.9116667948608823,43.95339443747487,6,-0.003852460038260627
1300001491000,37.776122641221924,-122.41304796613699,37.77615615171144,-122.41294834132285,2.1500149801873834,61.19719275851814,33.644477167893996,5.445447598520941,49.80547277647322,7,0.00406612968356461
1300001492000,37.776130466501776,-122.41303287870497,37.776077728388756,-122.41298297799649,2.0004360108799246,52.91980396207459,29.029288434867603,4.733909718002652,40.446438078422055,12,-0.014922866103724848
1300001493000,37.77613612748296,-122.41301727126837,37.77612553674,-122.41295499756461,2.4161597459633994,53.86751278479945,42.20894308224129,2.6976518252209023,56.08040530462431,7,0.0053906886978161055
1300001494000,37.7761434917144,-122.41300115898548,37.77611102362361,-122.41304681485197,1.1188029908493897,62.177940273561276,41.554303982844374,4.448049203114245,49.07219067083366,12,0.010325791002741296
1300001495000,37.77615291278852,-122.41298620082208,37.77612944618949,-122.41292987282323,1.070240405919101,41.69739276186692,31.51281689115656,3.2395006813604907,41.48844945376308,12,-0.010658809871471083
1300001496000,37.776162152750835,-122.41297160198296,37.77616372042674,-122.41299153631347,1.2474823065542358,43.839547240957565,35.62629181438297,5.210529851162436,49.39886208550589,6,0.008860807735381407
1300001497000,37.7761735462671,-122.41295573304609,37.7761893817614,-122.41280723068463,1.3101682179286471,56.22500578208528,37.29004618852742,3.4951811247493016,52.463987300487524,13,-0.01055725182961327
1300001498000,37.776187059778046,-122.41293914785346,37.77628943290686,-122.41299065647455,1.7254451772646169,53.11248468895968,41.36157246187122,4.335795184964827,56.8239682155503,13,-0.0034352558685527813
1300001499000,37.77619946900817,-122.41292530663081,37.77624169152823,-122.41297061944663,1.341348871183031,28.520363931474222,32.90870382089274,3.072997497188196,59.51353233841405,14,-0.0038313792932186718
1300001500000,37.77621522103506,-122.41291511749392,37.77624615787033,-122.41286492950616,1.1209061884134606,33.917261023930266,40.00086581368286,3.618038876535727,58.20579723124075,11,-0.015366101087945517
1300001501000,37.77622866615872,-122.41291031623983,37.77621118349626,-122.41292858453244,1.8179971861154838,33.59148771744697,41.91053731763494,2.648599214263299,44.22038585645883,6,0.007045727945153344
1300001502000,37.77624233503609,-122.41290218917344,37.776237000762485,-122.41292771307698,0.5750333258199176,24.865768993484682,30.47211948916456,2.7380564457110457,59.120143015022975,11,-0.004226921542778725
1300001503000,37.77625578163848,-122.4128912298064,37.776308023949525,-122.41290498853637,2.261654010397059,26.59522423920611,36.65073426992262,3.002175002590794,45.74371532190887,12,0.002454482332424582
1300001504000,37.77626795692358,-122.41288188194635,37.776306367473815,-122.412780190574,2.0533136172323116,45.6401683534727,38.245879096419394,4.046627675307212,52.984150276901694,8,-0.00902584005695429
1300001505000,37.77627997448315,-122.41287433846924,37.7762731482937,-122.41289008250085,1.0334608325107784,26.089422462945034,31.509681055983112,4.957093544226583,59.76281827721102,9,0.00541887678805344
1300001506000,37.77629142379512,-122.41286546214026,37.776291009340916,-122.41286664536536,1.1499464666147348,50.24866399318556,28.214604284518643,3.344398436344959,54.5505630331861,10,-0.0006531329671778791
1300001507000,37.77630473551662,-122.41285563158661,37.77633431590207,-122.4128336026036,1.9268282949428501,21.331473138306574,42.82999120944086,2.4419954756588984,47.413373653365355,8,-0.006542792128492434
1300001508000,37.77631653310654,-122.41284930897714,37.776351572442366,-122.41281131535415,1.7374765432371986,25.188547462898146,40.04698425170756,4.5324467617616815,59.136024521815415,11,-0.0024719050965683947
1300001509000,37.77633072830724,-122.41284080234762,37.77629627999109,-122.41288152224622,2.726739517424165,19.599099865597125,33.630605423714094,3.2025345824187204,45.55748444146364,10,0.006364162445648157
1300001510000,37.776344168383865,-122.41283094570315,37.77633401575136,-122.41286245806937,1.62106867785347,25.28189924826387,36.55045466961711,5.65595420581972,51.211675873763596,11,0.012548312391879892
1300001511000,37.77635418220728,-122.41282206460706,37.776285484857546,-122.41280461846898,1.1457911388549065,32.491989772263196,40.73967040106674,2.603417378446738,58.93000301531751,10,0.008018607493828602
1300001512000,37.776366816691876,-122.41281426241423,37.77635541953526,-122.41284577161878,1.7730546658676547,23.972768219404003,34.91930165748062,5.487461789062607,45.941377063864515,12,-0.0009247061377016539
1300001513000,37.77638245596442,-122.4128035960553,37.77630048103318,-122.41283618769997,1.3677829653485123,28.792873671958183,31.881072399204964,4.75786848668869,55.33812784372934,6,0.01747490495067521
1300001514000,37.77639500489275,-122.41279588882482,37.77631652235237,-122.41278036818126,2.3571835345711074,24.951025032152753,37.06976193764708,4.340554682386205,56.84270552462924,14,-0.0002427286515871983
1300001515000,37.77640751015778,-122.4127880603052,37.776382103339266,-122.41275693707055,1.528413545365874,22.283297277722916,29.93900013039891,5.671967371430505,42.704502018775656,11,0.0075944673444269485
1300001516000,37.776417906001676,-122.41278292866711,37.77632877508671,-122.41280141340617,0.9458489316306267,15.653032349980162,35.696758703411554,3.7179326229365244,48.64021220999471,7,0.0025915278657858715
1300001517000,37.776430801520895,-122.41277709236539,37.776424485579156,-122.41275743198493,2.025161628337818,27.065428838544335,36.89598255605724,4.295819571489895,46.76764473215507,6,0.01263150543859114
1300001518000,37.776442861685176,-122.41277214894562,37.77648535265498,-122.41284998733836,2.268674013775697,7.733870425966488,33.77881106890724,2.3539946196816612,46.287112150024484,13,-0.010255336524608806
1300001519000,37.77645547766142,-122.41276825206708,37.77646212633905,-122.41270530967708,0.10533052520817465,358.8437207019894,39.13891481756941,4.4656995098249235,53.70247278403994,6,0.005002287018812402
1300001520000,37.77647049035172,-122.41276131498036,37.776529963016124,-122.41279029044819,1.7561037536974795,40.49448003831362,42.11612998491087,3.7646541547754113,42.353052920980325,10,-0.014737606330701397
1300001521000,37.77648443233207,-122.41275530928006,37.77651770021436,-122.41276683504185,2.451125216511203,15.977203245381144,34.0504055651951,2.441504563238656,44.4406508588789,10,-0.0171884547603555
1300001522000,37.77649566834131,-122.41274752335974,37.77653794654798,-122.41273042748622,1.067199627712791,14.057380184469709,32.31403568453783,5.1706178660674755,53.446325947175914,10,0.015862935790433887
1300001523000,37.776506950878435,-122.41274095987468,37.77652225542209,-122.41283805419587,0.31191251613229287,31.620199611181803,37.44961246629307,4.310154262611977,59.40647563686552,10,-0.00770422136355989
1300001524000,37.77651886634525,-122.41273445214794,37.77659902486971,-122.41274796159465,1.9111355645800479,35.07535790369616,37.48871876373848,2.507883212180427,53.287176977601625,10,0.0021588582023545767
1300001525000,37.776533984873026,-122.41272705735564,37.77649370374601,-122.4127958475685,2.8376186060207242,36.68245560354678,36.520958650977605,3.223990332152703,40.44736777299883,8,-0.006859569425595948
1300001526000,37.776547193644845,-122.41271891819085,37.77649103890633,-122.41274968411062,1.525476445022786,14.186554345016534,41.97203930398358,5.519733394500777,55.21273451164265,13,-0.014657488335786482
1300001527000,37.77656092300399,-122.41271329275203,37.77649957328575,-122.41277749211659,1.3556275575085808,16.112316228681127,36.12311957330828,2.013549299851368,51.26951996416291,9,0.0014203949815200245
1300001528000,37.776573506874485,-122.41270925551719,37.776530475323455,-122.4127399121952,1.507168199421907,23.540029782973914,36.74789115191136,5.562708158884045,46.46608742716617,12,-0.007383153943833536
1300001529000,37.77658430325804,-122.41270575445543,37.7765881529203,-122.41269434748473,0.9200946574485251,5.733984230134967,34.00686137506278,3.0583998681239133,50.977923245926945,9,-0.0067430845062630695
1300001530000,37.77659516039646,-122.41270140243927,37.77663277648253,-122.41272455301899,1.9681110613600277,10.412064542204945,42.064651702794166,5.446945892564932,51.2684345093628,13,-0.027707183847557958
1300001531000,37.77660721887555,-122.41269777130191,37.776610325275634,-122.41268686884192,1.3010997218394895,359.58666948762993,30.42195342090179,3.375484580805601,52.55512439174498,9,-0.001151084804569189
1300001532000,37.77661650502209,-122.4126952300456,37.77664921439939,-122.41271829689127,0.6588917439196549,5.828430376130737,39.84528805903918,2.016638259200681,55.945114715798645,6,-0.0062796399555907515
1300001533000,37.77662852700286,-122.4126919123147,37.776590630366215,-122.41259008548086,1.6054619874904388,10.550025442531132,38.848124806338355,4.3533197065403995,58.7398861698547,14,-0.016584491249751854
1300001534000,37.776641647433486,-122.41268657146253,37.77669023390973,-122.41270117253946,1.1744460683410816,20.20439340763925,40.793791156199454,4.846167357923436,49.56742037983983,7,-0.012487520602578102
1300001535000,37.77665605091507,-122.41267965968471,37.77676206157307,-122.41268977025649,2.6121075338244677,23.214267824747342,32.68692651243895,2.7715563278752766,55.74371964050667,10,-0.0017581001741622316
1300001536000,37.77666588581532,-122.41267206677178,37.77662590019982,-122.4127037884237,2.053078617216023,22.522588004014693,42.95870692331883,5.542441852403922,43.10876801348363,11,-0.00297605669928257
1300001537000,37.77667826422773,-122.41266169579242,37.77665821473726,-122.41262789885376,2.205156460472274,38.84782935354559,37.630471252660094,4.554928158878219,55.205868880756746,12,0.0062815439828733275
1300001538000,37.776685702554936,-122.41265612183679,37.77666825494638,-122.4126029272533,0.9001180181663895,25.23731686098732,40.59123816550063,3.5103168272788685,56.900773874508445,14,-0.030891397167667978
1300001539000,37.776696617576796,-122.41264855766407,37.77668089323633,-122.41266537138992,1.459660060331561,22.946876704783687,35.689880750372,5.885669409934673,45.27677599286534,7,0.006630514358079785
1300001540000,37.77670589100799,-122.41264146604445,37.7766489985671,-122.41265160255061,0.401175399428505,33.93140194751083,30.43963662806916,3.8694546471482094,46.52715965175321,10,-0.009883195599203877
1300001541000,37.77671848005129,-122.41263299763006,37.77677121645973,-122.41259085626368,2.2874304966669037,26.775429565280497,40.411480487878265,4.489051449078594,54.320618947628134,12,0.01552232686348674
1300001542000,37.77672882395488,-122.41262632965079,37.77666933997593,-122.41268094703334,0.5377908671297399,35.00553168304159,29.33598959027259,3.6014744253521784,51.67942092382024,8,0.006034018805942131
1300001543000,37.77673885269903,-122.41262001983903,37.77673459267289,-122.41264169802163,1.6624678298880071,31.187339659934363,34.66171902872588,2.2438717815168263,40.79800108437494,7,0.0028127157254486295
1300001544000,37.7767515816439,-122.41261523361244,37.77669001881537,-122.41264431711654,1.421429432531106,15.769460359068848,29.392468719539153,5.009959806185536,49.063896134831005,7,-0.0022104793081372397
1300001545000,37.77675980539275,-122.4126114232781,37.77676244448016,-122.41256217826137,1.4296213384254597,18.484141128648137,38.449279504773834,5.90494319303391,43.690904164267664,11,0.00014645965631682165
1300001546000,37.776767350628376,-122.41260686391568,37.77683428197287,-122.4126176471234,0.6907185488446779,0.07102068288410734,30.85984505710065,4.384620858282929,48.836022159628484,12,-0.003543334798068426
1300001547000,37.77677366229263,-122.41260194332763,37.776734114689596,-122.4126341958819,0.9517894442341231,16.31024437913136,43.22492495611873,3.2354875266854184,43.36386616976095,6,-0.004833302601215066
1300001548000,37.776784688019085,-122.41259388688526,37.776791160488784,-122.41262985609498,0.08631158806072192,10.237593146359657,32.64786726753911,3.6935150007248754,53.45604476747955,12,0.009713264777936551
1300001549000,37.77679600104895,-122.4125841447587,37.77678692429324,-122.41267723545808,0.4179498847831882,26.823110649184184,38.88472547648512,5.653800681915384,44.34448390631589,12,-0.002638811245842363
1300001550000,37.776805635244344,-122.41257559359086,37.77681779500007,-122.41250298483524,1.2713897908704943,40.743729948542196,34.66904809562957,3.410126768816891,57.891882889326254,9,-0.0068708477914581
1300001551000,37.77681484122778,-122.41256735760439,37.77683383514739,-122.41260034357342,1.7632856697660206,19.220136890694878,30.492019959400686,3.7448299482290803,47.64922200277245,7,0.002799275249440744
1300001552000,37.77682370174256,-122.41255948135854,37.77674811793638,-122.41251032982457,1.6597698014345312,30.37771582705686,42.98779184153776,3.1629757273646977,43.69690097123479,6,0.0025797231230488132
1300001553000,37.77683559165061,-122.41254971137477,37.77695176827162,-122.41258707046171,1.6171389053358878,39.02082535786642,39.330727027430115,3.7961860692433604,45.19787882649712,10,0.00036868218702740567
1300001554000,37.77684683684213,-122.41254236882587,37.77682998133367,-122.41252818852026,1.0970437161982574,40.81157060904052,39.08766265424005,2.6641264083402665,43.21823308600757,14,0.007310587368074658
1300001555000,37.7768540400446,-122.41253490839138,37.77684835364125,-122.41248136507129,0.648620771647243,44.563670913783454,33.465190500855954,5.956972874191612,45.32590428376772,7,0.002262041306486767
1300001556000,37.77686262553141,-122.41252440505983,37.77691734659555,-122.41245372313406,2.1557702483585173,22.304734251435256,42.243924407102064,4.927939481170563,49.76443874449434,8,-0.0020162553196299113
1300001557000,37.776869774970315,-122.4125146769425,37.77685703389488,-122.41252793194633,1.8998083731356972,44.76797393613918,34.20939721823702,5.8662439049841755,45.981813121374664,9,0.010671252813193494
1300001558000,37.77687758561105,-122.41250373353061,37.77686501401608,-122.41258290874262,1.7946683097242113,43.20800831208691,38.29714530709492,4.364037336619995,59.84980319253108,7,0.0006252279702159253
1300001559000,37.776885146946924,-122.41249388764484,37.776861032652846,-122.41243777857703,0.978312633002815,44.708719897336685,33.014938212221544,2.353905804372546,54.7939204906132,8,0.006604328145733661
1300001560000,37.776891481577316,-122.41248584536295,37.77689416111871,-122.41241793078659,1.5913406080967367,36.34891786387415,39.402830126504774,3.829571405482254,47.70830090342058,8,0.006529068521954633
1300001561000,37.776898792849266,-122.4124756587252,37.77695639995344,-122.41239935903333,1.8626926741363148,55.871658082680725,32.948082360245046,4.042125840728392,56.48849292855884,14,-0.011744426204842054
1300001562000,37.77690831848903,-122.41246721638714,37.77691322902557,-122.41252222708077,2.120706782751204,37.19773081003315,38.4463934065097,2.8683113235577964,48.0563692220948,7,0.013701006130467222
1300001563000,37.77691660393344,-122.41246086255946,37.77685345754232,-122.41236542646124,1.0237139363911885,40.48130082027141,38.00513276985893,3.6193486625449762,50.83935442057873,13,-0.01009494478444339
1300001564000,37.77692515591573,-122.41245464943991,37.77700456564473,-122.41251668495902,1.2814018671948362,39.877877250310455,35.48912154279585,4.523783386876193,51.28546628499136,11,0.005174625838904089
1300001565000,37.77693456655131,-122.41244812586196,37.77692524047951,-122.41240881651217,0.9919959270645636,26.385930200147676,40.01289977240523,3.477079097336663,49.07797925751874,6,-0.008501479433009076
1300001566000,37.77694204757946,-122.41244363313622,37.77685994730778,-122.4124292215926,1.5872075626515505,32.29216413362997,44.236926420751885,3.244035055439621,56.57295602471487,14,-0.0037852150356721005
1300001567000,37.77695029385408,-122.41243773514968,37.776952831266364,-122.41243160756987,0.7095543539106273,33.28970791722035,43.9320582226005,3.7622642351651754,47.484669174585854,8,0.002888900875442829
1300001568000,37.77695938500258,-122.41243239167596,37.776878203590755,-122.41252569988643,1.207987660221019,33.969740853442815,39.18245816789399,2.8436531007084684,48.85092843831302,10,0.00825280589966899
1300001569000,37.77697173768646,-122.41242724859285,37.77691442394533,-122.41241550094058,1.3235581438465813,357.61636455475605,42.42449818818717,5.503576089100772,49.24722052647822,7,0.017142086365762733
1300001570000,37.77698165093438,-122.41242566975308,37.77699239186689,-122.41243972239151,1.161467861081648,10.324066263047355,40.425070984447764,3.447825869185884,50.13692077996994,8,0.007759332591536821
1300001571000,37.776989634046195,-122.4124253652795,37.77699600054459,-122.41246074097836,0.9217241298227575,346.18366578395364,41.08448802231247,5.002185049203181,55.601152152010556,8,-0.01712708258301486
1300001572000,37.77699958485269,-122.41242355829715,37.77715995754791,-122.41242122346794,0.5429638691995722,12.193605213380597,41.23886776887979,4.766783744665746,55.40436692923896,10,0.005845321638541031
1300001573000,37.77700698700308,-122.4124218210002,37.776958757913974,-122.41248546916195,1.202605335070401,7.91002494441486,41.11626583770739,4.483814707713314,41.8559425217104,13,-0.003192207050519488
1300001574000,37.77701383077027,-122.41241840561432,37.77705060560999,-122.41237574862622,1.408889898688873,356.8059730384979,44.3709909372839,4.1662589455989565,47.646617479393264,11,-0.0012541545004528488
1300001575000,37.77702241714077,-122.41241578838373,37.77700622374645,-122.41245105466209,0.1529565435530833,5.1218369777908315,40.18569483578775,3.8605037560003965,40.086065053900114,8,-0.0019187345483861412
1300001576000,37.777032234884025,-122.41241311507441,37.77705061772119,-122.41240138336859,1.4052809795827883,9.713482401266985,34.2222377337272,4.147530997107949,44.212800242915705,14,0.012321667263815284
1300001577000,37.77704035147154,-122.41240986830378,37.77710840956012,-122.41237202174743,0.2984215950772181,22.173075031601112,36.04129765036729,2.277062231975588,59.84640216019476,8,0.02639388106857392
1300001578000,37.77705094645262,-122.41240522852182,37.77701648418494,-122.41248101842903,1.8519335022730692,30.723683972173895,33.539022525525006,5.836838994561444,56.47289135536228,12,0.002824049973668853
1300001579000,37.77705956244146,-122.41240176860651,37.77705050566787,-122.41239630830302,1.586910192764095,15.63252306357536,32.312711754559885,5.336929908136037,48.84181955347936,12,-0.006123249935785545
1300001580000,37.777068754886194,-122.41239654834779,37.77701444013479,-122.41227217377741,1.4618743308976692,12.318182839871593,41.16528563278709,4.997530030096765,52.059157381543685,8,-0.003582670883076085
1300001581000,37.77707459649669,-122.41239295249402,37.77710736549705,-122.4123559688204,0.08807332697493964,35.92972560083602,33.96683779436377,5.143639044014357,49.098841163856974,8,0.009553580968023324
1300001582000,37.77708041396686,-122.41239082810512,37.777072060967136,-122.41237409681787,0.7007396508066669,15.189498375834123,34.248752873312526,5.799153650981058,43.382164404330865,12,-0.005618331281953527
1300001583000,37.77708749537113,-122.41238774006361,37.77718858754971,-122.4123834503937,0.7742662262101115,27.35409573963667,33.521652927267155,3.8331328339886572,57.4848260225279,12,-0.0022474401753836038
1300001584000,37.77709581791638,-122.41238487188166,37.77712207836626,-122.41241479827465,0.39495232329512087,7.304565563535822,36.884079626754094,5.295206638822082,43.72714577801377,14,-0.008032472336736677
1300001585000,37.777102762208294,-122.41238339657103,37.77719327381839,-122.41247665429829,1.2639588518575362,3.2223179752097764,35.32266293457825,4.130115845383273,55.34813505328076,14,-0.004080768684147634
1300001586000,37.77711237671532,-122.41238007105153,37.77707029441227,-122.41239212806212,0.9773902945807428,358.77329632889246,32.622066343376524,5.765088260110898,44.381654609847445,13,-0.00974876323771097
1300001587000,37.77711632230765,-122.41237932501161,37.77719909791979,-122.41239398252587,0.4577614671796199,354.32270814801814,30.671259532968776,2.7437875284988555,48.22086799539082,6,-0.0027064784076743058
1300001588000,37.777124939482555,-122.4123779291258,37.777028678981644,-122.41237271372042,0.32258442461648584,14.903447178962706,38.52478296884019,2.8035383307285326,44.35063769731488,13,0.005201159855760232
1300001589000,37.777132352282266,-122.41237581270468,37.77710373270852,-122.41234054647626,1.368817375481364,15.268422903674763,32.71839109036207,5.841901370622285,58.51409098742024,12,0.00042827857109388364
1300001590000,37.77713845769244,-122.41237473875907,37.77706116603159,-122.41236779623974,0.9033288405761685,358.1884537803051,31.01230510182906,3.5743852426999365,48.2267928312735,6,-0.006018859042521242
1300001591000,37.777142063155964,-122.41237475657297,37.77711183191925,-122.41239753717409,0.626520849237081,344.42351787979516,32.16343228732602,4.373477234860738,49.71441972399222,11,0.0074602019076098905
1300001592000,37.77714888091539,-122.41237545659648,37.77719095528026,-122.41234982931903,0.19514204053051665,356.95483398274416,44.829880067276065,4.946417279210898,51.71890677394214,11,0.0002474404226890806
1300001593000,37.77715322792751,-122.41237581845819,37.77712013110025,-122.41238497956174,0.24823518258768443,342.11393462577115,39.36590073447754,5.834029289852146,41.59554948469911,12,-0.0005028178405100491
1300001594000,37.777159696911255,-122.4123766560248,37.77732470233194,-122.41238209920759,0.6409153130242404,0.6843137364918448,42.10458190166587,5.6159587461484755,55.686426512031275,13,-0.007423041250673834
1300001595000,37.77716616259292,-122.41237734654334,37.77717482875119,-122.41225294060591,1.4124029357748573,350.8002886380104,31.371631566312107,5.832558273144815,41.35787686850031,13,-0.008392975361900541
1300001596000,37.777172849566874,-122.41237732737996,37.77721819478425,-122.4123611928601,0.4239103553053774,356.63575285473456,40.09096686830706,5.036717526418307,40.20169069593205,9,0.01261604899434124
1300001597000,37.777180855744135,-122.41237665650229,37.77720980896518,-122.41246055682873,0.9885678411710376,7.790272016117349,42.32726541015006,2.0840874361521156,51.62474260262855,10,-0.00994649606641108
1300001598000,37.77718827745095,-122.4123749987282,37.77723272679117,-122.41237757588344,1.9558502819886288,32.632014005151426,38.07890699518771,3.651392509820076,58.189456585850856,10,0.01905881919357208
1300001599000,37.777194585555534,-122.41237245278862,37.77715409404716,-122.41237991371072,1.1259482563685863,7.919693063834137,38.44272124383707,3.467182346327071,45.130818119433044,10,-0.0015428833819481913
1300001600000,37.77720040909237,-122.41237077225406,37.77720534565418,-122.41228592630226,0.9809598635895229,23.830670488297947,44.97354677676798,4.496029421816446,44.526905961484154,9,-0.0012103637521243933
1300001601000,37.7772070028724,-122.4123699998598,37.77722118397255,-122.41233899143285,0.47362140388480267,13.75908513100138,34.22465102573907,4.792136031063171,41.85320730226638,7,-0.012415443082577008
1300001602000,37.777211271991966,-122.41236944116939,37.777201382885764,-122.41230534853321,-0.487104873537088,359.16593330757985,39.21899312203189,5.868074170432761,50.6543844496154,14,-0.012345449539436837
1300001603000,37.77721643297906,-122.41236892773638,37.777295221150254,-122.41229751474688,1.036724111688274,356.3395952642649,39.068483453979844,5.8910406142084994,41.61990043509488,11,0.00947077462842981
1300001604000,37.77722220800759,-122.4123670872262,37.77720810840818,-122.41241594560466,0.8918420416584114,14.560959330916658,33.02735951040623,4.388029078413966,55.597735116712926,6,0.00301915860374343
1300001605000,37.77722722611474,-122.41236543865782,37.77714791514776,-122.41236039298201,0.4337601995043153,34.34826990039633,36.896324890469714,2.5581037275257454,45.93787658014513,14,0.008561933253834784
1300001606000,37.77723269713295,-122.41236360127762,37.77723938318169,-122.41238310682134,0.21607949775694651,24.865793764837576,45.8973628294659,3.491502492444057,56.2704225078554,14,-0.026018064461747818
1300001607000,37.7772393336592,-122.41236064915768,37.77724915842793,-122.41233505558704,0.6942635879736818,21.84396410636255,44.926194370595795,4.545727934547681,50.44133731146269,7,-0.007974361360021984
1300001608000,37.777242780900735,-122.41235940857881,37.777284252912665,-122.41225367384308,0.3057222029424256,27.074900232055125,42.647443437195705,3.4367299235094597,45.62659346112863,13,0.0022223717829232656
1300001609000,37.77724957588577,-122.41235782538169,37.77724131285718,-122.41236997230699,0.06082438624572972,24.09497050258049,32.99329858193739,4.895652900140086,49.682111446507456,14,0.004300654804283784
1300001610000,37.77725275864444,-122.41235614806777,37.77720193351425,-122.41234303929029,1.173596635188412,26.072389508587175,44.748731989200685,3.1534977778084197,41.89127656101305,13,0.028669001852644222
1300001611000,37.77725545428396,-122.41235456456987,37.77726620658961,-122.41229155552944,1.1792914260531049,41.97908690839773,42.276160950591056,3.5079288367077597,55.86205827686413,10,-0.005035878043590945
1300001612000,37.777262000900606,-122.41235041990738,37.777200641192294,-122.4123798585629,0.8763888871768523,34.29315438323756,41.184656084505065,3.4975912510445877,49.96980329250803,14,-0.016985487678247212
1300001613000,37.77726660759229,-122.41234700567493,37.77733894027217,-122.41233221002933,1.5014476846600853,42.650262161774194,34.70451170898023,4.103779191448302,58.98098536801609,7,0.020215651562397397
1300001614000,37.77727143930335,-122.412343992953,37.77724394249086,-122.41228318924445,0.1565750970911458,17.751487992386146,42.11463935403082,2.6381584905551962,46.18583797269139,11,0.0010903126196824652
1300001615000,37.77727534267206,-122.4123409561673,37.77723896840161,-122.41237989959969,1.405786286324408,29.639635906955665,39.17348497651148,3.076408962315584,44.4760361941971,9,-0.0161918353550698
1300001616000,37.77727907463853,-122.41233715669756,37.777348526031844,-122.41230920535475,0.5087379304722015,40.03119423036409,44.921454404708975,2.5902539413410115,41.52854877759655,10,-0.00010114337137065595
1300001617000,37.77728187324646,-122.41233399986872,37.77733664009046,-122.41231180478341,0.28217985376755517,28.883270314424436,43.75623920051278,4.022594052496202,57.69589924981438,8,0.010134818523769702
1300001618000,37.777284867415766,-122.41233060931737,37.77726145741931,-122.41232234196065,-0.04550525982646697,39.96475935297939,45.87959253574965,4.5221712431526075,44.96326070314906,13,0.004818102586353075
1300001619000,37.77728752050304,-122.41232769315515,37.7773232730211,-122.41236435127644,-0.36262361443262175,23.920242563262324,46.59935749347632,4.426912563098867,57.40381994930913,10,-0.01923617276489762
1300001620000,37.7772916179251,-122.41232426763729,37.77730159115183,-122.41236823958732,0.1917360851750622,38.605988021023336,43.593808477778474,3.242479700441976,58.48857962657296,9,-0.0062304170396077895
1300001621000,37.777295520090725,-122.41232111593345,37.777306320686534,-122.41230364586703,0.2812241876592968,15.68083483828146,40.0499690849456,5.85938233659969,51.158357733060996,13,-0.001731863177589437
1300001622000,37.7772988872932,-122.41231848936124,37.77724041176118,-122.4122550266529,0.4530137699175964,6.903745461496868,41.15097014278079,4.511566390089502,53.526802380343696,13,0.014452866398882203
1300001623000,37.77730309699161,-122.41231605736328,37.77741178284295,-122.41245354680946,-0.17337284311015244,33.354836977347695,46.56328425182674,3.308916580134508,49.51469585032048,10,0.0010376377958583223
1300001624000,37.777307479832785,-122.41231450035873,37.777296428242444,-122.41230329585238,-0.20477854716200017,19.62385074523969,44.23257233534715,4.322981582140374,49.21376392657599,8,0.015183800036946282
1300001625000,37.77731176028491,-122.41231244594877,37.77732944707922,-122.41223499621458,-0.18268548613621327,17.350971309633145,36.754471856176,5.4011316681509935,42.00481163240154,11,-0.004374295557158933
1300001626000,37.77731946788079,-122.41230808779417,37.77733146062935,-122.41232126860808,1.3065337817612444,35.50326627305789,32.29413692904775,4.826413515596679,58.32600313926681,9,-0.025311096174457443
1300001627000,37.77732318908948,-122.41230502550881,37.77739102369439,-122.41230446079864,1.2442664464404398,37.37354898737252,34.0278972937854,2.249073361823494,41.69965354902288,8,0.0026033061940555105
1300001628000,37.77732479362617,-122.41230344980465,37.777318571527104,-122.41229620155342,-0.14469245849800044,45.07076243422743,41.88229747509376,5.957032901919952,59.955283398570444,14,-0.0043416148846475
1300001629000,37.777328881658164,-122.41229918972888,37.777458805078986,-122.41226947056607,0.8988355463635755,59.18512618150726,36.52166652044788,2.6389306876217815,58.75037102676738,13,-0.0002275847198450738
1300001630000,37.77733384662744,-122.41229504149423,37.777419398927556,-122.41222599371139,1.1592277233276924,14.468303522546627,35.58033642146656,2.159734962450375,55.78161329355113,10,0.00043970675621068093
1300001631000,37.777335226205864,-122.41229402721218,37.77734753925991,-122.41236090258185,0.24372726478013923,40.092766297731146,40.897687187273476,2.0058076014541797,46.531884750754045,12,0.005057605433908561
1300001632000,37.77734249778157,-122.41228993929266,37.77725398246455,-122.41227888672515,1.5162760594275846,21.399923196345174,42.15840068298245,2.316709904055173,53.570449098813754,11,-0.017936534466362487
1300001633000,37.777347357217835,-122.4122877679334,37.77734101087995,-122.41220628957984,0.15073978055714438,30.653874053253528,44.34646166031492,5.779969214844421,51.149434678918965,11,-0.005852804197138831
1300001634000,37.777350893576575,-122.41228658712606,37.77730806550653,-122.41227646999586,0.5506215822349794,24.529420684947674,43.93436959756097,5.438914870375051,58.29418228421814,13,0.0016727916799428142
1300001635000,37.77735521054991,-122.41228583743421,37.77735091922568,-122.41222934792819,0.30363588894467575,354.8602301877808,40.97578460220733,4.327703442033347,57.18553408179427,8,0.00842505792802312
1300001636000,37.777358120346975,-122.41228512393235,37.777357659899494,-122.41233464047077,0.04975315023438609,13.231575688063733,42.889690575986755,3.578169338237639,55.61345368177339,10,-0.006111262475213592
1300001637000,37.77736097003726,-122.41228434014528,37.777284715011945,-122.41230773069498,-0.005787341569415572,16.553001443171176,42.34214979868255,4.9311073672324115,51.671268103107,9,-0.009124226152861572
1300001638000,37.77736338455247,-122.41228369032085,37.777436718828504,-122.41234420617597,0.5857937748258321,5.209198328566009,32.345727653439965,4.325638079463483,50.51975712731237,6,-0.0023374735505134773
1300001639000,37.77736733883895,-122.41228266318599,37.77737948807425,-122.41231033183973,0.7554033145598227,21.041840453182708,43.237435476209164,4.045402078756304,45.460885913350126,13,-0.0004495589815087048
1300001640000,37.777369936774015,-122.41228183988116,37.777403479103285,-122.41232395591884,-0.21079585084223418,12.436560848704696,35.16926811773164,2.939190424650904,42.303773319915486,12,-0.018964269354362462
1300001641000,37.77737032787751,-122.41228170431505,37.77732164666127,-122.41223697586658,1.06793238795745,11.176836200299839,42.96864787233981,4.346823897620987,53.80170222830971,7,-0.020928377992235223
1300001642000,37.777370375439766,-122.41228167822635,37.77736294300606,-122.41232045349338,0.3129416240697259,18.148909251360646,40.87692518450749,5.366843072029665,42.86506111446492,13,0.008949176747014585
1300001643000,37.77737461450101,-122.41227867466323,37.77739612346082,-122.4123021594495,0.5652782112691128,21.29890146856431,45.359737567359964,2.16916660745063,44.1850485770777,6,0.009105094836160494
1300001644000,37.77737770593087,-122.41227664879801,37.777399597525815,-122.41235803094973,0.24533719186712713,16.755579479686194,41.92936710402657,2.151994455920784,48.57867853383195,11,0.009112441872645174
1300001645000,37.77738001578928,-122.41227564369223,37.7774688468353,-122.41222514676858,0.6505660944032001,17.72902286904323,40.736425379174705,4.045130712046592,54.40935225146138,6,-0.004834974917931377
1300001646000,37.77738118340184,-122.41227520681542,37.77740599550089,-122.41232012603722,0.3756314163321751,3.871628186031174,38.941101041210594,3.822209880016195,59.752190733712716,7,0.035092230557789685
1300001647000,37.77738423013342,-122.41227413765034,37.777384941841035,-122.41223360974642,-0.3638267632468521,17.442307032583233,39.21800408526557,4.370815176504033,42.490030129060514,10,-0.005729820036026972
1300001648000,37.777385298891005,-122.41227385057468,37.7773927602912,-122.41228245063733,0.3136270063648613,11.63426464030356,39.87459565115255,3.09700776128544,44.09226553234417,7,0.020387670028932225
1300001649000,37.7773869642727,-122.41227284352067,37.77737946693171,-122.4123030171814,0.013878941422443919,26.913804802695985,38.59344823583279,4.66992857338942,51.53171695716149,11,0.01081776876457973
1300001650000,37.77738796818041,-122.41227205676851,37.777374113722146,-122.41231350937214,0.7175398881335082,43.70202589481737,37.527288781075626,4.531171733912862,51.835543313153444,10,0.003173472310493576
1300001651000,37.77739244339386,-122.41226882343645,37.777341505472386,-122.41221795403355,-0.37956538568363674,28.149681108051684,39.023774584051075,4.213383553799636,51.236078802639874,8,0.0016242134861810835
1300001652000,37.777394712249134,-122.41226717094459,37.77744424636171,-122.4123328452141,0.5317937992776363,30.410722888440574,33.55424775220194,2.129565429817561,55.33443046214269,12,0.008563386631441051
1300001653000,37.77739776306654,-122.41226490865397,37.77731261621958,-122.41232570503097,0.18752218554949274,18.05673605679322,34.59046046582921,4.054048018165441,56.108195006111636,6,0.004270950587640999
1300001654000,37.777400783468934,-122.41226318082181,37.77741611314245,-122.41216399528176,-0.1533148949378419,13.008412237084086,44.70932896234863,4.434933594195465,46.22950023607697,12,-0.0032922970886569624
1300001655000,37.777402485627334,-122.41226232549006,37.77746344443611,-122.4121839162865,0.2990191933368517,14.068864427752228,42.96237290342616,4.731688462489448,40.94572127646023,6,0.011796474481923004
1300001656000,37.77740452760022,-122.4122613875605,37.77736127193589,-122.41224589444869,0.23917540123696726,31.980550023430254,42.7384144155003,5.592693296231161,55.655889974855086,9,-0.0005685206279743717
1300001657000,37.77740452760022,-122.4122613875605,37.77736315902346,-122.41218092229863,-0.15545910185933895,34.512055354090805,38.37317440812791,5.134347791855817,43.472583680084355,11,-0.00613561433280335
1300001658000,37.77740607780618,-122.41226000701113,37.77748633443137,-122.41226478324366,0.09645920590779575,43.250602832705276,46.01659447954245,4.767922205245052,49.077144464915705,14,0.010171507137103067
1300001659000,37.77740887808422,-122.41225699576121,37.77732791685519,-122.41234776785222,1.756153290248053,62.976713401610425,40.31265962414914,5.600113714363056,59.41221635889697,6,-0.010845253320052655
1300001660000,37.77740887808422,-122.41225699576121,37.777338159396365,-122.4123046538481,1.0148293761543372,41.41511505246929,37.00363584521438,3.630641400700953,46.660301834697904,12,-0.0004730447631139453
1300001661000,37.77740887808422,-122.41225699576121,37.77743241016808,-122.41229936686511,-0.3525648109778061,17.766232659134687,34.304950779249666,3.4589935380139734,44.1206840910707,9,0.014754977663217263
1300001662000,37.777412317255184,-122.41225496519205,37.777389779418876,-122.41229881309636,0.7529446937166446,35.688601925982695,39.23786205022248,5.455800467918217,54.918152784203684,6,-0.0006224753753703334
1300001663000,37.777414937279715,-122.41225225319954,37.777442452837676,-122.41219965098384,0.2831453564374519,34.83733728818072,38.37200924300029,2.6392365459855203,47.48432561854911,13,0.007117826475765505
1300001664000,37.77741919727807,-122.41224820105568,37.77736155201771,-122.41220214664179,0.7558426358935647,45.69825454873554,32.85532864495779,3.174615634250426,45.78931741693909,10,-0.010041016759563757
1300001665000,37.777420863888295,-122.41224665044406,37.77744649175431,-122.41232220980436,-0.1322210397152541,25.5097688785657,32.39908887319656,2.3985380592568437,46.206384968760496,8,-0.009487560620660435
1300001666000,37.777420863888295,-122.41224665044406,37.77729790723877,-122.41219731002292,-0.6972166057918513,29.57868175799426,41.227022663349956,3.1878374279409494,57.58509636419017,8,-0.0005184942792071809
1300001667000,37.77742201966003,-122.4122454705002,37.77743827632138,-122.41224399483701,-0.3008034762845696,37.55809378858637,32.31157732845768,2.1137858437004873,53.2776459734879,10,0.014331901006126522
1300001668000,37.77742258646737,-122.41224486746584,37.777337347508244,-122.41232273819267,0.6866001293222397,42.80897389249779,36.458380588563216,4.326586719565318,54.97370241529882,8,0.0021496056239051087
1300001669000,37.77742258646737,-122.41224486746584,37.77748165435536,-122.41226056101844,-0.08323637341124393,65.77013847732036,46.74670996478357,5.054753184279125,49.473694570913835,10,-0.011410475702760926
1300001670000,37.77742258646737,-122.41224486746584,37.77742434379118,-122.41224914317729,0.22580574568747402,61.47184127802314,44.54431431082393,5.9913119770531,44.054301679584924,8,-0.006128460392669134
1300001671000,37.77742258646737,-122.41224486746584,37.777500656491476,-122.41221317890995,-0.6401833919499701,54.754233182833374,35.72160558475077,3.816943015778232,51.10652343379544,13,0.00541937448344877
1300001672000,37.77742258646737,-122.41224486746584,37.7774700820072,-122.41223537462287,0.4490333467930567,33.6572916084528,32.49371892163815,5.670488336484336,43.35810305343318,10,0.003689844422134715
1300001673000,37.7774250016583,-122.41224139061686,37.77735668428302,-122.41233592650447,0.8205813400398094,50.886364147818206,41.69194927956363,2.919917506287789,54.19596546599756,7,0.00853762335687742
1300001674000,37.7774250016583,-122.41224139061686,37.777409949238645,-122.41229909074922,-0.25266860915411365,60.90739466312802,36.27786798585591,4.06864454286046,48.76439032897457,7,-0.007307296320144452
1300001675000,37.777426720544355,-122.41223728632599,37.777444212990524,-122.41226516971209,0.043519970919051576,45.59752766596487,41.675520246927206,2.161961503740465,58.561627936002424,8,0.004909995988396439
1300001676000,37.777426720544355,-122.41223728632599,37.77747188632905,-122.41223067704972,0.031238149982704605,50.825844515830006,41.78451306792871,2.8400291112194513,51.638444441874185,9,0.011410055726263874
1300001677000,37.777426720544355,-122.41223728632599,37.77746153354354,-122.41222546332061,0.562425479288166,52.582354146407184,38.03286810526388,4.82229570668944,53.95480203684244,8,-0.00751909711109198
1300001678000,37.77742829439229,-122.41223145872164,37.77749817988977,-122.41217082381215,0.33712742351680325,87.3077505849904,43.939611842057566,5.26027282289293,50.30767631265725,8,0.008367847648569984
1300001679000,37.77742829439229,-122.41223145872164,37.77741242602922,-122.41218184951315,1.3925730139367338,89.6526909866642,34.752351882091006,3.5885958704422984,52.68162318273376,14,-0.004134968473091028
1300001680000,37.77742838455988,-122.41223112691647,37.77742869199603,-122.41223191360153,-0.06216057948650128,84.10105759031408,36.686802844320155,3.854194363127355,53.48738977814592,7,-0.0038311601340758577
1300001681000,37.77742838455988,-122.41223112691647,37.77747360196235,-122.41225429592447,-0.5036523744265402,72.32248423908489,34.28530219635426,3.1405903769067467,50.16065990543659,11,-0.0011942131551787288
1300001682000,37.77742867541952,-122.41222893039007,37.777443918916774,-122.41228077905396,-0.12017814003669508,71.49620653249607,33.99750439000727,2.4462460866819487,48.75342741457071,13,0.0021321934677071587
1300001683000,37.77742885667879,-122.41222773951431,37.777447209785464,-122.41229100951958,0.074406368846027,84.60140691776326,43.32567611126001,4.886145939471785,42.3680885261484,7,0.008922790011870142
1300001684000,37.77742885667879,-122.41222773951431,37.77744981723546,-122.41221178165702,-0.12940846900676245,86.68973224208771,40.78239413828934,3.6118215154946545,44.96666623974549,12,0.011994528575047632
1300001685000,37.77742885667879,-122.41222773951431,37.77744617292115,-122.41218640216354,-0.4839234094431916,70.88508705914097,40.967536313500126,3.9734185920481946,55.910297527640495,7,0.018140201643398756
1300001686000,37.77742946214028,-122.4122229909937,37.77743291632335,-122.41221620798991,0.4413731759416489,55.27187774049514,44.53490866223216,2.3566441691951687,57.828359490008594,7,-0.005317217289906162
1300001687000,37.77742946214028,-122.4122229909937,37.77748537261466,-122.41226999594906,-0.4917642620218866,70.69873092423052,36.43985330562785,5.67281702838209,59.90439269809161,11,0.007226940681805386
1300001688000,37.77742957085604,-122.41222107518479,37.777468799199866,-122.41210566381865,0.2281171523509848,79.59193447056629,40.49231380507924,2.536328783586571,59.66330183755331,6,0.0043979253124893465
1300001689000,37.77742930749179,-122.41221664956906,37.77739855455949,-122.41216844754841,0.23047684072015448,106.89629168008872,39.89055511769611,5.654287272742952,52.598885816888185,12,-0.004289795400974347
1300001690000,37.77742930749179,-122.41221664956906,37.77747632705784,-122.41232898968791,-0.19874230723292458,90.67589650345131,35.005492260840946,2.169523325116076,49.35571675277159,8,0.012970182765330634
1300001691000,37.77742930749179,-122.41221664956906,37.77753079393987,-122.41225363290228,0.8026192733981689,91.93764355215313,44.30468462784124,5.312461442827431,52.28540295979224,6,0.005386045601838096
1300001692000,37.77742931347519,-122.41221660697471,37.77734760294297,-122.4121404815289,-0.6730253663400312,93.4695433942699,37.86461263864619,2.1328056401123736,59.48167343169352,8,-0.003921145774573315
1300001693000,37.77742944113926,-122.41221578238587,37.77746105551667,-122.41218570892762,0.4427187053316124,65.52642758805175,37.85387473618364,2.3530778976756848,56.90725621864442,14,0.0037994571118914857
1300001694000,37.77742944113926,-122.41221578238587,37.77745822024365,-122.41220602874198,-0.8471256443235415,76.02058235769364,40.14911602785561,5.908999797301613,44.40979138398834,11,-0.0021686041037843294
1300001695000,37.77742962398978,-122.41221019652372,37.77743549844362,-122.41223260413138,0.1831343665335815,94.78081075402753,37.488547447070246,2.469962890493365,44.087309641974734,7,-0.012815352932299384
1300001696000,37.77742963194227,-122.41220682644376,37.77752746212104,-122.41217177435465,0.46271559461834816,91.99182009323175,46.16104151866126,2.696969619375189,52.405590009549044,8,-0.005558221790009936
1300001697000,37.777429484896274,-122.41220222768975,37.77738353124178,-122.41215852055635,0.7522342303641141,92.81303857126277,45.247335044707434,5.269935340845434,41.84569886137908,13,-0.006706677365995164
1300001698000,37.77742929669763,-122.41219739314782,37.77739450431666,-122.41221045352087,0.7567223346512961,85.40178177737306,42.23412759245333,2.023502399589834,40.01637979694741,13,0.011508843764590855
1300001699000,37.77742929669763,-122.41219739314782,37.777480056888706,-122.41226853425798,-0.7395147158313651,102.81316222897908,43.04898302998108,4.151263107556615,46.131610992007396,14,0.008142685495208586
1300001700000,37.77742929013868,-122.41219729573179,37.77740556304316,-122.41218670991222,-0.3486295843397265,101.88077139239932,41.64774928551349,5.359635994251107,49.7133747772116,8,0.0006298978537086072
1300001701000,37.77742932358565,-122.41219619243552,37.77742945126337,-122.4122056688579,-0.5817678094294865,94.79672370534512,41.92011426486003,4.807782507361905,51.30598325752085,8,0.010782709302997111
1300001702000,37.77742932358565,-122.41219619243552,37.77737277137763,-122.4121437852609,0.9496508592134197,93.92993704651657,44.64045876286589,3.594400743605764,58.76696490154224,9,-0.003097993612727959
1300001703000,37.77742932358565,-122.41219619243552,37.77751769605075,-122.41216758074584,-0.39571225740001414,89.57885087392577,35.77104358086896,2.3218517282052877,45.33850999085606,7,0.011608967959025041
1300001704000,37.77742934785812,-122.41219317851966,37.77756455234398,-122.41210834537357,0.3196887927239448,84.75908390192302,38.292782105353915,3.572730926285644,59.98988562669568,6,-0.0004503247618023592
1300001705000,37.77742926689952,-122.41219015504264,37.77750409404974,-122.41215455991617,0.3068809140395303,79.02023231324915,43.969996594194164,5.897031628441433,56.54880383798082,8,0.009269484685921276
1300001706000,37.77742926689952,-122.41219015504264,37.777470048731615,-122.41224306245901,-0.25612193120310495,98.55450789281065,30.878289781074734,3.633957521297692,59.24595995801553,12,0.0010999514694141443
1300001707000,37.77742926689952,-122.41219015504264,37.77748548244645,-122.41212806379323,-0.7541705343071781,108.43865282885008,35.75653330649897,5.247706717422801,57.756156886287684,7,0.010994768282617003
1300001708000,37.777429147613105,-122.41218834287339,37.77743884123318,-122.41216168794334,0.11331944970785271,91.38751268414367,35.080319799834506,3.6657937773543905,59.45465958964771,10,0.0008732157717696557
1300001709000,37.777429147613105,-122.41218834287339,37.777472251972135,-122.41220690068967,1.0122321099409683,90.29588322694936,37.657625267867424,4.678584599744184,42.82268181619865,6,-0.00602425299078771
1300001710000,37.777429169764034,-122.4121875204262,37.777424916036225,-122.4121625692959,0.6627543709876713,96.34313678675386,36.274160743569794,5.614185432716228,58.102076496540306,10,0.0008043151070992194
1300001711000,37.777429169764034,-122.4121875204262,37.777486033088245,-122.41215414953109,0.18960447538177286,80.453372404717,35.947091482790974,5.61451053739223,48.36672414093319,11,0.011702137569831482
1300001712000,37.777429169764034,-122.4121875204262,37.77742660897402,-122.41206843939067,0.6647708227628684,81.01533863024343,31.003595158680334,5.6847314043525365,41.99886969334523,11,0.012390603738599798
1300001713000,37.77742922743715,-122.41218685323842,37.77740039422922,-122.41225413772797,0.5376668800727914,60.5491809130291,33.38778163086402,3.414756385860772,55.90638405701742,8,0.00042295711423650373
1300001714000,37.777429429991855,-122.41218430610418,37.777500762790936,-122.41225207019303,0.43328842982953963,92.18676968536933,33.92674328211978,3.24455817076392,54.68215585447726,12,-0.002660755125030762
1300001715000,37.777429429991855,-122.41218430610418,37.7774813874311,-122.41219382402876,0.18822040377601604,92.60304826888647,41.36087159324922,2.236687523518054,50.99712460040246,7,0.00025215979962376066
1300001716000,37.77742938921578,-122.41218353118401,37.7774213504897,-122.41212938137048,1.6419638391108924,99.92802848375305,42.40929825099707,4.261118598414587,56.85174526328166,9,0.003653047867781135
1300001717000,37.77742938921578,-122.41218353118401,37.77740468166149,-122.4121456222617,-0.1696098885253523,66.7152492921633,39.89581567281476,3.193417345595917,57.863858827296724,8,0.006382434491190662
1300001718000,37.77742949000312,-122.41218097132857,37.7773700017917,-122.41223087911193,-0.5676991665126324,75.98708048267414,42.758872096028355,4.087237828463353,56.01325106651895,7,-0.00196267141933404
1300001719000,37.77742943425744,-122.41217833151117,37.77739549065041,-122.41214814597622,1.1801465971092386,105.6240881194451,44.90606783712022,2.1843595116354018,51.595403763726004,8,0.005976749125900287
1300001720000,37.7774293151029,-122.41217737435149,37.777387144543695,-122.41218914581717,0.001845939561552365,99.02158127828328,37.761576884515726,3.007515383684792,44.6049345868061,10,0.0020931697367372183
1300001721000,37.7774293151029,-122.41217737435149,37.77744619495153,-122.41225106715783,0.44937616922146256,96.46720720116498,42.743852813700514,5.574715613654809,45.4908412200513,12,0.013053292338024857
1300001722000,37.777429122794594,-122.41217599150038,37.77740251446721,-122.41213978508623,-0.09511277215508226,120.41169061269,43.52305731674286,4.895599658034305,49.83421972194185,10,-0.0018189274311587547
1300001723000,37.777429122794594,-122.41217599150038,37.77739293303634,-122.41210077894877,-0.2991724030266818,90.37767732019722,36.71428668814566,3.992025991644971,57.54685506637003,14,-0.008006437285784781
1300001724000,37.777429122794594,-122.41217599150038,37.777374375147105,-122.4122042054092,-0.5034586649803849,101.4048382447594,39.4555740527341,4.241630968322229,51.41488334099653,7,0.00752699856876761
1300001725000,37.777429122794594,-122.41217599150038,37.77736203968741,-122.41217593666062,-0.29045920072039866,108.50483549001896,30.861839892798518,3.124698110912803,56.68233220384584,8,-0.012449376723357197
1300001726000,37.77742819911185,-122.41217326725243,37.77750280244199,-122.41219760502126,-0.036068409428662185,109.19171906935779,44.996101715063794,4.0835271612667,41.578479034410734,11,0.016166766313500433
1300001727000,37.77742819911185,-122.41217326725243,37.77740871825531,-122.41223985387505,0.15666940931091955,101.78111132531757,37.51074494005564,2.886782910323845,54.00371068565882,7,0.014126682836776056
1300001728000,37.77742819911185,-122.41217326725243,37.77745391020809,-122.41221352675348,0.04236376677787259,97.37725626078732,37.99656560018162,5.300025801523757,56.94129526712937,8,-0.00988089801425487
1300001729000,37.77742819911185,-122.41217326725243,37.777437177612676,-122.41220651397101,-0.09240072272494525,105.47603717706006,44.954146573801424,4.398584581194436,58.131794278159205,13,0.0014605694369351672
1300001730000,37.77742819911185,-122.41217326725243,37.777421813022634,-122.41225548628127,-0.8692229958571674,112.86361939077477,43.5711547678521,5.586650658276378,58.311325493705795,12,-0.0038672628546538657
1300001731000,37.77742819911185,-122.41217326725243,37.77746746186849,-122.41216229269754,0.44150635845759445,120.40993592606186,33.61275912414,3.868316039375507,54.188055860971254,14,0.008620718183761804
1300001732000,37.77742819911185,-122.41217326725243,37.7775518234586,-122.4121755865956,0.21427625146122606,113.56208456256154,30.20637635258588,3.9131046199569877,43.863625595371424,12,-0.009725794126931512
1300001733000,37.77742819911185,-122.41217326725243,37.77741504349587,-122.41218469504167,0.30227071041666853,113.95758102911033,34.88429214713977,2.5577713855087203,53.69290020122113,14,-0.0027645938795431884
1300001734000,37.777427891578164,-122.41217200378482,37.77737544779809,-122.41219141213566,-0.1642016005779165,100.21007128271054,38.67715882044644,3.0349081494986865,57.38684354807233,10,0.011102123225557875
1300001735000,37.777427891578164,-122.41217200378482,37.77734241919135,-122.41209835613301,0.4309456582446417,110.89111598470417,30.129608097403683,5.833400319224352,55.087786935443,7,-0.008179458600866633
1300001736000,37.77742738635866,-122.41216935495726,37.77742108458937,-122.41225773820777,0.46033553910870995,97.029019892669,41.830488691642614,3.0305758385420374,49.73896626354804,12,-0.004496610606578902
1300001737000,37.77742733972669,-122.41216868842527,37.77741653050515,-122.41209707482543,-0.15873117468990755,88.20494656894184,44.084648807185445,5.102949588868203,50.01694357851974,7,0.0017125687447878042
1300001738000,37.77742733972669,-122.41216868842527,37.77739024642789,-122.41218915060584,-0.035623649190541645,97.69823010234191,41.17973257098025,5.812200110702497,47.72469257286537,12,-0.005782694046656472
1300001739000,37.77742733972669,-122.41216868842527,37.7774071790567,-122.41220067320842,-0.29034731385011386,106.61200026267659,41.87601776389857,5.607225494666706,52.55479603832668,10,0.007184853700396168
1300001740000,37.77742733972669,-122.41216868842527,37.777427923968,-122.41214232651147,-0.7372541821430807,107.46794622526048,38.50912031658445,4.424662921371451,44.778720916752775,13,-0.007871074768057656
1300001741000,37.77742733972669,-122.41216868842527,37.77746963394785,-122.41211198136207,0.382538768467123,98.31690507362788,29.628309847835112,2.4418525459554066,43.98331458041462,6,0.0018746356981262468
1300001742000,37.77742733972669,-122.41216868842527,37.777383171546894,-122.41212965275949,-0.06308927875747247,110.12837716334673,42.43727740351017,4.1230180662648515,59.34550415900752,13,-0.009851943665726417
1300001743000,37.77742690414594,-122.41216755967415,37.77746874940656,-122.41216062800082,-0.0186396924810118,141.56219500827697,41.68499504647766,2.181834724524837,57.110936656316106,9,0.009395116350402943
1300001744000,37.77742690414594,-122.41216755967415,37.777434667767494,-122.4122173389469,0.05582952212206253,114.82568189321864,30.790127130581016,2.1222810392421176,54.62921347364107,10,-0.013483319229067366
1300001745000,37.77742668972819,-122.41216680940755,37.777327363558726,-122.41211009178272,-0.13017387669168537,128.22296692669815,41.78939663952594,5.113082679716162,55.875815412461634,14,0.013027681551698958
1300001746000,37.77742668972819,-122.41216680940755,37.77750094139426,-122.4121435190494,0.13620013641958573,110.67748014477681,37.15616313635344,3.4079641583831144,40.18694725457741,14,0.005989563633683628
1300001747000,37.77742480737307,-122.41216323804183,37.777532292318554,-122.41212769447675,-0.05787573908422544,121.38474068910534,38.63886491259454,3.0447806166880467,58.56358954409427,7,0.003927023420418568
1300001748000,37.77742480737307,-122.41216323804183,37.777462634317786,-122.41215307005896,-0.16325439350542084,125.48307234499929,40.073382100543185,2.040650060530748,51.41884976001432,9,-0.010175456127543005
1300001749000,37.77742480737307,-122.41216323804183,37.77750171613438,-122.41215602469232,-0.2548408702609362,102.16558627590689,37.57822490305986,2.6600921208735597,54.33540786884561,14,0.00785314855710996
1300001750000,37.77742269354405,-122.41215951163554,37.777463719175834,-122.41225088877853,0.358502280419952,156.29635059989198,34.47803615050156,5.003936621157559,57.94804068072714,13,-0.004428822738699166
1300001751000,37.77742180252313,-122.41215809627977,37.77743300678508,-122.41219395783021,0.579352927609099,122.38067176556387,32.08776187740387,4.453788877283121,44.39413919143681,6,0.01206815174618859
1300001752000,37.777421584929186,-122.412157758273,37.77747215403019,-122.41213608559035,0.52431144290902,121.58939480869668,40.57228692407313,4.163372476748366,56.42287831622383,6,0.012453286543575016
1300001753000,37.777421584929186,-122.412157758273,37.777349535189856,-122.41211946615596,-0.7869513740782109,118.70441730273457,36.09751765503373,2.8199546350877513,52.7096754005493,7,0.0022584585988594734
1300001754000,37.777420224389054,-122.41215421502294,37.77750182283925,-122.41210069565841,0.5142516909276784,124.59367194369752,29.442697070840648,5.788950902399873,50.18284319469519,14,0.011729338326025136
1300001755000,37.77741907573407,-122.412152188134,37.77740226769935,-122.41217360641897,0.9141130379701246,127.15711553612155,39.079138756869774,2.7026468277972806,48.95086225155676,7,-0.0037452195202089603
1300001756000,37.77741878288883,-122.41215164039939,37.77741086450548,-122.41215356234356,1.0495458381870182,132.75389352855444,37.9939900603556,2.8087597037441556,48.22276267781788,8,-0.0010133933981559522
1300001757000,37.77741841862309,-122.41215059978225,37.77742090898702,-122.41211005332458,0.3908465084521921,102.349864525791,30.588465506987447,3.06929260744646,57.131776813536874,14,0.007370291247176059
1300001758000,37.777418175712384,-122.41214983983178,37.7773517382722,-122.41218437886984,0.3584515259576093,102.39929316467631,39.25026506564886,5.507514821125097,44.72822378361889,6,0.0022930270398678365
1300001759000,37.777418175712384,-122.41214983983178,37.77734512353476,-122.41225610817409,-0.18265992652006466,113.6037121326767,29.83346105728948,3.6138238941936516,56.58562706265212,7,-0.00549642205121569
1300001760000,37.777418175712384,-122.41214983983178,37.777412148397794,-122.41209515717382,0.4766492445360961,107.37597891521318,33.92290355745602,5.127938050296292,59.38639926352406,7,0.004026574885030771
1300001761000,37.777417838896504,-122.41214666986036,37.77745767818468,-122.41207835360963,0.2991459280038372,95.73170263315532,31.452039953554817,2.727459436755778,47.55610665095861,6,0.017350859431888625
1300001762000,37.77741773582137,-122.41214524909586,37.77742050074739,-122.41207049929208,0.11427840816481527,108.99751228954031,41.09639204099905,2.3111923441720466,59.28480641352213,14,0.008466253933833406
1300001763000,37.77741802685927,-122.41214296538132,37.777490833769164,-122.4121322355467,0.08798310758964016,59.86824022377186,29.92228299229616,5.046818019028837,50.84115215146415,9,0.01624334785594919
1300001764000,37.77741810992042,-122.41214072719231,37.77734543146433,-122.41215634411219,0.20831737387997934,91.62159852662167,36.95412582478426,3.128378567929865,56.401947780322516,9,0.0021678969696719754
1300001765000,37.77741810992042,-122.41214072719231,37.7773244722789,-122.41218290159998,0.3363481480303039,88.48339071638108,38.83156862662462,5.764678779830005,56.199430460409296,6,0.0004402459711212046
1300001766000,37.77741810992042,-122.41214072719231,37.777398503976286,-122.41213866278191,-0.1714901875335961,100.13345728449833,35.90017452712602,3.229093644382942,40.47826186043077,9,-0.0011438671404182623
1300001767000,37.777418098473284,-122.41213897647323,37.77750307497918,-122.41218891655254,-0.04801829577789429,94.91684490277004,30.540838244117722,3.0486337804831534,44.87386282597691,6,-0.021155113468952446
1300001768000,37.777418098473284,-122.41213897647323,37.777356622941234,-122.41211729221061,-0.6582269399523308,108.42620571439058,36.766240022063045,5.759070438094367,42.05422401431204,13,-0.013466324543172058
1300001769000,37.77741838974845,-122.4121340619651,37.777502205417164,-122.41214931852417,-0.06965783073564413,89.61102921527066,30.66802413626754,4.854695945469194,46.5124635749568,14,0.003417681638663651
1300001770000,37.777418447631725,-122.41213164578406,37.77741931953804,-122.41209546737612,0.5707662466426056,97.99048282229438,42.01080926566108,3.3602426441341113,58.9073561298643,10,0.010367302613995185
1300001771000,37.777418447631725,-122.41213164578406,37.777451815730466,-122.41205682861008,0.20026619417074112,89.53837665807906,36.25912837319523,3.310603936191956,44.697989713520045,13,-0.00044852054740767046
1300001772000,37.7774181908659,-122.41212988901896,37.777462041900385,-122.41219583294232,0.4551124466501606,96.22072024143353,31.02652481996372,2.485983521902506,58.61409385720436,7,0.0015369315407331948
1300001773000,37.777417706230594,-122.41212590525707,37.77738097256746,-122.41218382626563,0.7570404397527377,98.33967469815097,33.99941314314805,3.885312316939261,59.23947243334844,11,-0.0011781235232433498
1300001774000,37.77741739851317,-122.41212314991873,37.777479224165866,-122.4121704640071,0.43483818850991535,99.2078116766489,41.27992186950635,3.680070562359829,58.01082358271392,14,0.0009420374975556051
1300001775000,37.77741701397674,-122.41212058741102,37.77747955358039,-122.41213097649681,0.5286310162494272,105.40578641829818,32.52811732153206,5.5080994097049825,41.61441904020318,8,-0.0028403645940595613
1300001776000,37.77741697493898,-122.412120425884,37.77731956593348,-122.41210951884922,-0.7218261028821567,96.71560222930847,30.393939953062457,5.1191873474028675,53.27800842702022,6,-0.008906734289511484
1300001777000,37.777416417540294,-122.41211912695076,37.77732434386357,-122.41204685272794,0.062401144432226066,116.8505115063463,31.35981192874292,2.2187223360843964,56.98262359930896,11,0.01041546758795038
1300001778000,37.777415713079805,-122.41211692844655,37.77734597787742,-122.41207673072286,0.9639273866440151,115.94536825208775,41.89564589262373,4.874799148723303,50.258249899694555,7,-0.0034745603988896186
1300001779000,37.777415713079805,-122.41211692844655,37.77738774320382,-122.41210468642308,0.5646535386668646,111.90352447114495,37.89487677500549,2.527625219350309,50.40429431513981,13,0.017721912808979785
1300001780000,37.777415713079805,-122.41211692844655,37.77747416045112,-122.4121387731651,0.2390344111924823,107.16610435881623,38.33498453269278,2.901493098902395,42.76198788396199,14,-0.006977778222901584
1300001781000,37.7774154499422,-122.41211644504702,37.777444738466386,-122.41205582854022,0.16940534455913467,110.51405683686797,36.57933398971254,2.1758680739680836,53.184540390418135,11,-0.006533368606880427
1300001782000,37.777414789055044,-122.412114765612,37.777393741630135,-122.4121152601451,0.2730398290237487,110.42388891695511,36.303647518241085,2.551049681763742,49.4658868219029,11,0.0027065744892995312
1300001783000,37.777414789055044,-122.412114765612,37.777385577971685,-122.41211231858055,0.1290962874590586,111.78587413617839,34.760483253232124,2.2973002618016336,50.13326511261705,6,0.00457904859891161
1300001784000,37.777414220324424,-122.41211257854334,37.777365487916576,-122.41211887116567,-0.4759507583334132,103.64002660028265,36.70655202417521,4.084977898485198,47.3005728508467,11,0.005070598502017101
1300001785000,37.777414220324424,-122.41211257854334,37.77741377963461,-122.41218032298077,0.921335565717451,133.26169520371772,40.345619167739855,3.856724559315592,51.01594900706267,10,0.00256311186792862
1300001786000,37.77741417756865,-122.41211213908274,37.77731995500194,-122.41212918481934,0.8623507149464603,94.44917356534214,32.146925594299915,3.5209312007638225,58.80075727504912,14,0.010382679425261845
1300001787000,37.777413510851105,-122.41210793347804,37.777340467766344,-122.41212723555437,0.6210130288790169,85.41685424885493,34.96048722979229,4.310980140357043,47.38604534189486,6,-0.021179025790901376
1300001788000,37.777413510851105,-122.41210793347804,37.77748614538101,-122.41204888885852,0.04729965701280271,102.80684491493196,41.55333320156869,4.81787338473604,47.48161811109097,7,0.001377092427446969
1300001789000,37.777413081952076,-122.4121055391734,37.77747192621474,-122.41218415099718,-0.551119426197695,87.90111962241821,38.33427402191223,4.453663638870541,44.309067942946754,12,0.00020978028182760733
1300001790000,37.777413081952076,-122.4121055391734,37.77741797295674,-122.41208058640883,0.9500548923794072,112.91588207469977,34.43281771155224,2.473573487941071,53.975953428387356,7,0.009947603669311392
1300001791000,37.77741303077292,-122.41210525222859,37.77737111346895,-122.41215844015757,-0.0022807789934098793,87.64642399595009,35.29566104305578,2.4090590315424594,46.985203512999135,13,-0.00038256889619345795
1300001792000,37.77741239141824,-122.41209992552227,37.77739061506416,-122.41208947255454,0.29704564111323994,100.07845559584499,35.639953385661556,4.145217395659785,56.17935030774449,6,0.0023606515667740705
1300001793000,37.77741234275217,-122.41209818986043,37.77740319235313,-122.41208268395961,-0.4715520543101056,89.56329542404616,35.41055569295869,2.8256403387829017,44.884375087855844,7,-0.016812631387726734
1300001794000,37.77741149898937,-122.41209298828579,37.777386418807126,-122.41211540833018,1.36351656995289,108.71082263237754,38.90860401637858,2.493506752953399,51.37938448255028,7,0.004709948488118693
1300001795000,37.77741149898937,-122.41209298828579,37.77736361571277,-122.41215826070284,-0.39247891854583394,91.89242040342846,31.10557478060567,2.115691623808983,54.98065350276961,6,0.018487872015492346
1300001796000,37.77741102796086,-122.41208987054293,37.777449433329856,-122.41209562639477,0.5676573178907147,111.86369153893483,36.522665956969185,4.923019060796978,48.75050100784873,7,0.011363065395342445
1300001797000,37.77741023244111,-122.41208602483819,37.77740512700667,-122.41209879144675,0.22885709504586388,114.47065151903406,37.742003751945596,4.364589591953275,46.87361233308835,6,0.006794203691141733
1300001798000,37.77741023244111,-122.41208602483819,37.777354774688604,-122.41208590689956,-0.3947177878539021,115.37928410620208,38.5663880294324,2.4393238910103894,41.845474192994565,6,0.016432129506586745
1300001799000,37.77741020680051,-122.41208596109455,37.77741006385355,-122.4120687563483,-0.35982219967929485,110.92074472171757,36.29462975305941,5.581476081824535,48.82645712214051,6,0.003331112800033328
