MillisSinceGpsEpoch,lat_true,lon_true,lat_gnss,lon_gnss,speed_gnss,bearing_gnss,mean_cn0,std_cn0,agc,n_sat,delta_tau
1300000000000,37.774912121555474,-122.41939890345655,37.77493846064073,-122.41937011994094,1.3084482625372031,18.260680776107424,36.24025148276314,3.5293074093272128,53.68067981844564,9,-0.0020898607894433907
1300000001000,37.774921902640436,-122.41939832090426,37.77492695568265,-122.41937076920469,1.8464163318706186,7.13260394934346,33.75483264183307,4.66107563102439,40.61148558306093,12,0.01784627516349101
1300000002000,37.77493266278198,-122.41939595649912,37.7749132306333,-122.41936594182981,1.5026003503017313,9.08342839323118,37.47536315721143,5.541343596793704,45.983508614477884,14,-0.013693659894180145
1300000003000,37.774945350051766,-122.41939099879298,37.77491301045099,-122.41933552087981,1.2076721519228202,6.248882715510732,43.410898344158255,4.959397658900951,41.60728691387863,11,0.004870200281895211
1300000004000,37.77495761389418,-122.41938683540475,37.77494865977392,-122.41940488466753,1.4640896773468293,10.64614787212413,43.29895178020902,5.700657813821492,45.9883527118526,12,0.008194447520460254
1300000005000,37.77496512712509,-122.41938484418229,37.77488755506818,-122.41932883775078,1.3517995835183387,28.57161632039137,40.256320946393885,5.909259564370869,51.54359977204107,9,0.008677954152616511
1300000006000,37.77497633483014,-122.41938397428989,37.775056857779056,-122.41936724707756,1.2593382056429965,334.26911684589965,35.529404945702446,4.0314244223596045,50.13361038622838,7,-0.004273671803029174
1300000007000,37.774985662579056,-122.4193833810632,37.77501387311108,-122.4193754862488,1.167507158488118,19.703104139390593,41.89608599348929,4.386248559973017,58.618815871477665,10,-0.006357971323937604
1300000008000,37.77499517654138,-122.41938315822716,37.774990054689674,-122.41929308600372,0.7036823069229414,359.58948194763167,41.922798645954046,3.8319231798531583,58.221843391134385,10,-0.004351811177207578
1300000009000,37.77500566542131,-122.41938200755544,37.77497467518257,-122.4193979447981,1.7239192125156038,1.277276584685176,43.72052140001085,3.742012347634428,43.768017030055724,14,0.007322873092940945
1300000010000,37.77501579380953,-122.41938258773577,37.77501227682852,-122.41942090101747,1.5035801428535103,358.7813096201534,43.99229988278617,2.3593173403063523,48.36421832089413,6,-0.008063785486967739
1300000011000,37.77502834557531,-122.41938369242129,37.77506823532242,-122.41931043487695,1.055544142957695,353.819532386341,35.03433867070795,3.469355867005197,57.9159513743679,10,0.028726693802680368
1300000012000,37.77503977012479,-122.41938347436579,37.775090342519356,-122.41938571732749,0.9638625817422679,335.85008666308454,38.61930579048984,3.7893585136128554,58.33267843240009,14,-0.007446037173021447
1300000013000,37.77505012414068,-122.41938411215594,37.775004939594176,-122.41932884722497,0.7162287639862317,351.1743280922665,39.176833799725294,4.386242605733793,50.656486671669775,8,0.0014729389989566533
1300000014000,37.775061085179225,-122.41938571647755,37.77501240874122,-122.41936579260094,1.920015190850331,0.6642947002947039,33.56184338480621,2.504856477236931,59.18779490009621,12,-0.006663594775491414
1300000015000,37.77507169334031,-122.4193890213947,37.77517560483845,-122.41947664234092,0.4840432688057008,358.2286759651784,44.793016206452535,5.925471919960394,49.21292193101087,8,0.012247235123409876
1300000016000,37.77508479091473,-122.41938923284518,37.77514162055762,-122.41937518169708,0.8128468684766582,348.8903721164163,41.08733906767322,3.446233849837685,59.18495113449435,13,0.0045773620612607575
1300000017000,37.77509489446014,-122.4193902317671,37.77513032045718,-122.4193590013065,0.5596567819301266,353.07294941893343,42.11042633539896,3.021823479348264,57.770203647137336,10,-0.0004422178852477911
1300000018000,37.77510584450745,-122.41939291711734,37.77509891219526,-122.41939654443097,0.3334748235953158,335.13326771969525,37.67266318051394,3.639306140065443,45.6063262438608,14,-0.0067437884472867585
1300000019000,37.775114678534344,-122.41939590959863,37.77516087955126,-122.41936474204627,-0.011613901464996301,344.2242379399455,43.73384600538595,3.9188034006573687,41.320227164706964,9,0.02496150249047268
1300000020000,37.7751205276995,-122.41939843756198,37.77505686604071,-122.41933882879263,-0.10060338994153928,350.9342003349113,43.76738691173543,3.371626504980543,43.77912808317117,6,0.00015490695753942677
1300000021000,37.77513181728495,-122.41940369489694,37.775208405706024,-122.41933011828587,1.2487284374106353,337.72079976474197,31.8447739560948,5.076067179324324,47.97994615544574,11,0.0018985525294459586
1300000022000,37.77514382492016,-122.4194080742155,37.77514203630892,-122.41936847566328,2.7076180907760836,338.9717173353093,43.504929739443284,5.81277694728164,47.71761928114819,10,0.0010603467751059163
1300000023000,37.775153070089736,-122.41941177840808,37.77519261316485,-122.41945401626313,0.6426177761348364,325.7021383037784,43.64093397396364,2.8916497536713752,53.46940839819303,7,0.005239813062744148
1300000024000,37.77516714130091,-122.41941903851486,37.77519945218965,-122.41941283129293,1.9229781597941564,339.96326865759477,43.304409962061364,2.1815424653324897,48.027439229914215,9,0.005275308929321951
1300000025000,37.77517462414699,-122.4194243822896,37.775168045601426,-122.41946007747514,1.2423907150469442,323.8334582417365,36.79348266871466,4.2640181988691275,46.313099949736696,6,-0.014571312111025487
1300000026000,37.77518454040389,-122.41943143233209,37.775175772086136,-122.41945445347164,0.9778048014888371,328.4973029759538,39.73121582250851,4.559070860305383,42.9248724561534,6,-0.0005901153018813223
1300000027000,37.77519418740776,-122.41943823145564,37.77525526656483,-122.41946201553841,1.0402307274353213,321.87537384071146,39.348212955566446,5.422980282126648,58.08918768807551,10,-0.0070584461940681196
1300000028000,37.775207420531665,-122.41944481502733,37.77525874540189,-122.41944748497525,1.4891898807956516,326.0554336253702,42.31919639510189,5.618496019971795,47.29639050807036,6,3.500700127575149e-05
1300000029000,37.77522066931403,-122.41945125074261,37.77513205775803,-122.41944015676395,1.6781839414784774,337.22359796197384,45.83295980523865,2.0446659250180184,43.56127966292406,6,0.012092447169923772
1300000030000,37.775231756423,-122.4194567759314,37.77514713613614,-122.41935258126567,1.5075862962460418,331.9096430103481,32.0420386055028,2.719298427235853,50.83827807238637,14,0.0014586734039582524
1300000031000,37.775242831725244,-122.41946383936967,37.775195520694226,-122.4194514636189,0.48676408242272895,345.2250875155134,43.00560787609642,3.304657011680553,44.5362692966047,12,-0.012792915897198274
1300000032000,37.77525182632622,-122.41946996213471,37.77520714905631,-122.41938082483246,1.6986516082415415,315.77998677523135,37.46185924996365,3.2458174498683277,59.16007090240323,12,-0.007990822853660274
1300000033000,37.77525901012718,-122.4194753103588,37.77520308383355,-122.4194759848107,2.043625723807921,321.59986337762007,36.853933587579654,3.9727350920905256,42.095986280301645,9,-0.004564747674966204
1300000034000,37.77526860436675,-122.41948299140716,37.77528220989891,-122.41944459283216,1.1343029468270271,321.4527091297031,40.157347318682845,2.56003232447499,50.028086303154666,6,0.009379635411209869
1300000035000,37.775278447154975,-122.41949241675061,37.77525526193262,-122.41951019133579,1.584019739311355,306.2802880643214,34.378587061991375,5.387512687598001,51.44641237230573,6,0.0019654387962178685
1300000036000,37.77529028987421,-122.41950268735698,37.7753505961053,-122.41950087675552,1.7806923835801862,329.9199942617625,44.35928642786554,4.0831119846163375,45.329895636989875,11,-0.012565311608135515
1300000037000,37.775302058379765,-122.4195131680023,37.77537470226804,-122.41954900017299,1.3529472445436634,299.11895891235264,32.139560244637245,5.927769347456711,54.402901356384824,10,0.00877206101813786
1300000038000,37.77531144134691,-122.41952183846013,37.775310007185034,-122.41948720133522,1.7201403229403414,317.6069839297237,32.92816625506935,4.489063068083206,58.61775159326329,12,-0.0036854105646365156
1300000039000,37.77531986596352,-122.41953239119094,37.77540403886095,-122.4195713478904,1.6546603732212153,318.6475690089594,43.61406985073311,3.6306766132202735,45.178537338951124,7,0.003790485624719151
1300000040000,37.77532771086195,-122.4195414052441,37.77532892157746,-122.41955627630718,1.9084535001147849,328.4894067664552,41.794818509928845,3.32604303321116,51.67894355743742,12,0.0036853949173742385
1300000041000,37.77533540216095,-122.41954951575445,37.77531366262861,-122.41953849895022,1.2079652979466944,305.3359007059297,42.43387355103212,5.4616300257378505,51.88772024348991,8,0.00042780684845376507
1300000042000,37.775342293044346,-122.41955793666168,37.77534553233131,-122.41953618745322,2.569532191509378,313.04651650996584,37.1938610212484,5.512755309775775,52.22563474102734,10,0.007771513982963454
1300000043000,37.7753548982255,-122.41957087661609,37.7754021412256,-122.4195446314394,1.8425972368377546,317.8317223621847,42.2118549500654,2.974212965386431,53.93674493337792,14,0.0006625705548064256
1300000044000,37.77536317820536,-122.4195816788943,37.77528245515673,-122.41960536841741,1.216260707769942,326.9156500464104,36.14132771417174,3.961408505345283,40.16401502503116,12,0.009061088001290882
1300000045000,37.77537158755912,-122.41959269193627,37.77536115759301,-122.41966065794252,1.3620123904777177,328.52010878044194,43.2965019204221,3.728379131658133,43.556140572569,14,0.019054620556150644
1300000046000,37.77537885142698,-122.419602666791,37.775393721709996,-122.41971566557473,1.1488958298244933,303.56668859984586,33.619980019249404,5.464062510425455,49.56718226279525,6,0.007826535653721283
1300000047000,37.77538735793568,-122.41961744216906,37.77540551216894,-122.41966211622376,1.6705811967984048,297.31796675279446,45.52560087084809,2.9129799287090212,45.542056146382485,13,0.0019140831543635578
1300000048000,37.77539351802122,-122.41962777796213,37.77537509620405,-122.4196606137273,1.171265975117762,300.5631586300271,44.543123857990814,2.603860030786211,54.630220875814835,12,-0.006104379527327431
1300000049000,37.775402672745244,-122.41963914773989,37.775427112032375,-122.41967379725783,1.313330628509548,289.8823978706639,31.6762593327501,3.7966634702316364,42.6257037762529,12,-0.008335298857022206
1300000050000,37.7754110567057,-122.41964943803423,37.775425662786596,-122.41969152072026,0.7759436338463652,318.30555718225463,37.49250385237543,3.8125031926745314,49.97292755759069,11,-0.0033484630169400747
1300000051000,37.77542074690393,-122.41966233296537,37.77539115149826,-122.41963930194699,1.6503269653154005,319.28772711726515,35.82494183396355,3.1906050107151316,52.403640753103964,8,-0.0008231457640239556
1300000052000,37.775429727240734,-122.41967338607063,37.77553880717218,-122.41968713117859,1.1535255543384617,326.8154170486604,43.38184858880622,5.247382654023477,43.954073758990006,14,-0.0037769206971075037
1300000053000,37.77543797372725,-122.41968335025312,37.77545995123755,-122.41969020790744,1.1278816455952254,308.8409601101284,34.45559535343214,5.282180233163668,56.157816129360754,13,-0.0008813889596904246
1300000054000,37.775447796084684,-122.4196951611167,37.77543123691718,-122.41973447533532,0.8848507277934776,337.40885452826274,35.93414679674691,4.77233832757771,58.77252481556129,9,-0.00305769500399655
1300000055000,37.77545789186028,-122.41970823701647,37.7754293059086,-122.41962664804801,1.6725108064848533,300.88804310299145,32.77035955725103,5.8108812609240825,55.241186113573974,10,0.0017123872184429982
1300000056000,37.77546874066329,-122.41971917902404,37.7755202111092,-122.4197329803111,1.7684325336492033,308.4636559199516,35.724610184703685,2.3605349768525477,49.3250711929995,7,-0.0017099619663069993
1300000057000,37.77548032811258,-122.41972994005023,37.77548543110213,-122.41984749769111,1.2513544389066267,335.31558573463235,34.70924834987704,5.780924805216877,52.73993752184953,12,0.004762046399154042
1300000058000,37.77549026020559,-122.41974008780994,37.775617665840485,-122.41977894948793,1.5039035465899655,311.5723479590883,45.783315821716734,2.6115835150441677,56.364540121836654,7,0.005992322712406568
1300000059000,37.77550055077372,-122.41975080612437,37.77547875456757,-122.4198172250434,1.3156711507518475,320.5510752060918,43.9538100367559,4.895754184832592,44.25224205485918,10,0.0012175651938588505
1300000060000,37.77550992089678,-122.41976192593783,37.775447790549855,-122.4198319857978,1.347287115548263,318.65873363316854,45.95324698795454,3.781376746522,54.98708089936445,7,1.6184622671280025e-05
1300000061000,37.775519251641356,-122.4197742399782,37.77551786671842,-122.41975110533438,1.1635379079130814,315.67495694135795,35.86723635362891,4.102920335419606,47.359480679955965,11,6.800550922016584e-05
1300000062000,37.775527541398716,-122.41978648199651,37.775536294771655,-122.4196673976762,1.0880475292086231,314.56263349244426,35.04832182321411,3.5261800496653395,46.176214366269086,9,-0.016108492687794997
1300000063000,37.7755339369968,-122.41979807416399,37.77542801446507,-122.41985852345513,0.601016197550326,298.26930923335516,40.45115787998552,3.430797509533017,51.85022515023747,7,-0.008998056687452188
1300000064000,37.77554312745707,-122.4198125347832,37.77552766903135,-122.41983347815547,1.7429102186257555,307.46819111571307,41.46211339414544,4.408842768451137,56.68499534934581,8,-0.014923534721509216
1300000065000,37.77555143695661,-122.41982631159144,37.77553301618454,-122.41986557766238,0.7997415188142251,278.9307866682975,45.94187310003508,4.38607525907479,45.142973167471695,14,0.006910975982477924
1300000066000,37.775558886934974,-122.41983749778298,37.775540448758164,-122.4199457253541,1.270252517220654,314.2979006514596,41.26188101610043,4.855106895741067,46.40419391026448,11,0.008648418611473932
1300000067000,37.77556810046348,-122.41985309839477,37.7755365891761,-122.41979586933526,2.1232268309957347,279.0019337583718,35.650960216825766,4.8665039730551705,57.221302299572486,9,-0.0004340061905291025
1300000068000,37.775575827643124,-122.41986632703758,37.775508668015966,-122.4199138521274,1.0586558389773806,309.12256672839464,38.8977861741697,2.1189333460995483,41.414525137865844,12,-0.020546373042504947
1300000069000,37.775583865700746,-122.41988204080324,37.77562176760332,-122.41984383464249,2.2954743393044326,305.18487879805525,37.69200771099299,4.167407429964351,47.048187724803405,9,-0.008990480041513734
1300000070000,37.775593432271066,-122.41989839264247,37.77556424022887,-122.41983241815394,1.5251061356145303,320.51918495712624,33.582736260303705,4.663269067226914,59.5946381143477,11,-0.00534519232964341
1300000071000,37.77560213342226,-122.41991395994931,37.77555094834964,-122.41991997618304,1.534004451563458,320.820646104206,37.201285221593444,5.116683304557162,46.4358554461505,8,0.015468824676255082
1300000072000,37.775611019677775,-122.41993222622956,37.77557302296439,-122.41998494170687,1.844099074988868,310.0399920357744,40.450140818516815,5.554689229294148,44.86894730942978,9,-0.006736008226179536
1300000073000,37.77561608592769,-122.41994703592039,37.7755924697657,-122.4200849822966,1.5868638561803032,302.431624911685,39.23603473590399,3.3040233114669126,59.06493938462036,12,0.00748710527388651
1300000074000,37.77562269310338,-122.41996514230544,37.77562812545961,-122.41993215453455,1.905011042584899,297.9932839611841,34.38037244531145,3.5752211894889183,44.85918348296633,12,-0.0046578309667301785
1300000075000,37.77562771984822,-122.41998150513508,37.77566113679754,-122.41987433485951,2.013672710326307,285.24211827983254,35.26468024593815,2.3954115665783497,46.118106921028605,6,-0.015599785029311268
1300000076000,37.7756326317742,-122.41999755964896,37.7755849727993,-122.4200201034959,1.281154980249978,280.9177425535908,46.12948130270173,3.778191765708685,53.3391790695839,11,-0.004733203795086828
1300000077000,37.775637183763656,-122.4200145721823,37.77561321889378,-122.41999131680903,2.554586011564435,282.54347370701515,34.85245527367564,5.6632868926726045,42.55383684289992,10,-0.0007446776503100218
1300000078000,37.77564305525487,-122.42003167855094,37.77557577986847,-122.42005106575175,1.4865964409081207,310.39952727091674,39.92971336516657,3.1809113125748554,49.6489274126004,9,0.004312185612493896
1300000079000,37.775649881612615,-122.42004923516353,37.775480266612945,-122.42007957194194,0.7079582509421185,298.8807248839134,46.52212037810894,2.9522516401240964,42.8473078725613,7,-0.01222689454711656
1300000080000,37.775656229537574,-122.42006407016471,37.775664019234114,-122.4199872422203,1.5994401630850232,294.4342437066532,43.411307473415995,2.6605802425969753,52.30811717348188,6,0.005124126427762424
1300000081000,37.77566355389796,-122.42008363034,37.77573955407383,-122.42007507249517,1.978862850501827,292.34290480827184,43.23907677367811,4.322307164277696,55.10354535440135,12,-0.003162453449389224
1300000082000,37.775671166580096,-122.42010199046659,37.77569727074276,-122.42010131230566,3.4706254785309705,299.8964622858419,42.93415962443186,4.093665867469207,49.923881212294795,13,0.011344711620864274
1300000083000,37.775678766883985,-122.42011510229393,37.775653413886175,-122.42010867620255,1.179495277791581,304.0493558703259,46.32086474939492,3.7875049035218704,57.0569433756059,13,0.0018997229465716498
1300000084000,37.77568851423434,-122.42013476597593,37.775693338191466,-122.42012857672081,2.510708954664409,308.99607965797384,45.69760335224435,3.069894465010951,46.38982157162983,13,0.013747711914455958
1300000085000,37.77569892505658,-122.42015508274605,37.77564018405153,-122.42023571707492,2.3416475950589026,288.78501859089704,38.57966369215016,5.909711124717569,51.60498575608809,9,0.005097223138095979
1300000086000,37.77570641108937,-122.4201756655427,37.77570029647146,-122.42018416085583,1.386290830652058,286.55706348628263,34.76169279227422,2.643456051007108,48.974303353849336,14,-0.0051185115051486305
1300000087000,37.77571456995133,-122.42019237737907,37.77569318448868,-122.42010643782233,1.5466672211982069,281.79693597741607,35.286929703936,3.1079094367326503,46.109198928764016,7,0.005238960787725553
1300000088000,37.77572150056643,-122.42020774213539,37.77567886485483,-122.42016797833209,1.0484006329384044,304.1361498620646,45.88191851686701,3.256126724695436,46.76784486379033,13,0.015381511330018943
1300000089000,37.77573138963319,-122.42022655498975,37.775751672244674,-122.42025466429924,2.3960393841306065,310.3318728259081,46.8278415551683,3.675231322931432,45.79523013767981,12,-0.008560202574303661
1300000090000,37.77573785596754,-122.42024409173902,37.77586784932576,-122.42023439422537,0.3816591045829689,302.1941953309647,46.73387315464707,2.7210526169735556,43.73811795737386,14,-0.011182787871244344
1300000091000,37.77574807246283,-122.42026325678371,37.775831344938155,-122.42020024140359,1.5341977412678043,301.02385339400564,36.39000484529878,2.614689683052867,59.02988465451557,10,-0.010826421914675713
1300000092000,37.77575687023368,-122.42028092325175,37.77575326658261,-122.42026429209439,1.4951082962825233,313.3210340222709,32.70676173025106,2.9691403514977934,46.82265512830325,14,0.008463543564589308
1300000093000,37.77576714430539,-122.42029952763804,37.775811350038126,-122.42017472790991,1.3076376930915905,296.7635558803706,40.76728517614825,4.098543098248094,59.43021551394477,10,-0.0018989249970549557
1300000094000,37.775776991933945,-122.42031686913708,37.77582012730565,-122.42030012551213,1.8205002320087782,299.939780805361,45.11574465083308,5.058612598011383,52.332035878139926,9,0.007237256340105341
1300000095000,37.77578691692356,-122.42033519564411,37.77575454002228,-122.42032299138755,1.7042665396480865,316.394865689416,42.74608579589609,3.1104907404573687,44.17314534846204,6,-0.00836850214233238
1300000096000,37.77579804290999,-122.42035037172823,37.77583023811366,-122.42040444545533,2.4737552273191747,286.56476047925935,40.01108506785859,5.153729221739009,41.400522356419856,11,-0.011038468464924366
1300000097000,37.77580917535266,-122.42037078327509,37.77573712574774,-122.42045434380447,1.5970295038157019,320.47342829106816,35.82594171922213,2.2688881064428497,54.00821898784231,8,0.013227632801129372
1300000098000,37.77581899813331,-122.42038782552773,37.77577873321372,-122.4203363529525,2.0695482788644424,320.2606350993125,32.015496695114614,2.9369085272139945,54.49517934775406,6,-0.0034161854703975898
1300000099000,37.775830213600855,-122.42040434948461,37.775842151244376,-122.42042412709962,1.6729855469147383,318.3245086972268,41.67393347089975,3.6877329696422416,47.917799632800524,7,0.002909544650447511
1300000100000,37.77584315514095,-122.42042351731325,37.77582241575783,-122.42046175641183,1.7481170549983294,312.16192054615584,42.48776200677078,3.3741007371301333,51.962745097609044,9,-0.022058906857955845
1300000101000,37.775852246213695,-122.42043726679195,37.77594007014584,-122.42040906671647,1.6741156965925708,318.06341216509884,34.98853039029772,3.108279637778455,57.1887166505903,9,0.006952218140635708
1300000102000,37.77586131896026,-122.42045134100096,37.77589372098199,-122.42048203746634,1.5327777598436403,292.9219196056911,43.36288439371504,3.4849146607190957,57.754398508997966,6,-0.0025992155765820067
1300000103000,37.77587137096991,-122.42047087822519,37.775852269063854,-122.42043559639455,2.8693837236253015,306.0642535204233,37.75983554068457,5.300415660341152,44.497230597978366,9,0.01306139003117537
1300000104000,37.77587938880168,-122.42048634896256,37.77585585981602,-122.42047429534624,1.0041211034202469,316.58849212364174,45.10612468079129,2.735545524491002,44.730613885079904,6,-0.0027314514844144883
1300000105000,37.77589124871084,-122.42050714151854,37.775900597241254,-122.42053840474594,2.4839214684020354,314.1082521650917,43.07928334009158,3.750772621982199,51.96193903292236,7,-0.015400224135181485
1300000106000,37.775900734155975,-122.42052356314059,37.775847957591544,-122.42051068334206,2.1833753463263053,301.3093552187144,33.16123013408507,4.584689537658715,54.35897767502688,13,0.009486028975357953
1300000107000,37.775909591101396,-122.42053968733742,37.77593937169906,-122.4206135123324,2.2551489378992784,306.4151643644204,40.0248258057662,3.655978140895072,43.92986086121393,14,-0.006660308935708528
1300000108000,37.775920485404185,-122.42056144905908,37.77585172030669,-122.42053946753316,2.9679938556204846,296.4984986840882,34.10783046778049,5.614301149656976,40.019128806236964,9,-0.0010254296376004412
1300000109000,37.775930570022304,-122.42058272329129,37.7759617205321,-122.4206083938144,2.0125721850883784,293.9845132208704,40.12839926949678,2.398315715425308,44.395293102363986,6,0.008492591156898854
1300000110000,37.77594288163575,-122.42060321377143,37.77593465189915,-122.4206050590975,1.8815977315030008,295.7700018025573,40.18676012298701,3.640048498687219,58.99415846284921,12,-0.0006557621161694505
1300000111000,37.775951295872815,-122.42062428102973,37.77597202654872,-122.42056257780223,2.472438024792769,304.00364801610414,35.99241827612709,5.82175911950943,48.83791701766781,6,-0.02908042861471844
1300000112000,37.775958344385124,-122.42064177657525,37.775907715088856,-122.42064022187866,1.4438132291583685,287.6120072540443,40.587875339341736,3.864004453430186,58.60438821829474,8,0.007663118538194716
1300000113000,37.775967144351576,-122.42066525596013,37.77597939361193,-122.42069798701202,1.4432062915590511,282.88369689303005,33.44373402215254,5.337480375604388,59.067471636281866,12,0.0031821177556029777
1300000114000,37.775976134200775,-122.42068300738498,37.77609675158785,-122.42063368592913,2.752586151073367,312.4205455481797,43.753807753147846,2.2737887234670766,52.64669181273891,14,-0.0066733958251171364
1300000115000,37.77598625742051,-122.42070278526359,37.77596339658289,-122.4207050631336,1.8147173258000917,293.1757321706904,43.528493290610534,4.929382029139559,41.2360380744213,6,0.013763712032970672
1300000116000,37.77599850780068,-122.42072102813867,37.77601437779369,-122.4206608640332,2.7989324540750116,301.1555057850827,41.51121961791991,3.1131740220549102,42.72285938787951,13,0.013241338937989401
1300000117000,37.77600692653298,-122.42073967802493,37.77608220488047,-122.42077697114136,1.6459682198247139,301.28325395102763,33.45493378559927,2.319664773174316,47.39325105450471,14,0.01646912303733945
1300000118000,37.776016680734344,-122.42075940505028,37.77605476594159,-122.42077429733088,2.524334608303954,288.6205676945346,41.31191720272085,4.528949041544134,55.279309730616475,13,-0.001947710245830019
1300000119000,37.77602713666094,-122.42077944481926,37.77604873093515,-122.4208285565844,1.906441102971942,313.9991193355092,37.00904659135292,5.218870415848907,49.06641840061445,11,0.0024367410845057575
1300000120000,37.77603881918654,-122.42079682273277,37.775988134722915,-122.42086291399453,2.6346072024761686,309.6027970789553,39.493490770594214,2.5258374885186745,40.95126543456719,6,-0.009636482292207838
1300000121000,37.77604702650849,-122.42081332750008,37.77598314708988,-122.42080515965912,2.2063037359138735,319.2130449184287,37.59985658201222,2.2639795441715607,50.50363679701355,8,-0.004291638331294112
1300000122000,37.77605638114635,-122.42083271662378,37.77605905276838,-122.42086396498561,3.281348932202399,298.6603587562729,42.331416362259084,5.719036330365364,40.25510660256147,9,-0.0006169601166769799
1300000123000,37.77606681146233,-122.42085405764826,37.77604364966956,-122.42089114326895,2.4505166770622733,298.6273921497713,31.86625577672156,3.606649793941557,58.2957418343586,6,0.0047530631110930645
1300000124000,37.776074742685864,-122.42087197425076,37.776073789775175,-122.42086516311177,0.9908890450000017,281.70198546999416,33.691798249976756,2.8377411667868926,53.49679612791493,9,0.004808783499735648
1300000125000,37.7760847127755,-122.42088976683364,37.7760949956092,-122.42094273930499,0.9276788910179611,309.5252504765901,37.677630045940305,5.8493222718853355,58.761316625408895,6,0.025657190796619763
1300000126000,37.77609399419118,-122.42090741348025,37.776060172799234,-122.42091146217722,2.224872168938271,316.4662989832141,40.180189615556756,5.745861306022736,51.133685930235266,11,-6.655733904747223e-05
1300000127000,37.776108453618,-122.42092648007407,37.7761331587693,-122.42095270748317,2.4902922855174787,308.5175142001537,31.455038137686266,3.082841047570366,47.6913350293165,14,0.014073501220645424
1300000128000,37.776122658204144,-122.4209420551166,37.77621558601357,-122.42085014182418,1.8984812389730208,329.37965849252856,42.67510741721816,2.766331377996722,55.924224104001766,14,-0.002865316186077479
1300000129000,37.77613747055055,-122.4209557508499,37.77608700350118,-122.42099755442615,2.849511337280243,325.36694537876167,34.12139455947322,2.5022125554211585,48.60792228891011,10,-0.02429760507386234
1300000130000,37.77615104715561,-122.42096706121532,37.77612756983768,-122.42103501910962,0.9281296986104834,318.0553000701416,32.15411878028853,3.63648327728562,58.699034777030704,6,-0.00038974633796253074
1300000131000,37.77616559115213,-122.42098179350694,37.776163110619194,-122.42100946816558,1.9244163818326454,325.9779086204948,41.44046124908049,5.093942619405577,54.83921185783791,7,0.009529246938510504
1300000132000,37.776178054508954,-122.42099542240446,37.77623507749265,-122.42098768557597,1.6930459048585547,321.87230623085844,33.44601918511836,3.3886934227049577,41.78179709120579,6,8.861209942249394e-05
1300000133000,37.77619205785212,-122.42100925115128,37.77613273875209,-122.42105314421504,1.7318477078586183,314.452137523312,31.94809608556496,2.996203486143945,55.48374748697941,13,0.006305933727652234
1300000134000,37.776205712360415,-122.42102116240166,37.776152454955195,-122.42104888855857,1.899420822726767,342.4991350991938,31.798975198812016,5.123558236425188,56.082299868224005,12,0.01857856157012944
1300000135000,37.77622244826511,-122.42103244454151,37.77611426521447,-122.42109623899975,2.4165320138144937,334.54276803514955,39.23015367408103,3.5291564161478752,40.668262989710705,13,0.009204627487837012
1300000136000,37.77623866843548,-122.42104447826878,37.77621665032482,-122.42108684204868,2.317297296675675,332.3393452728327,38.573993220892476,2.250914212108985,40.85512945378624,11,-0.017358502428949374
1300000137000,37.776252985211116,-122.42105701489382,37.776286992499415,-122.4210400403868,2.3437736637799502,325.6163594392087,38.57337319319632,3.775410887192371,42.5423881265835,10,0.010853142794303034
1300000138000,37.77626895556337,-122.42106886576752,37.77632221679882,-122.42102452657059,2.035808607513643,336.1499657561887,39.58185374696484,5.440530114619069,55.23777247921451,14,-0.012700521897511264
1300000139000,37.77628203214415,-122.42108021106621,37.776299889827214,-122.42106036102567,1.2491957537747571,332.73506722938754,41.30631592349336,5.952139679864013,59.68180330217986,14,-0.000489877369622016
1300000140000,37.77629514803326,-122.42108982022796,37.7762651001843,-122.42104167224583,1.9783656905811138,327.20020438451843,36.783591354002674,4.3101969613669215,56.41268471354592,8,0.012597188442278895
1300000141000,37.77631216629627,-122.42109944054273,37.776347489876954,-122.42110342688775,2.497227719630153,347.5702091075445,36.70246501270523,3.5849252416001223,54.51932070362764,8,0.01533066962387356
1300000142000,37.77632903168775,-122.4211079727865,37.77633924761728,-122.42107573064669,1.829515774323041,336.3184689217646,37.285870486323994,4.242698018784678,48.751491850126854,10,0.007574206427227768
1300000143000,37.77634646160348,-122.42111759910978,37.776250426323536,-122.42109736551724,1.4395693756212866,342.96512350797934,43.72126693500363,3.5334756797284936,53.225080708697135,7,-0.0046417936439669995
1300000144000,37.77636681273581,-122.42112872905888,37.77630540799418,-122.42112979320852,2.783431061454631,344.10702842222594,42.221548835102936,3.1505576940390303,45.8494401578725,13,0.004241034555331345
1300000145000,37.77638518007955,-122.42113737579761,37.77646077334481,-122.4212592824256,2.340164494409618,355.1856458948844,41.81859263216458,4.941258053778316,50.07721674919913,14,0.0010779135006942161
1300000146000,37.776400434799264,-122.42114453769263,37.776416545053415,-122.42115282321986,1.8160739293294874,327.03158544739154,34.21766274561167,2.835413328468721,47.42740966231114,10,0.013569680151124204
1300000147000,37.77642009660062,-122.4211486414933,37.77635135688119,-122.42110252373895,2.6467427562996644,344.32775085451266,31.156497945643245,2.463590271157086,47.33155233588346,11,0.003434375681955026
1300000148000,37.77643517799057,-122.4211535125656,37.776476175645975,-122.42119378702291,2.6336922494454167,351.99973381155866,30.686994631870327,5.284738472625857,42.03908091870313,14,-0.0028443727601013863
1300000149000,37.776451320821394,-122.42116067852736,37.77650439256938,-122.42106979559286,1.4068011181763205,343.57736826872565,40.36635006124792,2.213713043500571,49.90287763549553,11,0.0074462702157304704
1300000150000,37.776467573437394,-122.42116992772692,37.77644582173592,-122.4211285987535,3.589770401301653,327.4680957730856,45.13597010817589,2.3425243728234593,44.188567177219355,8,0.014040205010700251
1300000151000,37.77648628154869,-122.42118207452432,37.77651916565351,-122.42110614863971,2.2577703916181484,330.74192835298135,41.42975047584048,3.747754473090399,51.21416577963324,8,-0.014390824139921909
1300000152000,37.776499364617145,-122.42119503512865,37.77631235958525,-122.42110686246515,2.738077427396007,314.88696298512076,35.39984935387041,5.999205796132539,46.2160580336286,11,0.0038842043733110106
1300000153000,37.77651175801243,-122.42120876630868,37.77656043685219,-122.42131380028835,1.6668355814783968,303.21833404609947,31.17230525071504,2.428157996238443,43.63036886931482,10,0.012030249995021575
1300000154000,37.77652444840082,-122.42122453074624,37.776583206170415,-122.42117666512604,1.8655685475766328,332.92433707584536,37.26519205097025,3.517802266887532,56.04974449674954,13,-0.0008136787004642825
1300000155000,37.776536496331765,-122.42123929334619,37.77648026119603,-122.4212268995828,1.8265421820477217,304.1690358252607,39.69641860280725,2.395562412508667,53.58376164380354,7,0.008272485166118723
1300000156000,37.77655135293049,-122.42125621409704,37.77656545720046,-122.42119708550537,1.361690419196997,314.2800650419344,36.91991650222109,3.76473653187478,57.687401545513865,13,-0.01300198672541236
1300000157000,37.776562035656156,-122.42127132789717,37.77654512962901,-122.42122240193018,2.0057433902593345,308.16601652188075,42.16414508749898,3.365389945507824,52.18707953748098,14,-0.01643414459309723
1300000158000,37.77657353479539,-122.42128522826688,37.77656840832135,-122.42131388648826,1.4180842895003798,321.15673093681323,32.81530739532516,4.512841900503863,43.44183486386954,10,0.007019389751119254
1300000159000,37.776587660266735,-122.42129759543027,37.776566416244506,-122.42134681773359,2.178497528894811,308.6363579052289,43.233425690265726,5.8241552013767235,48.78923046515987,14,0.010018324278760487
1300000160000,37.77660151614873,-122.42131020383601,37.776534901375385,-122.4213599131537,2.1293878541265343,320.18160001356364,40.12867754987184,2.7887573435292095,56.43537111760266,11,-0.013046211084210129
1300000161000,37.77662045979098,-122.42132286884089,37.776714979976134,-122.421314403436,2.6885924758576096,337.0205282362199,44.49449949777283,4.719139565013437,59.54661554259242,6,-0.005482294251680266
1300000162000,37.77663799993219,-122.42133410699542,37.77662248438971,-122.42138069270926,1.6302346185340828,332.45572912589876,34.39132575068091,5.794476373258344,54.25034917985803,13,-0.004010428081861197
1300000163000,37.776655324359375,-122.42134077263543,37.77666056211159,-122.42138849079349,1.8054937093464825,340.7357092409829,41.51059060917363,5.19326617622338,42.8708974845127,11,-0.01586662819896868
1300000164000,37.77667076075462,-122.42134468527351,37.77662029072561,-122.42137531559972,1.5484074496563116,350.4992817889501,34.68725585542083,5.462166300522769,53.94598549557806,8,0.011367067531649318
1300000165000,37.77668913947397,-122.42135275899994,37.776637296115915,-122.42133643521578,2.6236951561202924,351.1048706354038,37.52868071346566,3.680114826934075,59.74796750336545,6,-0.016172140645457394
1300000166000,37.77670438897431,-122.42135942294536,37.776725018895064,-122.42139950142013,1.8058722576679984,336.9921776362429,33.95302408000642,5.89161958474522,53.592616692813934,8,-0.003774108570507746
1300000167000,37.77671909952714,-122.42136398867056,37.77674541913115,-122.42131156135271,1.203151683807389,335.4487302762361,31.15493372543044,2.930403314115339,53.057036780565525,7,0.010423831089604674
1300000168000,37.77673858210669,-122.4213699658795,37.776782478315155,-122.42140904480561,2.2300798277480043,341.83796351044595,31.41015959574271,2.7234935491737073,58.421631810582795,7,0.005328142829447652
1300000169000,37.77675651969269,-122.42137554648815,37.77681170839281,-122.42130717231518,1.501653997074417,341.13773227220554,35.02065009175443,5.752200475458383,55.94648834562334,8,-0.0075820059430534
1300000170000,37.776775899827506,-122.42137875993238,37.77676538945048,-122.42142983123222,2.7755350683269766,347.62393874943416,29.71386094012069,3.350294668031273,55.48400910102245,7,-0.019385267105965834
1300000171000,37.7767940118757,-122.4213832206577,37.776771801722504,-122.42139326636214,1.5956056531332627,345.15040401690027,43.49781362545879,4.068290088775758,56.35701746989827,11,-0.02021562004409358
1300000172000,37.776813065856814,-122.42138787513524,37.776850406548455,-122.42138274752995,1.9977069272699752,330.8166253961631,37.28352168244858,4.902163945166028,41.78200527764848,11,0.013606756294549431
1300000173000,37.776829529138126,-122.42139128974945,37.77679765717795,-122.42143947021866,1.5294188774729665,339.6673160133022,35.074895389891466,5.980903737554307,53.85644425763265,12,-0.011837490238117707
1300000174000,37.776845216514964,-122.42139514010321,37.77688880443976,-122.42143187173481,2.2990212330652033,352.59005141312167,43.44948009077628,2.6603418562758785,57.07630097328281,8,-0.0017624523162366754
1300000175000,37.776863908506655,-122.42139977103639,37.77688263352102,-122.4213874268614,1.6968841023878387,346.6764236648613,40.30408895404876,5.109151225171029,56.35622808236595,9,0.03554695591468722
1300000176000,37.77688014187814,-122.42140236725938,37.776937893199865,-122.42142567533934,1.811417353731178,334.91007747373845,33.936484373479246,3.0147882491902713,42.90671774848878,14,-0.004590526127561575
1300000177000,37.77689662766911,-122.42140420687747,37.77693014725355,-122.42143257013443,2.3664759312752035,4.781667563026019,38.13456786605758,3.492053886169613,46.36926646173024,8,-0.014175134754914902
1300000178000,37.77691336706821,-122.42140759299194,37.77686064477702,-122.42142843159654,2.579482200587432,336.89046840499134,37.51651175300802,4.199081515690775,50.20185725655634,8,0.029254329683238833
1300000179000,37.77693057522691,-122.42141326579356,37.77688729354483,-122.42140412568251,2.123403475174069,353.60864979692286,35.290325667949304,2.398119568651461,45.481494115529614,10,0.005570821405043314
1300000180000,37.77694678241355,-122.42142014649114,37.776983406678404,-122.42146211735907,2.0801715642536913,345.31950417401293,29.20172864964446,5.606898187984768,44.79867525960361,11,-0.011666748028931534
1300000181000,37.7769612313816,-122.42142627852813,37.77705658417372,-122.42134310747075,1.9458433471488414,329.5949909331304,41.99995448411427,3.890819928539907,56.070642153999295,9,-0.0038882278343026926
1300000182000,37.77697683056212,-122.42143320661623,37.77691068997708,-122.42152738889624,1.7187797256299457,328.6034467423403,37.399322379993095,3.889131073806519,55.87017526771649,11,-0.008216047830984043
1300000183000,37.77698936789169,-122.42144010456441,37.776990528471906,-122.42143815103906,1.4532832719818651,334.96311185568675,30.693127295870262,3.8819095248476554,58.03340071424664,8,-0.0024415833161718584
1300000184000,37.77700616313011,-122.4214506959734,37.77702024685799,-122.42145813521566,2.350761916642858,351.82049044905534,32.432732593332524,2.3455882047612038,51.22608078367598,7,-0.002834222611334359
1300000185000,37.77701836964525,-122.42146114949841,37.77694208076966,-122.42147895827688,1.0080616162083784,334.0598051102063,33.93700865907481,2.6958266928059955,49.89268026645535,6,0.019093108086742788
1300000186000,37.77703160614446,-122.42147161572491,37.77705551239428,-122.4215416843246,1.9779317196767554,317.2706206069008,33.76771411566033,3.1143094631998642,57.188391498978525,9,0.013100811535756159
1300000187000,37.77704654982528,-122.42148352385306,37.77704189368568,-122.42145252931698,3.467566180388105,336.1790007108613,32.60461227672114,4.350841473413821,57.02991663188253,8,-0.002426796590704084
1300000188000,37.777059236387515,-122.42149629279878,37.776954408513454,-122.4215798709904,1.7290275297228372,300.4959432924408,28.85511927010295,5.984446042276668,47.022513484938614,12,0.003448199220330334
1300000189000,37.77707514196317,-122.42151221975551,37.77715622836208,-122.42148611914955,1.8958909097753553,324.0756903868434,29.69315065275481,3.4707362284597294,51.29195288418201,12,0.02036594372067586
1300000190000,37.77708804844033,-122.4215222840236,37.77704488802938,-122.42152742103814,1.7071235803296663,328.0028647152536,37.32224809961692,5.39299919860201,58.722215792668464,13,0.008840995210441818
1300000191000,37.777102676614156,-122.42153541067717,37.77703855144344,-122.42156236038913,1.93652079844185,332.5849239812915,36.9846026519508,2.05519431486998,41.2155111637477,7,-0.017578688491790565
1300000192000,37.77711788773391,-122.42154597805947,37.77713889481502,-122.42160989735096,2.342213211355266,342.33841733814523,39.37403832846545,5.092330113112063,40.57852239417533,7,-0.002397184379740481
1300000193000,37.77713108075953,-122.42155576646746,37.777158955099324,-122.42159183248367,1.1988097591962938,354.585509611619,37.73276841737555,3.8459590282821443,41.27351368951218,10,-0.002068574389614583
1300000194000,37.77714702491695,-122.4215671326855,37.77718384548714,-122.42168469824338,1.7033738875848783,302.2178728968012,31.47533706856092,4.664651427250796,45.61877475979863,12,0.018583640085062966
1300000195000,37.77716192362993,-122.42157754279863,37.77714262346182,-122.42154668415853,1.9188020840902504,320.4834819853478,36.73296401668126,3.766448046735467,56.85270958256268,13,0.009964565281227066
1300000196000,37.77717925616489,-122.42158635954311,37.777178710448,-122.4215794548225,2.1670886003994743,348.68529421280476,40.016703923530464,3.4615843700004696,49.13766664217145,14,0.010536610743574752
1300000197000,37.77719673788095,-122.42159489889265,37.77716019754279,-122.42156927181841,2.190229592983087,348.47399897807725,28.83632167409591,5.5954146984897575,45.631211151891634,6,-0.007927087016538801
1300000198000,37.777215577906496,-122.42160695002536,37.777150068041216,-122.4216670060191,1.3905553323929214,341.42650366545746,37.137209780597054,4.398590750364069,54.85420377878337,10,0.005407899179762575
1300000199000,37.777231936874095,-122.42162058437418,37.77728589340655,-122.42165040512367,2.669044490759612,301.3937437106145,38.75851477427803,2.428602881297809,53.47694610268683,8,0.012538163719165286
1300000200000,37.77724437303426,-122.4216342809053,37.77723923490001,-122.42160452414113,2.78112008802614,334.6319278655803,29.497579413816826,2.2272863141789134,40.36901825707166,9,-0.0047730353917231376
1300000201000,37.77725518594214,-122.42165035496501,37.77724607022937,-122.42163865961666,2.0708866535941906,308.37272692658314,33.181454365241244,2.473988669543596,41.97093263275681,10,0.026515238637662426
1300000202000,37.777267591346,-122.42166864664928,37.777167627966406,-122.42161361507851,1.4564277508048695,330.9390595187458,31.111076467261242,2.7540744174061773,45.537971106327184,7,-0.0036658429219369056
1300000203000,37.77727825505507,-122.42168732618221,37.777269336499856,-122.42166608939141,1.9539913252100787,305.2007682560297,36.996884531328874,2.813648635018009,56.658120034898985,11,0.0033576401964224797
1300000204000,37.7772887752972,-122.4217060309088,37.777246650572344,-122.42168916876146,1.3418186450281562,310.75861572849306,40.76537197549474,5.83030145977531,59.010828995904475,13,-0.004875244764442685
1300000205000,37.77729620266254,-122.42172111850341,37.77728747197988,-122.4217141716799,1.3804897185438518,311.5651887205519,40.93791351893706,2.5208595744160007,50.30852454328317,6,-0.015579756167725918
1300000206000,37.77730413803181,-122.42173995136841,37.77729317582422,-122.42166965418275,1.9738212604629564,294.49945861626946,30.770775083096275,4.856658734836271,43.884977455377474,7,0.0015237354653452285
1300000207000,37.77731086831552,-122.42175767790866,37.77728854507595,-122.42178159557965,2.4218541122322454,273.2152713232639,38.64808733515599,5.580609139887662,51.25340065639204,7,-0.003975896365031861
1300000208000,37.77731931605684,-122.42177682090414,37.77736625798899,-122.42180906683606,1.3967121913430116,304.89613738043363,37.76898550194803,3.73044685972257,40.64545096106536,6,0.007623605677312261
1300000209000,37.77732855891159,-122.42179427498432,37.77735091161921,-122.42179361748263,1.7131593195105363,303.39990054789195,31.73821354823137,5.038763116931639,51.67197036746748,11,-0.003812456864523109
1300000210000,37.77733927402052,-122.4218131567917,37.777395631746245,-122.42181503059155,3.425758318313742,314.0101981995319,31.85308929061032,5.249970699645219,46.945116499948696,12,-0.0006821235360132999
1300000211000,37.77734809391577,-122.4218319293841,37.77728185254727,-122.42184411009116,2.221785971099669,299.43248356216986,37.17267351628046,3.810535492456089,50.59205851814734,11,0.013451264058498726
1300000212000,37.77735817755397,-122.42185088170673,37.7773257297576,-122.4218069114859,2.6657888748663017,306.12746222330156,29.673537750286147,5.057728077106496,54.8147461608995,10,-0.007996447343076734
1300000213000,37.777367747588634,-122.42186672340506,37.77736573354772,-122.42184736023127,2.242695569136858,311.01538084125,32.49009539519236,2.059146846490476,43.92825116334231,6,0.0010246117931521602
1300000214000,37.77737704716187,-122.42188137577725,37.77735671521337,-122.42190658852591,1.5941110768796545,305.3622554646707,38.175378115749034,2.6439388171195155,58.61470268453727,7,0.0037387099876372977
1300000215000,37.77738625642363,-122.42189756305002,37.77738229353736,-122.42178967797854,1.532443836125089,292.2074848260435,29.231039805909038,4.5219146428241945,45.571927522881914,12,-0.003481893862353355
1300000216000,37.77739665482115,-122.42191364199687,37.777337549651186,-122.4219421062803,1.279044425171767,296.33725984883915,42.8040087243856,3.185300591035107,52.12083246546106,6,0.011587100464001973
1300000217000,37.77740795245277,-122.42192985241402,37.777372143549904,-122.42190040309487,1.6884401724799558,319.12723030609243,39.16154255664322,3.1471321410887763,51.46921819713176,7,-0.002754051398617831
1300000218000,37.77741684141055,-122.42195309566175,37.77733476371281,-122.42199569115996,2.1349535866732254,295.1707576322096,37.104050969551544,3.5695403678104203,45.68072087050155,6,0.003304030621593331
1300000219000,37.77742471653002,-122.42197103908109,37.777380215252435,-122.42199807013145,1.7524559791736265,286.64065478283345,36.24672504589622,3.374671195930777,41.41239510534034,9,0.00439237352660893
1300000220000,37.77742955972612,-122.42198836839223,37.77746426856214,-122.42200593131456,2.161465034743276,306.3006575329542,37.61964502314707,3.1325671447901824,52.919755429571,11,0.008273543565976014
1300000221000,37.7774355914217,-122.42200653015902,37.77742488107746,-122.42191356986945,0.24268870595921044,304.19209471161844,39.93246749095039,3.7208578392498275,58.28633201455053,7,-0.001891009881153098
1300000222000,37.77744133010925,-122.42202448177254,37.777516617771184,-122.42201912538016,1.1265482650956575,276.7611870369085,29.97227021587051,3.8579997594931856,47.13196740546154,9,-0.0048942741731641225
1300000223000,37.77744928419921,-122.42204341705786,37.77741950750549,-122.42203401098304,1.869366380290397,306.1474776760846,35.74740099986729,4.570707410584811,51.57429162999095,6,-0.0043175715797842615
1300000224000,37.77745540670308,-122.42205829834637,37.77746136025713,-122.42213023721385,1.608755828532308,285.53815846934674,29.004146888790217,4.325683383938344,44.48719661565044,10,0.002790537427586807
1300000225000,37.77746170876888,-122.42207702312862,37.77740104615238,-122.42206563073331,1.5890696911981428,277.5584185205133,38.96795141981166,2.6490940984779767,51.30300323911408,13,-0.0033652267788296026
1300000226000,37.777467862071866,-122.42209597849258,37.77759789566539,-122.4221474870846,1.3825151297356681,286.2935649813837,36.83391595322381,5.142503348466718,45.24761349846605,14,-0.001138142172452077
1300000227000,37.77747540918699,-122.42211422186593,37.77746647815706,-122.42214803167693,2.327276202490985,291.54324682753804,37.870300449941745,5.887545620709485,59.24440461056989,9,0.012194528320644873
1300000228000,37.77748226813821,-122.42213070973393,37.77752374963022,-122.42210850995508,1.8412196329779227,287.04277719757636,42.17797858796946,3.2202864501721757,41.903973054445856,7,0.00673968242129844
1300000229000,37.777489264843275,-122.42214794379962,37.77750993409432,-122.42217150175557,1.7870311523271725,295.99152105767405,34.75315457719094,5.529010499662563,46.91440090564615,12,-0.009894102940600516
1300000230000,37.777496005035104,-122.4221621896942,37.777466811094364,-122.4220865177007,1.2113534408860382,301.0441863246455,32.80537431787974,4.556830261391446,45.167948809154424,8,0.003731199410243873
1300000231000,37.77750380396748,-122.42217800702582,37.7774372589034,-122.42211340347149,2.0538680057623573,291.99111044273275,33.711680188071696,3.5044032559452805,47.74941533471044,7,0.009982983189226129
1300000232000,37.77751151718297,-122.42219366854603,37.7775193243392,-122.42218441601331,0.06055840990564931,300.7533729647193,41.59825783241902,5.43652530325738,50.543686556186465,6,-0.008645957289446041
1300000233000,37.777521687898584,-122.42220969736735,37.77749384841137,-122.42220607561914,1.9458354017374435,303.3169332179303,36.645691165260864,5.464660210364594,48.424996673705586,14,-0.004338071029469472
1300000234000,37.77753138402727,-122.42222132532481,37.777523608812196,-122.42223037354614,1.8922948452245838,299.53640647689207,42.71624584558907,3.9356756583859553,53.1053474074505,6,0.019442611546896464
1300000235000,37.77754416081161,-122.42223508306346,37.77757672591455,-122.42221889235827,2.246793467306366,319.5899620518337,42.32537330529665,5.139840135182489,55.7819883581325,14,-0.006477303920568464
1300000236000,37.77755756987634,-122.42225026762917,37.777561481934136,-122.42222676541017,1.644244075188202,308.1899492763901,36.972381739331524,4.319445499009262,43.524018043865844,9,-0.009108454251138796
1300000237000,37.777567087767814,-122.42225849616561,37.77758594358268,-122.42227121247618,0.5928453031477632,329.2494732738369,33.4576338411131,2.6260623591193344,40.36191816703582,13,0.0011809840301082043
1300000238000,37.77758111231735,-122.42226810224791,37.777588614646156,-122.4223263133151,1.5214967320274448,324.54264700973437,41.54289546432627,4.2911883387128995,58.777579399660446,6,0.0008318920608638618
1300000239000,37.77759593470041,-122.42227678162924,37.77752257223378,-122.42226394515725,1.8601237679078346,329.83896329869054,34.704096575634864,3.5821491578610067,47.255691114788746,10,-0.0039941092033419275
1300000240000,37.77760786458265,-122.42228582068597,37.77767766769244,-122.42227697711188,1.105306193705546,321.48251792951726,38.7569379335807,4.561954653132078,51.84585990688235,13,0.009359338432119786
1300000241000,37.7776201966404,-122.42229490612812,37.77767898925522,-122.42232861223704,1.8947653384639256,316.5543536174356,35.0973459026785,5.351034592698475,43.1610551707655,11,0.01413134151558674
1300000242000,37.77763237542242,-122.42230527229944,37.77757556717971,-122.42230799242849,1.5526981897719616,320.72752016659445,29.366921533864996,4.772380545398572,55.42332780240085,14,0.007951533217702575
1300000243000,37.77764414015764,-122.42231558891969,37.77766940518821,-122.42235642688503,1.7273556073283631,303.628695831045,41.63030967908194,3.245182785062469,48.605265640409236,14,0.0006075298238315185
1300000244000,37.77765599936278,-122.42232552966213,37.77762289814927,-122.42229539651069,0.8773062946671921,330.5405286193462,29.1478316085084,2.1746999169787316,53.39099121506585,8,-0.00619024627411397
1300000245000,37.77766580987135,-122.4223335979121,37.7776284640545,-122.42232573954412,1.0804433933143167,310.5687344950279,35.641842078811564,3.4187030082134338,51.59577514240996,7,0.0011372159894072408
1300000246000,37.77767943290112,-122.42234584708181,37.77767919081805,-122.42233660528615,1.2292461347864634,321.11025660965754,37.46242670864723,2.729546348674849,55.91597268606044,7,-0.011943745566836774
1300000247000,37.77769386983496,-122.42235598687274,37.77778125324649,-122.42231975568153,2.589805106667749,342.5722048721217,42.39713654770837,4.982119784166713,42.615619653113846,11,0.002589824914420347
1300000248000,37.77770421338877,-122.42236603460756,37.777757111266844,-122.42225645290074,1.7572133583678158,325.3864080232333,30.60731101213076,2.036284528400136,52.259381065450654,12,-0.0022870712443485808
1300000249000,37.777714008354494,-122.42237435129334,37.77774426942241,-122.42237237483123,1.0814729169178565,324.66392033743045,32.46351467901745,4.286269524390951,58.47555689089873,11,-0.011143543184912215
1300000250000,37.77772516664695,-122.42238758668027,37.777667636365166,-122.4223581601795,1.5720132031763643,301.4987678987694,35.06432345311844,2.26975585989399,43.27407900765911,14,-0.0033550025509605946
1300000251000,37.7777351318247,-122.42239863964272,37.777862854295634,-122.42234432781686,2.4106520766771706,321.6150002859811,40.93998509154575,2.8698890067064005,51.537097161251694,14,0.00018211144480641617
1300000252000,37.777745241829976,-122.4224117355732,37.77778892838226,-122.42241640283093,1.9488238705428214,314.4585365450932,28.2750693321726,3.555590592458362,59.20000691212764,10,-0.0013624826619606898
1300000253000,37.77775543693391,-122.42242306069292,37.77763799506291,-122.42237818956578,1.3159010442671983,296.94384257347224,39.68474249559749,3.8847394047622985,42.14942643024505,8,-0.0009391664429521891
1300000254000,37.7777670171995,-122.42243573004491,37.77778699091626,-122.42237299979945,1.1839161746672473,329.19385079266453,36.63197062550036,2.1371771370056103,40.86606648276052,6,0.0002686517468282558
1300000255000,37.77777875840843,-122.42244802447222,37.77775432367263,-122.42244740361738,0.48436493931684077,329.1331260681796,41.301642814825,2.2413323246965517,43.80451797194771,14,-0.0045118059948907815
1300000256000,37.7777877240195,-122.42245925098831,37.77780822313729,-122.42231716262108,1.6318559613681707,326.45280992261405,30.373978690184785,4.946445788338649,40.43721341364479,13,0.021722527865658467
1300000257000,37.77779532689032,-122.42246992529938,37.77781535890866,-122.4225572878002,1.0543435729382349,311.1149224589202,40.96891748193278,3.1504244117135114,51.40008793415234,12,0.009062060043249663
1300000258000,37.777802784527914,-122.42248002242526,37.777756858574094,-122.4225186579614,2.220321966852624,327.8116585127812,40.18785303240724,4.134835229777115,53.65343962084047,9,0.004006935945346815
1300000259000,37.777813417402726,-122.42249302375997,37.77790471169034,-122.4225512675274,1.9655855791626908,321.0441319741755,39.91696714310521,3.9740827216608414,40.11049943503395,12,0.008785398055474796
1300000260000,37.77782341936826,-122.4225001475556,37.777833408599335,-122.4224427032214,1.1203967255824363,323.42985925278015,42.47667423423804,3.8969310301796614,48.9749511453505,11,0.004149441999337326
1300000261000,37.77783454022668,-122.42250771178334,37.77788160762201,-122.42249379145696,1.3789682358375466,328.1601642019628,35.34588613633702,4.956051857329888,47.44312597247955,12,0.004133886789338101
1300000262000,37.77784591054195,-122.42251393193008,37.777913481720184,-122.4225513733265,1.3249334033011717,335.52733626012645,33.99677496513597,4.240842074887311,55.38262939372483,6,-0.012130356869966413
1300000263000,37.777857279181234,-122.42252263174139,37.77782037130134,-122.42248269366054,1.0319347206554887,324.2529076816802,37.79445670998531,4.032224534915825,55.661697518996064,12,-0.007632891405448159
1300000264000,37.77786503952774,-122.42253025224451,37.7778194511035,-122.42254483225166,0.9575654867436288,339.09275515785424,29.895521671860294,2.6002447753252285,54.71946321289141,13,-0.014541014856819115
1300000265000,37.77787549042114,-122.42254118854399,37.77793158578858,-122.42240968570279,2.096994339680193,316.8924219517728,38.4876625677596,2.7475298899709637,40.0337028854741,10,-0.008485545044851318
1300000266000,37.77788534846819,-122.42255391660672,37.77795499033983,-122.42257912134187,1.3103639189222704,310.9401581824223,33.44331231129284,5.6779082237997045,43.76287144729101,8,-0.01211318702056904
1300000267000,37.7778957470014,-122.42256425069345,37.77782689607286,-122.42250979632816,0.7193855333939569,321.8333210009887,34.702271024254316,2.9539066835603434,40.19666663303181,13,0.009355334878626644
1300000268000,37.777905237304644,-122.42257439763817,37.778005799463955,-122.42262474923987,0.6845661701594089,335.80970470040614,31.6700533019783,2.8346915118095577,59.805051757944014,7,-0.006960686442640246
1300000269000,37.77791616948103,-122.4225834795498,37.777904394315314,-122.42255652961958,1.4302989741848575,334.83366136318506,41.58917648729359,2.743076636258538,58.704174358733894,13,0.012170637653647788
1300000270000,37.77792835333072,-122.42259094998379,37.777962942557146,-122.42261344508911,1.486569482912211,335.7471770899086,30.080833552891473,4.033590735188932,50.3835077463974,10,-0.004415935108353934
1300000271000,37.77793534871691,-122.42259519842457,37.77796356812736,-122.42266022992294,0.7460787069322281,330.75668093939976,28.633895299778395,5.191716764931592,44.493597520505034,14,-0.015938586732686232
1300000272000,37.777950221453956,-122.4226032373537,37.77790165433797,-122.42270573854762,1.1625581623701473,334.378828517078,42.97869202508458,4.951268780042268,51.91919465854282,14,0.019606268304939688
1300000273000,37.77796240597659,-122.4226099126934,37.77791920356964,-122.42262417454512,1.56681323722593,330.8119536388072,35.032484691285745,2.5361703710709578,44.77976797239205,6,0.015381116089666446
1300000274000,37.7779729958907,-122.42261498122207,37.77786881627374,-122.42256588769028,1.1609787322387493,347.57588127797237,37.67566153892713,2.4711856252234368,48.50812137519085,11,-0.0024575216241478075
1300000275000,37.77798411262081,-122.42261963402926,37.77792655511403,-122.42261767373542,1.738380100446451,336.7980319748343,42.87353083574767,4.889659842260578,57.00124665678743,12,0.008485778580655143
1300000276000,37.77799661387718,-122.42262505634201,37.77792249007914,-122.422695864279,1.6786785656099803,333.87838806518704,35.79812129413436,4.2969742464485625,50.14638816666405,8,-0.005966325769605865
1300000277000,37.77800816057097,-122.42262935547119,37.778010170096756,-122.42255882439399,0.7464843515118668,342.9903689368571,38.081595396928385,2.1813262558880813,57.09456974652968,11,0.0009732421878957545
1300000278000,37.77801659488717,-122.42263081344767,37.778085064994805,-122.42260957570416,0.3143171199064584,348.8450411068208,40.91088073627028,5.088905527558223,57.366675447746516,14,0.01017012008799008
1300000279000,37.77803233820669,-122.42263228145815,37.77803098096016,-122.42259317008292,2.5505681433224736,340.1489407514888,42.80436343489779,4.109362486972252,51.007129147901765,9,0.006141157758336104
1300000280000,37.77804411999503,-122.42263295475529,37.77806106270314,-122.4226105990958,1.343429355935987,351.3082265751663,40.03522494571399,3.253582016918992,56.87644840963587,12,0.00390366612500112
1300000281000,37.77805785242156,-122.42263355005967,37.77809675259873,-122.42250670434977,1.4410364729451353,3.2102490244012074,30.30558135278558,2.750768831070634,48.81235834273043,8,0.0038970549512490934
1300000282000,37.77806835215505,-122.42263518717262,37.778102337627104,-122.42262616097298,0.8849519923106547,340.66322977927416,33.60943118274255,5.44746010778082,57.59462830831953,6,0.031105075613125168
1300000283000,37.778082524218966,-122.42263905137463,37.77806323264396,-122.42267908214413,1.3945830026577366,354.22319394015733,32.5807537442636,5.138441646075783,43.00684992887528,10,-0.0017536501564745528
1300000284000,37.778094484707026,-122.42264186832126,37.778021317453984,-122.42258787734025,1.3631081931291782,351.8408565260296,29.331554710361228,4.102669180421153,47.84667052338888,9,0.0004050651806342974
1300000285000,37.778106565388136,-122.42264665577946,37.778085075112635,-122.42275579914734,2.07497802581183,357.87241278876235,41.7074699538673,3.2156305696891896,58.46339580529884,12,0.00890240911600924
1300000286000,37.77811551564134,-122.4226510533121,37.7781186636091,-122.4226366378045,1.8608730005908782,344.6021040834531,30.04614733329689,2.6115937178685265,43.877107792726704,12,0.013693802663691959
1300000287000,37.77812863347246,-122.42265544329052,37.778085051211825,-122.42267438011288,1.3486632282730235,338.3840853035064,31.010743294722772,2.323758485339733,55.10636919754663,11,-0.007671672953737129
1300000288000,37.77814112665214,-122.42265689435764,37.77815922468767,-122.42259274529711,2.5671438107251507,349.4082782707662,42.792526066178525,4.959389188790505,47.953588026595504,8,0.0034627318754988697
1300000289000,37.77815430628237,-122.42266092062128,37.77813967067757,-122.42265860300773,1.2025375274817505,344.3878125809731,35.95956431249515,2.967315757795151,55.76477862591773,13,-0.0001620027870700263
1300000290000,37.778164265117205,-122.42266212092319,37.77819535619358,-122.42269988305527,1.5760936776938892,347.11872655152365,41.81907461762283,3.513912564477817,46.201531569190934,13,0.007962223815992034
1300000291000,37.77817438049992,-122.42266357881432,37.77813421852611,-122.42265662071567,1.0214317934462582,357.6483094105166,42.60204534413523,2.40383025181245,49.766443044270105,8,0.004156966117566156
1300000292000,37.77818937802013,-122.4226657655207,37.77814327963716,-122.4227311740766,2.126127390541528,353.5038960277796,30.501869397484498,5.714676688450626,41.89074831555322,13,-0.003496227068356652
1300000293000,37.77819827378717,-122.42266717556129,37.77828697660405,-122.42257480486029,1.0705921540795138,342.42277589227484,33.603693437866184,4.918301794270127,50.7110956832235,9,0.006170671248217455
1300000294000,37.778208806534614,-122.4226675800179,37.7782102443465,-122.42267907501505,1.2954476966679906,346.1641720773023,41.08154534550901,5.527746780405195,44.63435310641091,10,0.0010824750926668758
1300000295000,37.7782213578802,-122.42267031625161,37.77824900607267,-122.42263586894249,1.6066072513323408,346.9572425833031,32.18187771579821,2.1666314116044414,43.79069593610415,13,0.0013213053080972075
1300000296000,37.778232046795345,-122.42267209565114,37.7781771256827,-122.42270355649369,2.214990776166724,343.7780963383422,35.688947794055764,2.316505014676899,44.675316820842674,14,-0.0001849953544803038
1300000297000,37.77824334914652,-122.42267519256663,37.778224485923744,-122.42265321166101,1.6035463921562223,5.390512894081155,44.205616079545976,3.0799807105679364,55.09517928348451,7,0.005753628299292493
1300000298000,37.77825293047027,-122.4226771920284,37.77828703894441,-122.4226813743728,1.2604721167968111,340.9191583722841,35.54456561062663,2.032743484172346,49.81782919675099,8,0.008541624699911335
1300000299000,37.77826393047037,-122.42267759351851,37.77834221126335,-122.42258126578675,1.4498676768263552,13.69734274196179,35.856566279359576,2.710529170700467,42.6836875228027,12,0.0019505271285820936
1300000300000,37.778271830684396,-122.42267788223354,37.778235606430655,-122.4227514693106,0.7268918186143735,1.1594898654325902,35.58665531947514,3.2026783390367735,49.59153176893793,13,0.007475310609049216
1300000301000,37.77828497150013,-122.42267781950655,37.77824482562956,-122.42269848457188,2.0175435957174304,12.595900866555422,42.61367624397472,2.793866579662653,58.6964615799801,11,-0.01859982562722202
1300000302000,37.77829482425517,-122.42267732671215,37.778293690808155,-122.42270277505389,1.34130070922558,6.982774607671261,37.54384740086003,4.512697633380349,58.08045293790635,9,-0.02038148303814569
1300000303000,37.77830358174143,-122.42267766213008,37.778227361983944,-122.42273921463122,0.8234001407611772,9.942249626677949,41.821197844747694,3.5409975794462536,42.793772284459756,12,-0.0017849267206302764
1300000304000,37.77831461593765,-122.42267623819068,37.77831310927233,-122.42268266647048,0.5060359941616243,353.0201647402207,43.39532529457239,2.9204154636275352,49.83477930199267,11,-0.011018302029553641
1300000305000,37.7783233126497,-122.42267342210414,37.778320076230465,-122.42263074025529,0.5390588486271104,358.57999720493046,35.139533039251155,4.0672374093300725,49.93019698163009,10,-0.009870756266851499
1300000306000,37.778330277896906,-122.42267058176228,37.77836651535442,-122.42270696934646,1.1559830303404106,22.23812624281277,35.04773256111867,3.0889932579860697,55.04284274601092,7,-0.000577476005718225
1300000307000,37.77833712231184,-122.42266772943522,37.77840785279897,-122.4226683608908,0.6244515497770058,7.198376410364183,31.11374337702486,4.356994900170184,50.74283130742845,11,-0.0020655678108650708
1300000308000,37.778347491184036,-122.42266398709836,37.778375983399926,-122.4226412665184,1.39667780291308,22.398113463961934,35.92022188906157,3.9296346674147395,42.06170127629048,13,0.0030006054204282312
1300000309000,37.77835642363304,-122.4226614216987,37.77839350118559,-122.42263393117845,0.8291169494710577,17.263638635915548,44.277760949598026,2.362029238891393,59.39771494264262,14,-0.0006941879729366553
1300000310000,37.77836491481218,-122.42265722381431,37.77836752875974,-122.42268312263323,0.16164928143438306,19.876408346766286,34.81208287546799,3.6109831200701925,58.29402267486761,7,0.003558122075663994
1300000311000,37.77837476819798,-122.42265047894271,37.778356780969155,-122.42277109702773,1.1670084281357704,36.21076064713683,34.67453327363522,2.5313692987713137,51.066332095636824,11,-0.008220895075366804
1300000312000,37.77838107783915,-122.42264621700565,37.77828127899569,-122.42266856657051,-0.012259497995684265,21.294620055576157,36.44881249840269,3.2238931649391747,46.28229187364563,8,0.0016720800604256229
1300000313000,37.77838837426528,-122.42264282097003,37.778344063224324,-122.42253934720044,1.1735884933041385,29.820747737989088,43.247840774163194,4.198752508124024,46.98551348812984,9,-0.029437134661103793
1300000314000,37.77839663415712,-122.42264171559601,37.77840749749135,-122.42268868681195,2.127909985600862,357.45094528797927,37.82251677641328,4.402125192993154,53.89168681775536,8,-0.008900639014064628
1300000315000,37.778405710768105,-122.42264159112281,37.778323431081915,-122.42269419733117,1.168064277456512,12.796032846576342,36.66334312775489,4.905751324422906,41.28679941967474,12,-0.007342984690073689
1300000316000,37.77841445280639,-122.42264159731238,37.778426597297525,-122.42263141249708,1.6035541938639963,2.8649393925169306,30.480673425206945,4.623989005366663,41.716372476315016,14,0.0018764051862077788
1300000317000,37.77842260465939,-122.42264033623054,37.77840256292388,-122.42263997967093,1.0797206776180504,340.9894141119615,34.02087166049293,3.7972159321092214,57.460773144893025,12,-0.00044884416818107383
1300000318000,37.77843111425751,-122.4226396375611,37.77838003626488,-122.42267399008121,0.29916629887044655,348.29499607586877,38.61245147761824,5.0357190828288685,49.12465825186537,9,0.002565416686967297
1300000319000,37.778439420481654,-122.42263848906504,37.77841591926582,-122.42263926816524,1.2065372766509623,7.056873113267475,34.11108752763921,2.1128184572371396,44.78365531827232,10,0.0075282954406392915
1300000320000,37.77844640960773,-122.42263648776698,37.778482848683794,-122.42264472500962,0.4154248966178324,28.62632998003002,31.04036044704962,5.789693099153273,50.91806243463675,7,0.0013777927385873812
1300000321000,37.778453130119374,-122.42263446286938,37.77849740517485,-122.42261583865003,-0.03249065775224447,6.046359573874337,31.8782301643273,2.9590285196793604,40.85221516461826,11,0.0010830607034712724
1300000322000,37.77846168877832,-122.422632025959,37.77836483770795,-122.42260993697323,1.1178784591336506,19.974284205399645,35.642220091566436,4.777860414963421,52.06831822107466,10,-0.0023935581670392215
1300000323000,37.77846824034714,-122.4226311343443,37.77846076614653,-122.42268528235864,0.8277375537405636,15.409524892511733,40.11494697267139,3.1898495559037654,52.43703669310229,12,0.018167354216200318
1300000324000,37.77847426156313,-122.42263111741529,37.77851995579605,-122.42259633208596,0.11765304902774776,7.208080322745038,44.996654797113564,4.761197020287,58.85490509841995,9,-0.003511790625051232
1300000325000,37.77848170617822,-122.4226307543038,37.77846881143524,-122.42264175873022,0.8165338097126504,349.6306164905392,43.577237290737635,3.8720822792800975,47.36652310964285,8,-0.00629593023635691
1300000326000,37.778489343189655,-122.4226305513603,37.7784947839532,-122.4226624726956,0.11945061577033567,12.973501012437708,42.401979124762974,3.0084919138037476,54.361515649662785,12,-0.005305376214567391
1300000327000,37.77850122453535,-122.4226300747848,37.778426453991585,-122.42257782250391,2.476755522520045,342.6121399798254,30.885470867802788,5.653219310291455,40.19637518899848,12,-0.01017012709381979
1300000328000,37.77850769977221,-122.42262984888345,37.778483698089374,-122.42263122559547,0.7717994802508276,8.627486073432307,32.15563737661306,2.934602310209898,42.68152580282493,9,-0.005161296092764655
1300000329000,37.778517015164844,-122.42262883846752,37.778608453936315,-122.422646836743,0.7463987484653367,353.96332818563155,40.972477576163314,2.328605741579946,55.16918318934306,14,0.014276049887376532
1300000330000,37.77852592239071,-122.42262864632386,37.778486518988984,-122.4226417931226,0.9675775080821137,358.1471781132442,38.50116197805974,2.2088806001958448,56.51667573566163,9,0.018145940788321803
1300000331000,37.7785312633607,-122.42262872900679,37.77845923174354,-122.42260229078592,0.9748449169997402,6.186666851078144,41.93898911400416,3.2653351794803114,56.64136370135387,11,-0.005189251098775415
1300000332000,37.77853993872918,-122.42262703384714,37.77854741231711,-122.42261788796064,1.3334912506260557,21.282511230625495,34.96181242720828,2.5610713657120634,55.82955150156265,12,0.008667433536842621
1300000333000,37.77854509438843,-122.42262648831205,37.77858452585508,-122.42259264673085,0.01148755577943772,6.629120904941155,38.21256586161093,3.0331012183975896,55.37485966284922,10,-0.00012225616063787329
1300000334000,37.77854752512004,-122.4226263070619,37.77860721564457,-122.42271762434153,0.4654385282007266,7.636710309037868,34.845003370381114,5.967836687469138,40.74474199601221,9,0.005891334622916499
1300000335000,37.778555738745894,-122.42262622977962,37.77852985261379,-122.42256971076856,0.8055705105183033,0.6081344040796625,34.90365432294138,3.930358446299285,42.899593247336064,10,-0.009953767829845231
1300000336000,37.778559616635185,-122.42262600270372,37.77857074041402,-122.42263021417767,1.1783484241289055,346.85792483537415,41.485007532719166,4.557526851676976,48.054454254538705,14,-0.0027161491497443625
1300000337000,37.778567304833565,-122.42262467688941,37.77859452257748,-122.42259694244628,0.8035659092438572,3.8339956688363954,33.925078930657826,5.706209355403509,53.855668677954824,6,0.00684423785888924
1300000338000,37.77857291383355,-122.42262402222785,37.77860537435994,-122.42255415419551,0.426617130298352,14.050210149524002,32.966235940254975,2.105374070480261,56.92328727423113,9,-0.017289345675719277
1300000339000,37.77858265557934,-122.42262335175778,37.77855529544214,-122.42255485938544,0.8361063900017798,359.09433693271444,32.09842260796129,3.790421668933393,54.259230497432085,7,-0.0006273709303231493
1300000340000,37.77859125901077,-122.42262302510986,37.77867689525731,-122.42269167883751,0.5035267302530693,6.4096384735668686,44.240747236726,5.238233249511101,42.661511779078666,10,-0.0036547635955466685
1300000341000,37.77859702849189,-122.42262246755173,37.77856266364076,-122.4225717115637,-0.07329594317615296,349.35202962261116,43.76676916299987,5.533069603788512,59.81343787492183,14,0.0011612161088115406
1300000342000,37.77860230670051,-122.42262238932933,37.77863770030845,-122.42260915335663,-0.03559530870032657,4.367990576342051,43.67256457599214,5.388411804592755,44.00237676085961,6,0.018579077152382044
1300000343000,37.77860655262022,-122.42262250266359,37.77860545705841,-122.42257092653449,0.7180504337628861,349.69401816669716,39.02632958056963,3.474121525112113,53.37757082604593,14,-0.0038969601334414338
1300000344000,37.77861195880004,-122.4226240904681,37.77858259787184,-122.42270301339929,0.3885732885414782,354.2326307979057,31.90109790914929,2.8743779219999763,41.14716750148691,9,-0.0015774077908939574
1300000345000,37.77861736531032,-122.42262657710617,37.77858522274537,-122.4226761152687,-0.24083372451249685,332.21325562216987,35.19163455002925,5.1058411598488656,48.64321109930998,14,-0.004334453273688911
1300000346000,37.77862253036061,-122.42262902554579,37.778593213015064,-122.42261618924067,-0.028430906675417922,345.1698545350262,33.331698289248635,3.046926451009492,54.6101438740928,6,-0.013012535254793477
1300000347000,37.77862864943192,-122.4226312528858,37.77860630587867,-122.42267623427594,0.8022665969983789,336.9665699068562,33.756119108825644,2.731140021333589,41.80652607830009,8,0.010079765049448082
1300000348000,37.77863546311077,-122.42263349442871,37.7785845188308,-122.42265283319905,1.6177502863615612,4.107222197592364,45.39293063272589,2.323600228606487,58.63686256481824,9,-0.01658078260326577
1300000349000,37.778641610193965,-122.42263633572932,37.778676480679124,-122.42256584709293,1.4713963840728792,340.46656439159096,43.19477194432582,4.025987281380109,46.17925744275457,8,-0.006276433707732891
1300000350000,37.77864558079528,-122.42263890311845,37.7786104050295,-122.42252740442282,-0.15825303564443094,0.2711764128173968,36.842998360616996,5.693245928734255,44.347077030751905,9,-0.010945768676230665
1300000351000,37.77864842055887,-122.4226406707653,37.778617669516436,-122.42265015168684,0.1522428108005425,343.76773211953054,34.38923501121234,3.1800232947008356,41.83668255043474,8,-0.0022039188346601878
1300000352000,37.77865511221805,-122.42264648088377,37.778679546747604,-122.42259885755244,0.5583346145794408,311.8055413566292,45.278485006273414,5.064896780056131,52.18726996164941,8,0.006835905207075463
1300000353000,37.778658905318885,-122.42264915538385,37.778653507221726,-122.42264064491381,0.34080317715305153,336.1472960292186,40.530125296251725,2.366653737213263,42.36274752246825,6,-0.013977582428120881
1300000354000,37.778662695941605,-122.42265179319817,37.77859160075984,-122.42260479895751,0.7621752615903699,315.2409519596676,45.18158611547426,2.6796520501203913,57.088920325931404,7,-0.017115323323121386
1300000355000,37.778666280216854,-122.42265519159818,37.77861947974193,-122.42262858350294,0.3873897284808381,328.2657152980909,42.14161972435129,3.233960498586703,54.43019986906851,6,-0.009132620695493148
1300000356000,37.77866779036386,-122.42265689257712,37.77865796250164,-122.42271883130636,0.2763755518367814,318.2280272628707,34.32166977534495,3.112276608400407,41.63571888517369,10,-0.003754019324281876
1300000357000,37.778670880075495,-122.42266084271941,37.77864213068363,-122.42259637111731,-0.19264093045696062,295.58349520901123,35.5267113075998,4.160735878129872,59.936435945711466,9,0.002831321069366156
1300000358000,37.77867369696172,-122.4226649664932,37.77871122108858,-122.4227078767934,0.20431928623987478,316.62946820728877,36.184154469731624,2.261179334835299,58.59205371586545,8,0.0009912120737462352
1300000359000,37.77867711027021,-122.42267151957978,37.77863889016876,-122.4227365594685,1.1614692911911242,290.14650042083053,38.1761083412231,5.298287747005631,59.90543080208767,12,0.0050312463819147625
1300000360000,37.778680147548435,-122.42267844877654,37.77863179119488,-122.42261853942185,0.9055273121177124,289.863604956493,34.37795121492012,3.866432908904392,42.28379765262705,10,-0.0020256350692097274
1300000361000,37.77868227872311,-122.42268407914285,37.77863175141267,-122.42270091164691,1.32869100080626,289.74913390330346,34.24302728301103,4.322379300120047,44.357947773924295,7,-0.002741723127932747
1300000362000,37.77868472523011,-122.42269172762146,37.778705058092456,-122.42264963024881,0.4947897657195026,290.5634279324208,32.68646051922699,3.3768051321295633,49.99817775530536,8,0.008536212413822897
1300000363000,37.778687223224516,-122.4226977543138,37.77871139681082,-122.42267058570135,0.422745533445946,306.7970306618711,34.64732760002413,2.4364780805514754,51.575982312191854,8,-0.004838324502236476
1300000364000,37.77868942540367,-122.42270295116927,37.778605803174294,-122.42275110054929,0.8650226532605397,296.9825464347451,37.29423399204566,2.883420609866511,43.71041008662901,9,-0.012401847126245456
1300000365000,37.77869135782741,-122.42270864711456,37.778722461587236,-122.42278869487842,-0.12758060491685708,299.53284114177177,42.83476105112075,2.8512390555625924,59.016805984879426,11,-0.0006450019861417654
1300000366000,37.778692897138534,-122.42271357669202,37.77873594580206,-122.4226257098269,-0.23201712377795386,287.2078133678665,41.082817666026614,3.11617853383668,59.48062636646107,11,0.006474747348437971
1300000367000,37.77869400194769,-122.42271810355572,37.7786094520596,-122.42268342379028,-0.20928191687349135,297.5899961075978,37.79461933723201,5.729380944967069,43.817492997554254,7,-0.01299371172163733
1300000368000,37.77869505347551,-122.42272284943914,37.778660531904045,-122.4226495754206,1.0301814532503544,282.1973670196134,42.428879556257066,2.981859239718457,49.62739836502912,9,0.019637747414462822
1300000369000,37.77869583236801,-122.42272555148682,37.77876727698923,-122.42273453840714,-0.17585423381915688,300.76175871449396,35.16688120977299,3.6816495881223354,45.53728616819522,11,0.00034321575396936726
1300000370000,37.77869754943396,-122.42273112387575,37.77874785451926,-122.4226689359778,0.6492424046953524,300.674644761598,36.88208173727338,4.185342682098036,50.59892728825348,14,0.008061480918558777
1300000371000,37.77869882709599,-122.42273363922762,37.77870006672895,-122.42264801074825,0.8555315803539114,296.3875222222857,40.034924597322956,2.4348022517803094,49.22191499824239,7,-0.011829026357139416
1300000372000,37.77870199851046,-122.42273945420358,37.77872706098028,-122.42275190442842,-0.21217336297321776,286.7425473633212,39.22137799152852,2.8013917933783237,49.52445680045283,13,0.0012418052288642482
1300000373000,37.778703775013184,-122.42274334117258,37.77880937599436,-122.42275677319061,0.5560225578005116,291.68077618669554,43.59284623537767,4.112382084398003,57.43996476584133,9,-0.007631892702217222
1300000374000,37.77870602328304,-122.42274754449903,37.77873116313172,-122.42274289259177,0.5178659331155177,308.71815431795346,35.2797839161884,2.2911761014823266,59.62355712808885,8,0.003865992068908554
1300000375000,37.77870903482789,-122.42275216877712,37.77864799438482,-122.42275404686889,0.9711073641472447,295.74407263839544,44.84046556280386,2.2625923642413364,41.51998348277376,14,-0.003738327908019151
1300000376000,37.7787125189857,-122.42275658341413,37.77878076593568,-122.42288958451002,1.2411204996221579,313.44412326359634,44.12531352539965,3.579236954630125,40.56913628876232,7,0.0055904147981482855
1300000377000,37.77871307888812,-122.42275744316508,37.778669531943585,-122.42280498880676,-0.9337471026045288,314.0763974683638,37.902366750632964,3.9643433626666553,53.199931759799284,14,-0.003247316411242455
1300000378000,37.77871511815584,-122.42276065805319,37.77876481326763,-122.42274662608502,0.5717676116269039,301.21265087872086,45.02180005032965,2.611801717450713,43.427539569520626,6,-0.008083835610951775
1300000379000,37.77871871442785,-122.42276530313374,37.7787515279609,-122.42275061909919,-0.26688312261096836,306.3646213124127,41.45813115831451,5.198213242178047,40.03018868853575,7,0.005828409625114935
1300000380000,37.77871897051987,-122.42276574935596,37.778763446197516,-122.422752912789,1.4813217683388158,304.1841216787372,40.193658600347725,4.559182233671053,54.35429777200525,13,0.006512650517081208
1300000381000,37.77872123909167,-122.42277008792954,37.778798285740436,-122.4227851592148,0.1199617759072048,300.69184195089736,40.751974737982145,5.357364694294533,56.0874158519606,11,0.010268748916858906
1300000382000,37.77872123909167,-122.42277008792954,37.77864794337524,-122.42287175228478,-0.6069873223631028,309.84742336059116,39.67169578348835,3.541030621411048,51.80187015257526,8,0.007634313960346665
1300000383000,37.77872177088475,-122.42277177961512,37.778718291457004,-122.42276562745492,-0.7015811954710831,300.80591034131743,41.67425831376132,5.303705280923145,49.81189692352673,13,-0.004521764950778996
1300000384000,37.77872270832706,-122.42277575144608,37.778820010802185,-122.42276506509167,0.35894784787628736,292.9102021226573,38.49053888556247,2.1267716267395933,40.88653769139237,13,0.010997746739590102
1300000385000,37.778722771302775,-122.42277594025589,37.77877159039,-122.4228213170419,-0.6236910861108222,291.6972769069496,38.78156231133358,2.1041795099368086,50.04653955124682,9,-0.002196658688253406
1300000386000,37.778723252085534,-122.42277746828438,37.7787321100024,-122.42275983367072,0.4751689676299849,296.93382406783314,35.403117500201326,2.3380304690657527,52.51246704402752,12,-0.0018525850961211216
1300000387000,37.7787233593423,-122.422777901576,37.7786722006858,-122.42276508367489,-0.017901009826544557,279.31775109986665,39.66642477862458,3.85953994754265,57.924351650698476,14,0.017266546899127825
1300000388000,37.778724606767646,-122.42278519405993,37.778729942792296,-122.42281223288124,0.8068714106302513,267.7833776670205,36.54971924936357,4.209638184612434,48.75672069930065,7,-0.0010391179590732848
1300000389000,37.77872531449627,-122.42278909739646,37.77867972043134,-122.4227952810734,-0.12856071306827827,277.6684507888056,37.33994911095368,5.632362811036379,44.61709715815595,10,-0.0032493591074129386
1300000390000,37.77872616586092,-122.42279381395653,37.77865274751309,-122.42275196273505,0.7651129448398487,278.15170277251707,33.554813053886804,5.364630548711098,40.54153101258129,6,-0.00676766787777788
1300000391000,37.7787269501671,-122.42279660298854,37.77875577410225,-122.42278194862469,0.4658064013644253,285.2553438347673,40.60059663254834,3.799043439275526,53.653142027220326,8,0.004365518942460716
1300000392000,37.77872771740005,-122.42279899532491,37.77873098268032,-122.42284556368287,0.6117489028740034,291.459161231168,46.68602391008069,4.314480016138153,56.6540713851797,8,-0.00041976598219307243
1300000393000,37.77872771740005,-122.42279899532491,37.77868904175991,-122.42272063728804,-0.9301745980110864,287.6265598518789,36.05180273318208,3.428286380820787,46.123905854439066,14,0.007531378614160521
1300000394000,37.778728130760484,-122.42280150289287,37.77874787816993,-122.42274342535613,0.09525280089882787,269.3850842034277,45.286752129847976,4.129230803370049,52.340179050438316,14,-0.006627707386452526
1300000395000,37.77872846022441,-122.42280285520629,37.778703265730016,-122.42284369327119,-0.20322707359364242,306.95021632866,32.298856903515855,2.3171380957538554,53.19362245251529,10,-0.004977330638879121
1300000396000,37.77872942145822,-122.42280772355795,37.77881839941244,-122.42284363404355,0.8490909622443767,289.91487692589203,38.52124662964707,4.069417587722431,40.46649496745305,14,0.004713375639358574
1300000397000,37.77873112471856,-122.42281287540722,37.77872959609634,-122.42284454420867,-0.06087389725169223,299.7806751879834,44.90593492361169,3.1672112774131023,44.998353559935424,9,0.001801382964502161
1300000398000,37.77873258558634,-122.42281884353102,37.778811439996964,-122.4227895615621,0.5368143650110443,288.5610318820793,36.52079067837382,2.9691831405550166,53.965327707543764,13,0.00750293417320951
1300000399000,37.77873388118878,-122.42282332998043,37.77869324108374,-122.42278942555204,0.07793469016153087,285.72757120525773,34.52435548378938,3.3312663530950877,59.996280261911515,12,0.003302845413930519
1300000400000,37.778734182504174,-122.42282468040433,37.77876484996244,-122.42279522883322,0.49498113909697283,294.1142541676655,41.861470904667634,3.4667578621563413,45.98988223155135,14,0.003161029916329851
1300000401000,37.77873421026957,-122.4228248299854,37.778826395268396,-122.4227892120187,0.059906383243752394,267.8352927781409,46.21720220906417,4.54377710575748,58.49113824814453,12,-0.011085903606687264
1300000402000,37.778735315601054,-122.42282895934376,37.77874887015017,-122.42289320412281,-0.5218068991722191,310.72370895055707,41.39004862775143,5.314500419152049,49.63648522096325,11,0.005578878622161902
1300000403000,37.778736138259106,-122.42283214865115,37.77879296064046,-122.42286019516646,1.0273079706043386,275.1531571860716,33.312319384058156,2.741101420864144,42.26915990139763,11,-0.013641340925489536
1300000404000,37.778736138259106,-122.42283214865115,37.778649221665695,-122.4229277194827,1.0548684816883618,308.64431569440274,43.185495883326915,2.867925881467239,49.83190064689734,8,-0.0008294708846662102
1300000405000,37.778737191190565,-122.42283507075342,37.77877254792778,-122.4227931761775,0.5382223507550223,298.8778771033778,32.02880549097645,4.404468469400795,46.28215610295805,6,-0.0009268754797870588
1300000406000,37.778738758370814,-122.42283875669054,37.778740277677386,-122.42278797082058,0.8290033846815668,291.35392783002897,40.057596112025564,4.898027753816928,53.54798124318868,9,0.004230134893477919
1300000407000,37.77873952476975,-122.4228409514071,37.778777774868615,-122.42278618573509,-0.18693747767206123,275.5080281139889,44.65560503983628,3.802093953372349,40.39453354366108,8,0.008217522820207516
1300000408000,37.778740067478076,-122.42284259057558,37.77878345073898,-122.4228625947833,0.2342636612704037,291.5519104701712,38.35343390241622,4.7875636400865496,54.49797233635761,12,0.0038461315808831767
1300000409000,37.77874016555963,-122.42284285852575,37.77862735305374,-122.42282614065186,0.8392275151847162,295.0378372747385,35.18878544427085,3.803026622408089,55.86915597192151,7,-0.00015444518096093126
1300000410000,37.77874016555963,-122.42284285852575,37.77871798542265,-122.42282354247656,0.8419873321268919,289.5324948597938,45.03560687860873,5.573394615516733,48.16301658731242,12,0.004471158257309642
1300000411000,37.778741617714886,-122.42284620714614,37.77870811655085,-122.42277037372082,0.285186385799569,281.097948699317,34.18679077725444,4.928785604577255,54.88607700282567,6,-0.0018042624079035409
1300000412000,37.77874202779993,-122.42284732664261,37.77874963600943,-122.42294295007929,0.09506780382945713,300.5782818525245,37.8241296450922,3.900343473977268,56.84685991151483,9,0.005909412029191208
1300000413000,37.778742448737596,-122.42284855936538,37.77864542206774,-122.42281143834691,-0.1598930750232688,285.0323012708547,38.74498470037944,3.479447641009381,48.38566901953434,10,0.016303737821002376
1300000414000,37.778743878206456,-122.4228540174997,37.77868935277308,-122.42287092937308,0.3384638439752233,291.40950745387846,32.29325419164489,3.6025239561671194,53.23709559357678,10,-0.012077083820580505
1300000415000,37.77874422453607,-122.42285729460082,37.778794320571244,-122.42287484369069,0.5061987552349356,272.16366955519555,39.68080477435843,5.196081841058183,51.67483652462621,14,0.010346510089582489
1300000416000,37.77874479656196,-122.42285972218524,37.77875364118426,-122.4228282033334,0.06546574940699942,292.0322397353528,40.83311506053381,3.2211026479279896,55.557556937604936,6,0.004580149828483309
1300000417000,37.77874521134943,-122.42286160443454,37.77869081062236,-122.42284005030574,0.43810103449045357,295.009420293847,38.00417067420104,2.574775973338131,40.633260338752315,14,-0.008093401721545539
1300000418000,37.77874612822106,-122.42286649669146,37.77873346735271,-122.42290898196057,0.6828338639030529,285.67007208189943,32.27593913574918,2.149432707247402,53.78548878656334,13,-0.00489705972413172
1300000419000,37.77874704490317,-122.42287179563975,37.77880195855606,-122.4228456887451,0.7956232270464686,286.9407246325199,33.3842086822989,2.8899429560953513,45.29294122032338,10,-0.006102970203611727
1300000420000,37.77874798487216,-122.42287516419397,37.77865600653286,-122.42285493388353,0.9097618228424077,295.49824702221963,37.593262945282014,5.425502646390918,51.91432404879247,13,0.002929270136284783
1300000421000,37.778748529036555,-122.42287780359909,37.77873795760588,-122.42279529081004,0.8491988785547542,279.3773308634947,38.04825595784579,5.949543837151823,56.48905104721681,12,0.005283180048813367
1300000422000,37.778748529036555,-122.42287780359909,37.778737045874394,-122.4228653425574,-0.04358854269135983,294.6507629788354,45.36723146470006,2.6944371978696497,50.707950750241785,10,0.0038101963367845088
1300000423000,37.77874887071688,-122.42287932132699,37.7787582196876,-122.42284011340166,0.20544048470949,280.76099758569575,37.23104674799946,4.708408781466723,53.24274589121528,9,-0.0008124362065897916
1300000424000,37.77874903835003,-122.42288024624116,37.77877422732334,-122.42295436724254,0.1101268870304276,286.6099482810071,42.48765644426901,2.681547785363584,56.21588246916083,10,-0.0068988714762010074
1300000425000,37.77874934022229,-122.42288160041713,37.77884485734737,-122.42290432770083,-0.5234384694006005,311.6994214811597,40.82744083585153,3.283766880475007,40.73603274060751,13,-0.0016818579320716405
1300000426000,37.778750258154986,-122.42288467521485,37.77877794721471,-122.42293328890662,-0.02434405445830845,272.1851769921789,32.149500990633115,4.627750148203598,50.66141724225396,12,-0.011913436529259816
1300000427000,37.778750258154986,-122.42288467521485,37.77872088408162,-122.42288722195387,0.5166043224118634,301.85826875529904,38.44977727884578,3.564424238791112,48.5456086407078,11,-0.006553731512994951
1300000428000,37.778750258154986,-122.42288467521485,37.77881315565213,-122.42279930254031,0.42057925233171034,281.3048638116857,41.610086438517584,4.570396088796155,55.41306165032639,7,0.007878165484578379
1300000429000,37.77875044502624,-122.42288627012312,37.778707511606335,-122.42297254104203,-0.41754189576278333,261.2059922947303,36.143655780353804,2.971839783398883,59.41172459201867,10,-0.0008135453401938606
1300000430000,37.77875044502624,-122.42288627012312,37.77877225438101,-122.42290172020807,0.4553176842403829,287.2185265280542,42.5091533510698,5.384630432298571,48.48805803089964,6,-0.014104321142767993
1300000431000,37.77875044502624,-122.42288627012312,37.778829018178804,-122.42288853908356,1.2317470217666504,271.18251643302983,45.46444607862869,4.1407698245119064,45.332631952785505,12,0.005439410505339247
1300000432000,37.778750516580835,-122.42288910759132,37.77880438232491,-122.42291439853544,0.902532747367803,291.37687262016215,35.47006467537409,3.7947946759587454,52.56599398165456,7,0.0037354578686901252
1300000433000,37.778750693463216,-122.42289054037636,37.77879124794705,-122.42282118238815,-0.12632603535348952,284.1699367672411,40.200014594849335,5.793342212853851,50.60496482842023,11,-0.0005925292377656083
1300000434000,37.778750693463216,-122.42289054037636,37.77863911658128,-122.42283450180267,0.32008272842440777,278.45988602411813,31.565556050169686,3.4065045700440315,49.16073130991705,6,0.007044634244849718
1300000435000,37.778750812077284,-122.42289198631559,37.77874576195142,-122.42284136496039,-0.9195404787055461,278.0228152757356,40.82108808385348,5.387578998155515,41.236889098853965,11,0.00010919041392544538
1300000436000,37.77875105369685,-122.42289453387261,37.77872168494353,-122.4229097208871,-0.5421839358055657,273.70410236443166,38.96423283116628,2.2702549260580795,47.908696710788945,6,0.0022078828062316704
1300000437000,37.77875113017385,-122.42289519857539,37.77881737358742,-122.42290046901641,-1.007366537058867,278.39221103888184,36.97663338514258,3.9964962567394973,51.49828438338081,13,0.0054243808152065085
1300000438000,37.778751310460834,-122.42289762963752,37.77879334288474,-122.42287144121953,-0.39586201776294294,266.9914186572776,44.794181118953865,5.533482687731581,44.13782180922827,10,-0.013014367849657265
1300000439000,37.77875138596139,-122.42289838703361,37.77876444127047,-122.42289123831704,0.04162395128631024,283.52689998681444,45.3166841868818,5.940232461943259,53.44365677217538,6,0.012228217451576342
1300000440000,37.77875138596139,-122.42289838703361,37.778791108043805,-122.4229393244335,-0.31347688444967853,290.57437651979427,36.2550070226229,5.1284293708543975,49.98026207866624,14,-0.0013256463200407211
1300000441000,37.77875138596139,-122.42289838703361,37.77871890513707,-122.42286109550025,0.4542688385363421,258.6931414572312,39.12074111452187,2.6311391428004183,46.02165591364532,8,-0.0036926401131533127
1300000442000,37.77875142369689,-122.42289867006781,37.77878313792241,-122.42300418841941,-0.859813575445816,285.15092354200374,32.44646869870977,4.564991727475277,59.523815027276015,14,-0.0022092753358233406
1300000443000,37.77875159415417,-122.42289953536591,37.778756344287295,-122.42284589418918,0.14202227988163413,275.9676269117052,39.053949043233985,3.4814550258689723,48.428371218612305,10,0.01293079202649886
1300000444000,37.77875172359653,-122.42290193957727,37.77866756325618,-122.42281537534163,0.3133035122826936,273.871778342882,44.23225872784594,3.060428656967006,51.92170696003706,14,0.002697618142978306
1300000445000,37.778751721796986,-122.42290206690669,37.778768924103886,-122.42288410166542,0.12089881187620491,276.1767805556591,34.01079041390864,2.0658547315775544,57.70507222451664,7,0.015214963386864013
1300000446000,37.778751683891755,-122.42290346584811,37.77878704179329,-122.42285963670085,0.05218812958564213,279.9649042615135,31.68942454788931,5.008203268569751,52.18972405087955,10,0.007672219143979693
1300000447000,37.778751683891755,-122.42290346584811,37.77881135462101,-122.42290487781227,0.23562936171073284,272.74259231001446,36.817769634234736,4.262167054675344,52.70156765527562,9,-0.004804513701809957
1300000448000,37.778751683891755,-122.42290346584811,37.778778053318135,-122.42295533597034,-0.5608160083060546,269.8757874935219,33.891856520435525,2.101037919519133,48.92553159956913,13,0.010340167510189676
1300000449000,37.77875168288186,-122.42290349478723,37.77880201807806,-122.42283601825575,0.11999387375249718,243.79532676661955,35.163158533950465,4.065544174266645,41.52195735293984,13,-0.005743784814077683
1300000450000,37.77875168288186,-122.42290349478723,37.77866506651526,-122.42294748532375,0.13303567108035758,268.04607345684553,44.71102656124812,4.777664485378631,45.96081179165896,6,0.004917695141922763
1300000451000,37.77875186383262,-122.42290557864033,37.778733193224475,-122.4227948376666,0.24552105734707386,270.5488922393033,43.91144758095646,4.694765898045905,49.477327195550515,10,-0.004393184902390332
1300000452000,37.778751952667896,-122.42290683600261,37.778744827148046,-122.42292451282158,0.09409638866355077,283.4540654798514,35.73832898353243,4.37351037051594,48.663307428728864,8,-0.005110370343907983
1300000453000,37.77875205164175,-122.42290764931292,37.778735564523515,-122.42290447512873,-0.1335502032850167,280.6910946023953,44.23688989657459,2.4059175624401736,54.74503328482305,9,-0.0013273076421678567
1300000454000,37.77875199803537,-122.42290858564257,37.77874754592939,-122.42290826329898,0.2024070433126296,272.6773483393184,43.27940369159989,2.8592919553797005,47.519444357683255,7,0.012500294786670002
1300000455000,37.77875142249125,-122.42291327276739,37.77872255267881,-122.4228927603852,0.6398845315756192,260.03083700193207,45.34099683024815,5.586844275133923,56.7378129345606,12,-0.01005766601851303
1300000456000,37.77875142249125,-122.42291327276739,37.77878823076521,-122.42294215655525,0.07280689604841084,260.5556161738409,38.503180958281895,2.1517012235970796,46.777331167592955,8,-0.004016796054574463
1300000457000,37.77875142249125,-122.42291327276739,37.77870186221382,-122.42292968453252,0.08918828649162623,263.44364128947944,38.390527654834884,5.238757978577609,56.64144850695661,13,-0.007829618254507014
1300000458000,37.7787513375579,-122.42291381467653,37.778757596288486,-122.42285319651258,-0.39117069437748814,240.35084140216526,44.68745698889611,3.2825776065461603,51.96323744832798,13,-0.006084260474910056
1300000459000,37.7787513375579,-122.42291381467653,37.77875499519356,-122.42298538538965,0.04145892281384628,261.3819659624231,43.71069526382483,3.333482058266335,56.842499928813524,10,0.005214863565351534
1300000460000,37.7787513375579,-122.42291381467653,37.778758534419616,-122.42294793418426,0.11103546442360294,275.0032718319047,44.79457602052403,4.144462680714414,58.187174948853965,14,0.009083867272506145
1300000461000,37.7787513375579,-122.42291381467653,37.77870395134202,-122.42295813781277,-0.12993018911247475,269.6427984018795,35.622289208159955,4.296735401230343,59.0518855652235,13,0.012036665308800994
1300000462000,37.7787513375579,-122.42291381467653,37.77882129905414,-122.42291914312315,0.648546195850909,262.2008957509874,36.95890580856662,3.616702985081455,55.614588814844495,13,-0.018891907612192005
1300000463000,37.77875126620311,-122.42291425627627,37.77873996001679,-122.42291088976968,-0.7857130990037674,263.9905249049081,42.24620645666783,4.369432778274539,55.49945595424586,8,0.003309320798859304
1300000464000,37.77875126620311,-122.42291425627627,37.77867932349486,-122.42292463102179,0.3057548508855152,246.0780620439831,39.70099060923003,5.9724204152699105,42.044604272782834,12,-0.0016709454666931252
1300000465000,37.77874995910759,-122.42291950767259,37.77879002415851,-122.42290494688002,0.3217787620165443,244.8774543071446,31.040002512768076,3.424337239309033,54.248710547745304,9,0.0034421103947270405
1300000466000,37.77874995910759,-122.42291950767259,37.778749792535294,-122.42287183369459,0.05585155316705544,257.47933513899454,43.508295419057355,4.16345994979952,52.497080796899255,7,-0.006750501329274638
1300000467000,37.77874995910759,-122.42291950767259,37.77874511202971,-122.42287961447566,0.37396347031533067,253.61248793501147,38.11362002992654,3.715470784556263,49.04313451131743,10,-0.0015843516936328678
1300000468000,37.77874995910759,-122.42291950767259,37.77874516553509,-122.42292801470583,0.22858729764896457,254.71298704661265,36.1443926922117,4.837579014815773,51.132018473613726,7,0.003546060780906016
1300000469000,37.77874978257104,-122.42292003695056,37.778769554419235,-122.422908603032,0.10092839673818793,254.90716849078837,41.459319161716564,3.1279937236374695,55.36104334326698,6,-0.00514729681639655
1300000470000,37.77874978257104,-122.42292003695056,37.778747120418934,-122.42296354208004,0.7191768138964421,236.49788564670263,31.587715687475246,5.167089177059136,47.26324626834855,6,-0.0012230708463514632
1300000471000,37.77874978257104,-122.42292003695056,37.77871110759192,-122.42285392598455,-0.7000944750486355,239.88350544943916,37.22588238152835,5.118284808370177,55.580159500859224,10,0.0036823814069285588
1300000472000,37.77874978257104,-122.42292003695056,37.77867882329564,-122.42291096167469,-0.9773601960135292,263.6277840368147,38.45252341440389,5.522514794413818,42.407934853985566,9,0.013073138130527566
1300000473000,37.77874978257104,-122.42292003695056,37.77876495516767,-122.42304200741273,-0.3794282770922594,253.14532861693615,34.32588789814081,3.847054299121994,57.99746297189705,9,-0.0035126972119725163
1300000474000,37.778749011132426,-122.42292387147921,37.778673100797164,-122.42294124209461,0.40786880990154295,263.2802440776608,41.6368948573288,2.3650506970675935,44.81946349306855,10,-0.005270637342165731
1300000475000,37.77874872388326,-122.42292611047169,37.77880470926952,-122.42297145974061,0.5677911567283751,269.756235995219,43.91906819005512,4.819198717010137,50.64558410896764,14,-0.01859505329169106
1300000476000,37.778748333498584,-122.42292908096636,37.778700640450495,-122.42287967343134,-0.06797518595103058,250.8238201326058,39.27608047146904,5.987808830637237,48.32650897975293,10,-0.006363322574799402
1300000477000,37.778748333498584,-122.42292908096636,37.778705852797486,-122.42295880090516,-0.026055559900338622,266.37536125322436,39.58705775863418,5.420211297167297,41.559619039481674,13,0.01148545623120288
1300000478000,37.77874838739432,-122.42293167132688,37.77869929240967,-122.42296555599096,0.29901098785080404,281.4817849077138,43.60081764615057,2.750857500648331,56.570891372854604,7,0.004243035681904168
1300000479000,37.77874836799536,-122.42293283268769,37.77868021411196,-122.42295810609451,-0.49820149098122307,265.45479023595016,37.46361540663725,3.5575563690107295,42.59783758692262,9,-7.594695422807378e-05
1300000480000,37.778748202767915,-122.42293461748115,37.77870957283993,-122.42302241852938,0.15105218525808167,255.2315872557861,31.56856211220481,5.730880015936499,50.2154306899509,6,0.010683020548545473
1300000481000,37.77874801643343,-122.42293699985741,37.77873383516082,-122.42301016612964,0.29678882909769677,260.83158359965404,42.25226510921539,3.331065283338757,43.74557363713921,9,-0.016135546081623323
1300000482000,37.77874801643343,-122.42293699985741,37.778631636231296,-122.42291038407238,0.5092512290612174,281.30488470092536,43.73346535818479,3.582149508409053,59.39123925986458,14,0.007368163957388555
1300000483000,37.77874801643343,-122.42293699985741,37.7786257550589,-122.42297700124679,0.18127765205580895,259.80376821706955,33.02289152012086,5.3760699604365065,52.901960060513694,12,0.025844414391941854
1300000484000,37.77874757307087,-122.42293897483852,37.778711779824505,-122.42288055829935,0.07100989782293314,257.20901574525243,32.58936838498409,2.601767001972279,45.14475258672891,9,0.0033731024315319423
1300000485000,37.77874757307087,-122.42293897483852,37.77879174291299,-122.4229912132215,0.3426705930958046,246.71369004437236,37.44128822315306,3.2252375955396815,56.38491975345015,13,-0.01946543424882439
1300000486000,37.778746447204114,-122.42294224115496,37.77868142521128,-122.42293906261665,0.8190232463134406,272.73560144599605,33.90485985462326,2.3782809313714233,40.66269426759711,12,-0.0038656761212891044
1300000487000,37.778746002411125,-122.42294352104642,37.77874218545692,-122.42296030516633,0.15904082402813746,248.65141135812024,42.12625034782187,3.4059100589113447,46.02941624803195,12,0.005680211370167146
1300000488000,37.77874598504664,-122.42294357188541,37.77881751288742,-122.42300095427068,-0.2610127860787443,237.30619753956,36.218736337314596,2.0391969814716995,51.57456303174395,6,0.010505018033454954
1300000489000,37.778745763013376,-122.4229441911542,37.77867959258421,-122.4229370421406,-0.0704116254645194,244.19871151735254,32.81969730075269,3.967734369242205,44.78159416276331,7,0.010852292283512652
1300000490000,37.778745763013376,-122.4229441911542,37.778723845205064,-122.42297660478171,-0.10871530246656974,234.9928361459498,29.276539371125022,5.910141834319054,55.92437591044502,6,-0.007711536957052485
1300000491000,37.778745763013376,-122.4229441911542,37.77870860538932,-122.42294382986258,0.49304616323076056,255.06384487561795,30.774011153358217,5.806692818141644,57.393170191937955,11,0.013540786402771754
1300000492000,37.77874501020315,-122.42294676562493,37.77878960858225,-122.42292496951556,0.4015179127076127,246.56128420280766,34.55419940677147,3.876240051511412,50.85032572622173,8,-0.00562624308897242
1300000493000,37.77874408120467,-122.42294976177864,37.778767274842934,-122.42299415439847,0.2635274349021813,247.64852686951457,42.388049931888574,4.840091621919193,55.84526316931732,6,0.006805139680328144
1300000494000,37.77874327866519,-122.4229561026372,37.778774161707524,-122.42283283281235,1.3221470349979907,267.3630259524461,34.676247312285604,3.65711855524819,57.68527956892616,9,0.021356436348658765
1300000495000,37.778743261757654,-122.42295625240808,37.77886808261079,-122.42298558029412,-0.9233944517609373,257.30232925083635,31.11024096448145,4.904863443862352,41.02027926992272,7,0.01557357827770239
1300000496000,37.778743261757654,-122.42295625240808,37.778824735518796,-122.42291687822654,-0.4281529376414711,284.75441008325873,43.2047120237408,2.437352973018497,50.63398319023348,11,0.0031750954489443107
1300000497000,37.778743261757654,-122.42295625240808,37.778738309522566,-122.42296011334017,0.3697100486855004,267.2137538396177,39.301135231618815,2.829652301767913,58.56626295837835,6,-0.0062872576377822845
1300000498000,37.778743261757654,-122.42295625240808,37.77873316215989,-122.42295171907989,0.46099919360128916,251.96450838642613,35.22404167667186,2.6399012856823254,40.95748228652434,12,0.010427724292882933
1300000499000,37.778743205351354,-122.42295650051801,37.77867076405692,-122.42294779389199,-0.4218307017975302,248.22908831682034,39.51265772692324,3.811470938629482,56.16390099036375,14,0.004506402199882386
1300000500000,37.77874288961688,-122.42295777621676,37.778657181382506,-122.42299352343862,-0.1556935490432787,239.68548414923276,42.50851508510924,5.358207242404777,41.04440336495562,10,-0.005661835864587315
1300000501000,37.77874277630748,-122.42295817288309,37.778740294228946,-122.4229603454937,0.3174942804212193,253.64902159745623,31.53271323338807,2.0950568238080263,51.87165352800114,14,-0.0177230379655655
1300000502000,37.77874223073188,-122.42296111856658,37.77867726095871,-122.42295991972945,0.6748500559430939,254.04394242437954,37.1783888846163,5.1894446859309875,59.77068881895908,14,-0.015119019194387816
1300000503000,37.77874222393949,-122.42296115358458,37.77877349171096,-122.4229527823998,-0.11415532471305825,257.9570568140147,39.933663969560605,2.603716555593662,48.44310825756886,7,-0.005293139508695654
1300000504000,37.77874222393949,-122.42296115358458,37.7787026379751,-122.42298025505298,0.717794585319339,266.2353378407816,43.47022378976739,5.442946668484437,56.075027897626995,11,-0.027458464061446017
1300000505000,37.77874222393949,-122.42296115358458,37.77871307676976,-122.42296278429289,-0.27341003864580327,255.1318959968391,31.88600299891097,5.217286276426688,51.52208583195727,8,1.7383133982868646e-05
1300000506000,37.77874222393949,-122.42296115358458,37.77866458991244,-122.42302523604033,0.062381921771827935,250.10734555985437,35.58858605719754,5.991111905949451,52.342329449553276,10,-0.002822036832723828
1300000507000,37.77874222393949,-122.42296115358458,37.7788477316157,-122.42297563986537,-0.31413761678433944,255.53040516317373,30.75114784935678,4.623760642564749,52.07376599970125,14,0.006596371562128862
1300000508000,37.77874222393949,-122.42296115358458,37.77878016541694,-122.42299088833359,-0.12562493604045658,271.4271101081858,37.23065628720187,2.757246435494934,53.22212851223193,10,0.00036665324940036645
1300000509000,37.77874176120308,-122.42296486654296,37.778706264691024,-122.42296271369925,0.35101724216683994,245.77103818650988,36.36027918463954,3.4362439086489998,40.72668174067013,7,-0.000316793481704281
1300000510000,37.778741557983295,-122.42296773307584,37.778749115334904,-122.42294898554195,0.5015816822478479,256.1759111954467,38.79880605124883,3.514323782787625,50.425403951293895,13,-0.0005473169881959383
1300000511000,37.77874099342275,-122.42297168087131,37.778807147988154,-122.42297107495885,0.7126363798286135,257.57894636094017,36.334681778086484,4.094677892388958,57.47318443067631,6,-0.007062355406331578
1300000512000,37.77874099342275,-122.42297168087131,37.77869460216904,-122.4228835067287,-0.2560903809651548,268.9306459561349,31.9529929143577,4.00741016823387,43.92399301077377,6,-0.002860075900773466
1300000513000,37.77874099342275,-122.42297168087131,37.778836323356884,-122.42303923324008,0.13934161579685045,263.508191059957,35.1596590483498,5.330841569030445,41.74319639376648,10,0.007017211910530349
1300000514000,37.77874099342275,-122.42297168087131,37.77868938467803,-122.42291227336054,1.1638577254287472,251.67602075909528,31.06268933087971,3.6912739280968014,48.604553459614266,14,-0.004012901109794126
1300000515000,37.77874092270448,-122.42297314874426,37.77873205463032,-122.42294857289394,0.9956292156929267,266.0654860122432,31.63188055020539,5.594965283845623,50.83798161542266,8,-0.007649258629797177
1300000516000,37.77874080658604,-122.42297539710884,37.77865828766626,-122.42297535040896,0.1305015768816617,252.42463900782187,33.248045900376695,4.962628510599355,48.12925743007471,10,0.0009062243435209842
1300000517000,37.77874041802841,-122.42297891429777,37.77861349247211,-122.42307348225512,0.7828353764742035,268.01667135109403,41.185982702727,3.33073490800445,54.315780638483986,12,0.0043805051713779455
1300000518000,37.77874029700064,-122.4229807742306,37.778790801539664,-122.42295809150762,1.0534613825051082,253.27654595836552,35.66706297468961,4.019868950917709,40.48675619634395,12,0.0024012479606467874
1300000519000,37.7787398268294,-122.42298597318687,37.778744111934,-122.42300458999766,1.493013648994806,258.7803702684564,28.59318520325597,5.826199478204589,47.77626979307844,12,0.006031689611453255
1300000520000,37.77873976668672,-122.422986788197,37.778653073637706,-122.42297522516168,0.6595184041202241,275.66329938196253,42.663126596736404,5.066827935661852,43.114028238199275,8,-0.007393383603346329
1300000521000,37.77873976668672,-122.422986788197,37.778657736626464,-122.42305747286682,0.03223269681944906,268.92904129427234,30.210920932416307,3.603134299047062,41.40361861757516,10,0.016338256206029553
1300000522000,37.77873976668672,-122.422986788197,37.7787970347567,-122.42301599072438,0.16726154614799502,258.29287030607463,41.58229236963935,3.6374522709374864,40.72991642096291,12,-0.02232014663061493
1300000523000,37.77873976668672,-122.422986788197,37.77873223693129,-122.42299211032359,-0.13796735904754176,262.08681466884013,36.63330867614067,4.932795140306595,44.4647147962975,11,-0.0024565328240295347
1300000524000,37.77873947407684,-122.42298885107557,37.7788110462392,-122.42292004094008,-0.2675234171522707,281.1435561117581,37.59995951055865,3.0952190817734517,48.25431091792554,10,0.005230105443053507
1300000525000,37.77873947407684,-122.42298885107557,37.778771303415255,-122.42301010700741,0.036896771829363725,282.2568397976338,38.440606311987636,2.556644899232068,58.1632303147168,6,0.004150346654579398
1300000526000,37.77873965500978,-122.42299263526532,37.7787363268674,-122.42308801435804,1.19083791908752,291.48482524784566,34.25630532208101,3.787979194652925,42.335166696968635,9,-0.008277605517175183
1300000527000,37.77873948402827,-122.4229975622857,37.77874110052731,-122.422983425433,0.4314706299556457,272.88883022445754,33.67210924301304,2.7199052932771135,57.34639185141574,6,-0.014031736978373502
1300000528000,37.77873948402827,-122.4229975622857,37.77871173034591,-122.42292279959518,-0.22904015156389904,286.56111402802884,28.70258013817173,3.134612892952158,50.89946956043743,13,-0.003860737260302818
1300000529000,37.778739595108796,-122.42300136742817,37.778744484414254,-122.42301624733804,0.782006856250147,260.1168248033399,42.576738443403414,4.094635760972794,53.209898788812666,10,-0.011677572246286164
1300000530000,37.778739595108796,-122.42300136742817,37.778736545859694,-122.42303867312872,-0.7804794604568296,258.6358737129697,42.42050424055247,5.123543449455967,57.7745972989056,9,-0.014554471754590488
1300000531000,37.77873967482762,-122.42300424802447,37.77878155066125,-122.4229881258295,0.8534979862201523,258.4610078146167,35.060389732771156,3.143463522974494,48.2904655485036,6,0.002277891281792801
1300000532000,37.77873997386832,-122.42300905144717,37.77873180294627,-122.4230794648768,-0.2545959710427912,285.0147410543663,35.732405125372495,3.417352851337473,47.602047583882374,13,-0.013199289247759954
1300000533000,37.77873992458982,-122.42301129751984,37.77878110236441,-122.42300399534935,0.3050945954756691,264.74615715988733,33.15490955048091,4.024534877893893,58.667161916374916,11,0.005030075704499802
1300000534000,37.77873992458982,-122.42301129751984,37.77878595620436,-122.42301904146034,0.30207515867369605,268.97502379971695,30.914481838156263,5.559307364584062,53.17131004666362,12,-0.010836456424200837
1300000535000,37.778739863065304,-122.42301219646359,37.778748901195655,-122.42302508400128,-0.16195783024783733,247.9252185079099,29.34024393744996,4.362343136008207,54.694430632124075,9,-0.0025959023269771214
1300000536000,37.77873967050522,-122.42301388536404,37.778674022088516,-122.42302427357706,0.3633001400118421,260.22880652591624,42.16659556002254,4.814024959062991,46.54239035189701,6,0.0019402260112390045
1300000537000,37.77873921639853,-122.42301575495657,37.77873119256323,-122.42304949165761,0.3511233156643757,236.06693606565295,28.378595400631564,4.930994500572903,54.06869716852741,6,0.009749452408931665
1300000538000,37.77873869560619,-122.4230176208904,37.778643391873885,-122.42304342951279,1.221918031837974,233.9492375334068,35.73968191764495,2.7932293801228294,42.43600934191876,13,0.008834064935562758
1300000539000,37.77873807069473,-122.42301973923834,37.77867773961366,-122.42305687745822,0.05927968064778458,236.1779834415474,38.256392404680376,2.807399853143039,44.4367792125312,6,0.0006310768913335985
1300000540000,37.778737332773225,-122.423022661504,37.778773853689884,-122.42300935623528,-0.5410480245118151,250.11808328622567,41.67070267081973,2.2443535907176604,54.95535299638357,13,-0.003244500525861257
1300000541000,37.778737332773225,-122.423022661504,37.77876207741269,-122.42301918356146,-0.13514946826675284,265.87606827889914,38.63954725923541,5.070615918487265,54.16099591997654,13,0.006513487898510583
1300000542000,37.77873659354347,-122.42302462896441,37.778736433099546,-122.42304893097501,0.6929731505228731,236.82620497882434,33.86677647675832,5.450499348393681,47.597381646897134,9,-0.007644024032711162
1300000543000,37.778734812936804,-122.42303046299183,37.77871969127895,-122.42300423854024,0.9008612463884862,242.91490894278937,28.724827840686537,3.3606990489635433,57.10198213426248,9,0.007508283371242061
1300000544000,37.77873422717833,-122.4230323246228,37.77869725713102,-122.42300867108585,0.26243106774063,233.15940343552649,28.83405902390306,3.253366481279726,45.43789693460903,14,0.004975630106608551
1300000545000,37.77873371990835,-122.42303416088424,37.7787080793042,-122.42294604372826,0.08246293946031148,256.8952940567276,39.474359538361604,2.8501090696495552,59.70830015928124,7,0.0005086324030629578
1300000546000,37.778732639842026,-122.42303946945117,37.77878090241789,-122.42299451383575,0.8718740106874712,245.32476864010314,42.13781304364781,2.805676995966358,41.94013804681202,11,-0.0010728162969264787
1300000547000,37.778732639842026,-122.42303946945117,37.7787564738049,-122.42304039106614,0.4318000370701875,267.07806743181993,39.92584527287433,5.393258518177942,57.80915795043376,10,-0.006542348269056946
1300000548000,37.77873284104575,-122.42304533626674,37.77866428022107,-122.42309785652755,0.014253527280026379,269.54623009465513,34.72710841495273,4.229163823169911,46.600079598434995,12,-0.0019705274967720607
1300000549000,37.77873289463805,-122.42304716508728,37.77874283728018,-122.42303440675983,0.47718934462274076,285.94722464698833,33.09059299264807,2.9443301888544258,42.071271910461846,11,0.011096419423654769
1300000550000,37.77873308326013,-122.42305087656345,37.778740081401615,-122.42311023118705,-0.054664524457634533,282.7422423419236,30.811187915654248,5.188530943606626,59.389709686901085,11,-0.00804974089808803
1300000551000,37.778732997104115,-122.42305452134262,37.77881543077778,-122.42302155348465,0.4748070694307205,285.72681510310184,36.13880273355499,5.629661876659133,45.44100083136652,11,-0.0012734837833955537
1300000552000,37.778733277204836,-122.42306016165331,37.77864539961736,-122.42307584379665,0.3328661477009982,265.571783738722,34.429592765535766,3.2499533839893076,58.80180799147956,8,-0.00642700685026925
1300000553000,37.77873318135649,-122.42306314266891,37.77869402487954,-122.42300225782023,0.4598301377250176,275.538694066482,38.27293577393213,5.07736442425604,56.159627925839615,8,0.00015641581467328594
1300000554000,37.77873284925551,-122.42306523476461,37.77878153054732,-122.42311960804025,0.6270027974287731,258.6489239417182,40.448938647630236,5.648324074758902,52.02020413811547,9,-0.02599432598838804
1300000555000,37.77873218426885,-122.42307189089215,37.778676637657625,-122.42307446783927,0.5249964674142931,267.2432451971811,29.34116269760662,5.284711219567743,51.642340738138046,8,-0.01445993811732224
1300000556000,37.77873218426885,-122.42307189089215,37.77885146535046,-122.42306158440218,1.5474897559140424,273.9247610858526,31.739585137618544,2.321125685981586,44.28755223334218,13,0.002262591367038733
1300000557000,37.77873185992521,-122.42307584536805,37.7786729127141,-122.42310717172029,-0.35750809451441823,260.7560181433651,29.63268288843248,3.03636256230372,57.15042904212358,13,-0.0059476180869427065
1300000558000,37.77873180895821,-122.42307679516142,37.778733265065476,-122.42300718682142,0.25033290499471134,283.0200497403557,31.46794267296781,5.657140155411179,57.284115534800335,6,0.021785433835808193
1300000559000,37.778731418096434,-122.42307911485314,37.77875939547433,-122.42293782632811,0.7846504959406629,249.8516875846629,31.006880800868288,2.481906543295473,43.9410755907606,10,-0.00014686640672729063
1300000560000,37.77872842201441,-122.42308701478915,37.778772473871534,-122.4230353369253,0.7068043299148281,261.43802338138465,28.935176034500596,5.65225163664088,50.2172656492956,13,0.0001771183675508163
1300000561000,37.7787267155571,-122.42309059151572,37.77876247598134,-122.42313102390769,0.020529965868479105,242.48027801504801,28.926750214086663,4.06269561216617,48.40540592910551,8,-0.004199333017868325
1300000562000,37.778724754837846,-122.42309471457463,37.77870165096103,-122.42314922094965,0.4807396119049155,237.80117106326287,30.02890501818269,5.565834028632068,42.520120472826626,12,0.0018970256081197933
1300000563000,37.77872455974868,-122.42309504043136,37.77877022009896,-122.42311057381073,0.022248706858492465,239.32232632836207,35.35823330030906,2.7466155225941016,46.27734439435871,12,0.0065941110441207415
1300000564000,37.77872307817091,-122.4230972424315,37.77868534554652,-122.42310540557402,-0.6102500098209146,255.1099489149867,32.368924692473,5.583835048164993,41.769506009344475,10,-0.005009157216963928
1300000565000,37.77872010423839,-122.42310066598355,37.77869335538126,-122.42312368304921,1.6132344197054989,213.2232841793498,41.199946729946035,2.0386418303912888,49.85845898111487,7,0.0021533671167723416
1300000566000,37.77871691035535,-122.42310445374451,37.77873974247841,-122.4231711608025,1.3144540648905751,221.37141186556195,28.79215279296195,2.455780813159655,48.704365798014905,7,0.009122741795416736
1300000567000,37.77871334626281,-122.42310874820052,37.77878882511071,-122.42308297558995,-0.3337127260542798,201.6457453837992,33.73414287374539,4.932828183228611,59.04349865555055,7,-0.0019436009109602634
1300000568000,37.7787104095811,-122.42311200031159,37.778699001019234,-122.42313649757781,-0.5363191911966995,201.21476726092405,35.71931839549177,5.7809517601626546,47.45491482685924,9,0.0020249736382637966
1300000569000,37.77870713683485,-122.42311662823505,37.77866261975824,-122.42310146404711,-0.048973292130084056,232.51631654530308,40.11163311727743,2.8678619126178417,51.22455298584765,8,0.0050731416783309224
1300000570000,37.77870440078944,-122.42312169694922,37.7787648893848,-122.42299904712944,0.5376461629770679,228.15043884105174,42.16929196697184,5.034821029055248,57.559223208234,10,0.014324043736035044
1300000571000,37.77870397014541,-122.42312258590907,37.778640730143785,-122.42321626762603,0.3028618487565351,228.39202637258552,42.12646798268661,2.645316532316376,57.2519855870763,13,-0.005367786354532473
1300000572000,37.77870120746805,-122.42312667792623,37.7787931165425,-122.42313008336075,0.49061770775104263,221.9693718418769,40.951886013617816,3.434622115269713,44.75799672832005,14,0.0010206955308044473
1300000573000,37.77869714644906,-122.42313163497342,37.77864794231464,-122.4231287736227,1.388837954290422,221.3856919501758,38.24307567227235,3.229467822198499,51.09799429651981,10,-0.004554712321437749
1300000574000,37.77869339606278,-122.42313655005209,37.77872544348512,-122.42313632898811,0.5128078179311113,213.6380064126255,33.45704382439908,5.491715088185739,55.50036890443123,10,-0.01089462129158546
1300000575000,37.77869063768278,-122.42313978920646,37.778736972244054,-122.42314305715816,0.5311489835038318,222.1683054877979,32.16607672771193,5.11342865454569,47.39260789094081,8,-0.0011211551976278088
1300000576000,37.77868831808048,-122.423142289579,37.7787275697832,-122.42313059777601,0.7033642849297981,222.64422837107546,41.126097826303095,3.599505203965267,55.41267293512035,13,0.007374899305388469
1300000577000,37.778686502993054,-122.4231445800493,37.77869785312494,-122.4232015400423,0.34334898987037116,229.05472021438575,36.83051837681148,2.3494656599419748,47.9844822588975,14,-0.005566862200902855
1300000578000,37.778683518602435,-122.42314869773813,37.778685995080025,-122.42314921773158,-0.21617301926033322,232.9293184138674,32.82171720289404,5.934730423027949,51.03957813153238,8,0.003655878781365225
1300000579000,37.77867954662051,-122.42315562738524,37.77859688759544,-122.42318167435508,0.911466134293542,230.49230241711678,38.73118095876405,5.670716715807055,53.05870100582475,6,0.01774164819263309
1300000580000,37.77867874279251,-122.42315692462545,37.77863970181062,-122.42321138568595,0.5841981185809545,233.89563289636834,41.423492294778825,3.480204919945149,45.770813210563134,6,0.0064219755451634586
1300000581000,37.77867682315239,-122.42316093188512,37.77871305538675,-122.42317824205193,-0.16575368280059255,231.7679519673719,34.739048958676534,4.529769398971702,51.397340588457055,12,0.007202216809572571
1300000582000,37.77867518984334,-122.42316399669403,37.77870835830167,-122.42325626705495,0.6038719014887552,229.23599026098796,43.282107828673475,2.5027170217685857,41.01962715857641,8,0.0028363906984716046
1300000583000,37.77867230812924,-122.42317131175903,37.77862041406396,-122.42330125787183,1.469367982621169,238.8342269208999,36.75699268514934,4.010854360023162,44.84401902970836,9,-0.01993972188697527
1300000584000,37.778670497865235,-122.42317601532768,37.77868784681623,-122.42316610424461,0.03473739553122401,254.2135932861205,41.839800301271616,3.3219652588909345,58.3855753589159,8,0.0017603019869110845
1300000585000,37.77866829701946,-122.42318078697008,37.77868089856889,-122.42320499598277,0.18913378618643817,230.31203783343108,35.79111337170011,4.700708449507513,48.72407693927506,11,0.006387985731843566
1300000586000,37.77866524933001,-122.42318564810054,37.77875279527213,-122.4231752966619,-0.05087183778908977,216.93420655744964,33.61952453584366,3.3908836691337814,59.09364984436591,6,0.0032179953725866195
1300000587000,37.77866128516756,-122.42319164025714,37.778640365109574,-122.4231538909033,1.0285404084946894,240.1909811115239,30.963803298685452,2.1723156063327025,43.18600028127128,13,0.0014478619555432623
1300000588000,37.77865815341345,-122.42319616465585,37.778632160550046,-122.42312819364288,0.5135046143550012,223.4115441358665,34.167109622054355,3.2363727413066408,49.80538755717377,14,0.018299862487528254
1300000589000,37.77865811219218,-122.42319623406108,37.77861194004377,-122.42316143045885,-0.006684755591606429,256.8693806581763,36.70328361406722,2.4385367836713705,51.05184346631137,12,-0.01242967188668927
1300000590000,37.77865409631872,-122.42320286152359,37.778604132395174,-122.42316875145417,1.179235227554405,224.75973361791523,40.700360044946386,5.907129695045867,45.58566838881812,11,-0.002772546202174508
1300000591000,37.77864995191357,-122.42320919140467,37.77866869933165,-122.42320975211258,1.224162316593782,227.87706530984664,30.218900637634047,5.190070864884827,57.93049463619191,11,0.01070791230846043
1300000592000,37.77864691413952,-122.42321483572107,37.77861169708257,-122.42314759770122,0.5295756435149493,218.39630333747465,38.1550058093036,5.827497454408642,57.428522014301976,10,0.00358812327947732
1300000593000,37.77864463989682,-122.42321888812192,37.77869837508972,-122.42326046274188,0.5651455983043018,234.1346031655175,40.43425482391856,3.8799281811085318,49.14246066598814,12,0.001703210314739125
1300000594000,37.77864055797998,-122.42322543740468,37.77860919302692,-122.42324583599554,1.1164801685214296,235.56658364584248,38.24102305706997,3.860924000224209,43.01509788139451,12,0.004732514785040518
1300000595000,37.77863666303387,-122.42323237559081,37.77871336281763,-122.42329891578513,0.8303583382549959,241.97885800404228,39.22949897688906,3.05218246378618,51.023812120795995,12,0.0031311485512659945
1300000596000,37.77863342100752,-122.42323765720464,37.77865430728042,-122.42322002727359,0.46347312941652763,239.93087355809507,40.785700548304156,2.7010645239281352,52.224894369457814,10,-0.01231915802265511
1300000597000,37.77863011782415,-122.42324372896447,37.77864303700547,-122.42327062320194,-0.10186333047849583,233.93361780155456,42.01946388396627,2.6863164938433832,46.9140742172666,14,-0.016326788832730595
1300000598000,37.778627297795545,-122.42324837467295,37.778569776367405,-122.42322870245142,-0.9482599053645978,244.96262367685395,29.957325165244974,3.6636416772431883,48.438619221749974,6,0.02133220210429062
1300000599000,37.77862351012909,-122.42325436932069,37.778639965838394,-122.42324004340716,1.0056490689406827,233.6021576839499,38.213621782271154,4.914949334984363,51.484594786458146,8,0.005316167517573975
1300000600000,37.77862124607987,-122.42325805179763,37.7786235221787,-122.42315592498593,0.4768725271779617,238.27346261582815,31.02802582643679,4.7056719940630085,54.321494009627834,14,0.02899309504526889
1300000601000,37.77861657248895,-122.42326516174396,37.77864817661912,-122.42331113480316,1.110525741593153,231.5480739776352,32.21188282826116,5.332553440374674,41.32115980267999,13,-0.008992188729731131
1300000602000,37.77861340332272,-122.42326997150926,37.77858786095781,-122.42326423800779,0.6072419653439876,231.14600930090316,29.740846057674016,5.286003384795736,40.49341062454336,7,0.003777319444042286
1300000603000,37.778609220925595,-122.42327732503384,37.778536539431784,-122.42328419621903,-0.024745195195054692,232.84143367656966,29.643641292656934,2.7667613602450962,45.79360456501074,12,0.0016350724366334412
1300000604000,37.778606839362695,-122.42328184552598,37.778620600442636,-122.42321356917974,1.2450863285162073,242.4489055119319,29.789870250857756,5.8787948666229335,50.661599699053774,13,-0.003946961357120412
1300000605000,37.77860380339364,-122.42328816783154,37.77861079275598,-122.42330124974892,1.7151982229636848,247.07693392161212,34.976510408312805,4.400658557805475,40.263190445993786,9,0.0005897949469097253
1300000606000,37.77859995813294,-122.42329525763314,37.77861215275097,-122.42335956967868,0.21675718158532575,243.2854416841508,30.23260157654947,5.211290917863199,57.738457473331835,14,-0.012094821924121636
1300000607000,37.77859789676879,-122.42329973982521,37.778648179276914,-122.4233824726997,0.31228689258270725,241.56964277204634,41.47944869398393,3.3351654086506777,51.53076645531415,7,-0.003113302846304087
1300000608000,37.77859456535391,-122.42330806737198,37.77854758332227,-122.42330620573499,-0.32449645881065625,244.85890879107652,42.78608006669168,3.209442616090806,59.95384995703561,8,-0.01185748193476904
1300000609000,37.778592120327374,-122.42331579232724,37.77847303282049,-122.42325227726221,0.31995869546112893,244.91964809244945,33.76053788587216,2.3130883771343047,57.82053915513306,14,0.008770602570505945
1300000610000,37.77859030814604,-122.42332060884674,37.778614059496164,-122.42332777267733,0.6726735045565181,250.01666230716808,34.155335672583554,3.820703189286365,51.44169862353067,11,0.009834652126115895
1300000611000,37.77858804992386,-122.42332638523179,37.77860834554987,-122.42328662247105,0.8743890077188349,228.22335637917658,35.19876258368613,5.361455353912701,49.856935284475725,6,-0.00037031825098155684
1300000612000,37.77858466475119,-122.4233364021388,37.778560811935904,-122.42334000576258,0.6989045513294279,231.7462141062606,36.029933174750596,4.725609232428672,43.58683598061097,11,-0.006764551365952014
1300000613000,37.7785805944163,-122.42334687055505,37.77858912432637,-122.42338399175533,0.6602403157832317,240.40207438168503,43.81991271802077,5.915289695048319,56.592349075239184,6,-0.00892978594117568
1300000614000,37.7785771681603,-122.42335526033386,37.77852477911981,-122.42329397763669,1.0615043833109978,253.69599959072283,33.28736665899764,5.826700057517097,41.25505849813494,13,0.004366911706329011
1300000615000,37.778574579302585,-122.42336552635071,37.778469269441985,-122.42347579575605,0.7347588926017148,260.5580517621227,31.48508426127931,3.664536159055346,55.62432119708697,6,0.004140525858780006
1300000616000,37.77857343589796,-122.42337590333064,37.77848879032554,-122.4234024352118,0.3297216016757688,259.78683981815703,29.848085490236475,3.7100735423629065,56.58298587446018,10,0.012646078793049622
1300000617000,37.77857317651021,-122.42338672897323,37.778575294567204,-122.42337831825435,0.8981240206430396,263.9624894668655,30.173699857576015,4.877168627153993,56.62215417243234,7,0.002553297608243186
1300000618000,37.778573711306315,-122.42339982891889,37.778642846827054,-122.42344827122601,0.5710514630896816,272.2677446212217,42.177926432443144,2.6212912930911543,49.56531183221519,11,-0.005646654327741184
1300000619000,37.77857350821354,-122.42340670618714,37.778554032294124,-122.42339122348598,1.271980812648975,275.862686610885,34.31463321114507,5.477190858328505,41.549895635293154,7,-0.0020831460225681658
1300000620000,37.77857357802462,-122.42341866413247,37.77861427492013,-122.42337165873903,0.30579025217998046,284.7154134453916,36.93721529388783,5.799666476228461,41.20959267765219,6,0.014205244455017052
1300000621000,37.77857339504184,-122.42342832703446,37.77854367844326,-122.42343649655172,0.7313632951581431,272.97301755130513,37.14912799396802,4.659252764035584,59.5649471366536,6,0.008189169967940071
1300000622000,37.77857246498211,-122.42343839614165,37.77856969303097,-122.42345444025723,0.256434270373318,248.9140211995658,35.913008692850944,2.4449789020735158,53.52249206975396,9,0.002884290097280287
1300000623000,37.77857119050396,-122.4234483400749,37.778611018540154,-122.42346851161422,0.3515721533835253,262.3965813798398,32.0489672332497,3.080150806434432,57.173005097383644,9,0.005864574156646852
1300000624000,37.77857000161491,-122.4234582481893,37.77857666060916,-122.42349145152531,1.2306069088764608,264.60379352696526,40.06315596984494,3.4868971124068047,56.980081841912735,8,-0.0034953521551317856
1300000625000,37.778568723850995,-122.42346628804638,37.77854163993356,-122.42347210241907,0.9178520621412289,260.04263585435666,37.47670372655189,5.3822740764803,45.420933685606386,9,0.0007937986496396359
1300000626000,37.77856650240508,-122.42347745815066,37.7785232372869,-122.42349827837496,1.6354475216698632,257.2349098784305,32.515311023663656,3.4661106988417387,59.07536104291701,12,-0.025705477447717295
1300000627000,37.778564408616894,-122.42349223580244,37.77855978221065,-122.42350276703017,1.1426420177715304,255.61452996722468,41.214000039058995,4.577457858834943,46.70547837838616,6,-0.0020258459706105013
1300000628000,37.778562956176586,-122.42350328524725,37.778622061281226,-122.42337269524603,1.6171353321703723,249.71060642466318,41.90303477165118,5.607082902527628,43.19419668689787,11,0.004284566940065554
1300000629000,37.778561654873776,-122.42351460544548,37.778483122144095,-122.42355546025127,1.055652515272903,279.74838459575363,33.39846030380373,4.769539588938702,48.822690905420274,7,-0.00863431359126128
1300000630000,37.77856059436966,-122.42352450882248,37.77860356090773,-122.42351302414976,0.5900026097950484,248.61757604494454,31.421589066829934,2.6085316487853074,59.71479838544418,11,0.004781388570523409
1300000631000,37.77855886012626,-122.42353569842436,37.7785730424759,-122.42352893410515,0.3554897879781469,274.6850467333768,42.36048752997584,4.723311384389721,47.95773621593743,11,0.0005153598616200101
1300000632000,37.77855573217421,-122.42354791642063,37.778507276560866,-122.42344715094721,1.5394877402306242,251.9213969565899,37.85839411039966,3.4335630388159055,50.562029944163186,9,0.012446573135481226
1300000633000,37.778553265866684,-122.42355852223912,37.77855234718023,-122.42360770197868,1.2050873968480145,256.79678227996857,34.14622731245826,3.073088019151586,50.51246592632408,13,-0.0019818681328028693
1300000634000,37.77855045076485,-122.42356890735549,37.77854024899251,-122.42357089934949,1.5691384847162477,259.5211873825508,33.17792004799206,5.538898054498724,44.427485993280754,14,0.0066574624217447375
1300000635000,37.77854545629887,-122.42358031461366,37.77849806928063,-122.42361581389379,1.1096606486855218,252.65896410190223,31.073675730715806,2.018889310241244,52.473385421112425,13,-0.008620038032627121
1300000636000,37.778541330550276,-122.42358902023318,37.77851435879478,-122.4235764250534,1.0048352456248546,231.89179363631453,35.05242889945754,4.7782690932160214,48.96116221687734,14,0.0014282201138297935
1300000637000,37.77853526737546,-122.4235994220123,37.77847245301042,-122.42354891945959,1.148188819265684,237.53188537025002,34.17938445220027,4.642398987721265,49.167999266037725,7,0.01854082804224693
1300000638000,37.77852911348682,-122.42361145036017,37.77842553730745,-122.42364880009721,1.1476090855778995,233.86678675553983,32.88812602817983,4.637269574660945,58.85957042764953,9,-0.002429182276295045
1300000639000,37.77852286428732,-122.42362497709364,37.7785304261092,-122.42363633409187,1.7788777235441837,222.45462190681516,37.08708532896489,3.814617130590694,56.90636641924871,10,0.01928967251939639
1300000640000,37.77851825888973,-122.42363601817472,37.77857048336224,-122.42359389481123,1.2276398854452106,230.32852832801177,39.05553642996211,5.627320173217126,57.62637669140955,7,0.007777448265567142
1300000641000,37.77851175408041,-122.42364963552832,37.77859342153348,-122.42364977779502,1.4067029043511754,236.17963569989348,31.377773742010824,3.5836956740839985,56.97684294986455,9,-0.0019387269772281742
1300000642000,37.77850618439403,-122.42366317826841,37.77845061546664,-122.42366031230505,0.8649523433734864,254.31557304142643,40.005722229346695,2.024311643556816,50.06686487203563,9,0.014406500691047415
1300000643000,37.77850246962154,-122.4236728611487,37.7786098378798,-122.42371241888763,1.252435364323667,234.37730792004928,44.03098263920917,3.944228087025795,52.44487459884815,13,-0.008438046191264538
1300000644000,37.77849862858308,-122.42368202378763,37.778574943919736,-122.42360644841426,0.7484412287910623,243.5907931849514,35.46227897472275,4.853866622602881,40.51749121831568,8,-0.019014500970683797
1300000645000,37.77849363425626,-122.42369287741673,37.77856480800796,-122.42371433761247,0.8387286936826794,234.66214493284258,34.27767802202395,4.635197327221071,42.20638284295701,9,0.006443100365470613
1300000646000,37.778488243406805,-122.42370702176859,37.778448960087175,-122.42372109627502,1.5606986358518216,250.0753207123759,32.280158642299206,4.013570218669209,56.553852680196854,14,-0.006085447575230559
1300000647000,37.77848328581482,-122.42371876302559,37.77845517323357,-122.42373369555096,2.0069810373621735,240.09275899271077,36.308125484442996,5.442848295527544,40.12900314582612,10,0.0006483258669032221
1300000648000,37.7784789613256,-122.42372969217102,37.7783820434547,-122.42368112402681,1.7869515090493562,239.56475548072015,40.93298765774882,5.404869814975597,41.29321201815206,8,0.0021365433038758796
1300000649000,37.778473987934845,-122.42374572894539,37.778483545896684,-122.42368743223813,1.2326179239593946,253.26441449039842,32.53783975998215,5.257213868736777,41.081681108293594,12,-0.005154283973612978
1300000650000,37.77847163549748,-122.42375988135146,37.77845195535129,-122.42376910663752,0.909590725165788,255.04370228188844,42.58555197931855,3.7893912298974333,43.53463345608332,11,0.006056107127342385
1300000651000,37.77847121155724,-122.42376851068337,37.77847930109164,-122.42376818142414,1.0424938506625976,272.90388592721064,41.03421420514734,4.536531239151219,56.4753829573659,12,0.01058949547892726
1300000652000,37.77847140438574,-122.42378326086984,37.778429678483974,-122.42375793345556,1.0802234980930774,251.0663198368677,36.72922440058773,5.231942573455045,53.47292991001845,13,-0.012109957142037615
1300000653000,37.77847001601957,-122.42379848356039,37.77850365954298,-122.42378869442085,1.2960482747461506,246.07619548097267,33.569197213341845,2.2802164057675034,46.83594994643095,11,0.0075733052267224245
1300000654000,37.77846798403959,-122.42381302254701,37.77848514344507,-122.42377376174814,0.138486318610191,260.3784247068117,37.039882490859455,2.375850795644879,51.0310818339245,6,0.0021491515919240525
1300000655000,37.778465296780006,-122.42382802584916,37.77840809062602,-122.42377306330806,1.2465554195458202,244.67475046133922,38.384718870079844,3.8661340063888896,59.944583089669855,14,-0.015300342422461831
1300000656000,37.77846440845022,-122.42384229971547,37.77846211405294,-122.42387420765489,1.5315405860153097,277.45780513273587,33.17451067173013,2.1143514780684245,42.63052325778678,9,0.0010599411730431902
1300000657000,37.77846313444031,-122.42385377044276,37.77847736866536,-122.42386506099703,0.7504922534973721,259.194314443587,35.40769892482878,3.770586817791277,40.56479544591993,9,-0.015343512015253915
1300000658000,37.77846197756861,-122.42386753923219,37.77856239964642,-122.42387013377584,1.0281972041195067,252.87771104683594,31.21955204485466,2.883356424327994,57.16520327445549,14,0.015892094802117125
1300000659000,37.77846100835896,-122.42388012775469,37.77846579740132,-122.4239046795487,1.2456369249683783,254.4424170765781,31.26639484364232,4.781075954909289,48.332160476097414,7,-0.0019491040331659916
1300000660000,37.77845921197235,-122.42389270967676,37.77841219152249,-122.42400500917776,1.0522773115954338,273.4929012050819,41.582768606969,4.2446681823495105,40.66914318667012,9,-0.02012664141892308
1300000661000,37.77845782152712,-122.42390472409305,37.77844200837453,-122.42394464963658,1.2634516618400553,266.91894301030993,39.865879301424485,4.709561498606021,53.4905219254824,11,0.003872797734156859
1300000662000,37.778456412277244,-122.42392077479803,37.77845485110395,-122.4239612444838,1.3495170736983852,275.52855968887775,42.26274878966272,3.5373374955282935,52.999722460295885,8,0.0033880928329268595
1300000663000,37.77845374462074,-122.42393585219176,37.77844706485631,-122.42392383062489,1.3524240877141178,248.76936456438864,35.91597400399493,3.1058316510725223,53.18511380037096,9,0.004207767058048286
1300000664000,37.7784524630793,-122.42395007608556,37.77836038948465,-122.42392819129661,0.9890120951650574,260.9510389453391,40.32222859423316,3.08713307299877,53.492931187082434,10,0.013842690859567852
1300000665000,37.778449247693,-122.42396343549974,37.77843266884824,-122.42394832732836,1.6864462777136948,248.2649521143758,42.104750815886426,3.6508649700158027,42.42641725475376,7,0.023063270790042396
1300000666000,37.77844508139449,-122.4239780049523,37.77841041594976,-122.42396416435105,1.7473315706951489,231.1410758719761,32.89514139299882,3.491974610510533,52.877463012664485,11,-0.010368806642209509
1300000667000,37.77844137038052,-122.42399549095059,37.77842834473246,-122.424041106503,1.6438967178353654,257.00744655822376,42.2556920879288,4.980789794264053,48.98605390880097,7,-0.004426708822064626
1300000668000,37.778438197962565,-122.42400594901632,37.77854424608283,-122.42407913120257,1.3903604172574133,249.2781515195916,39.69561917899667,2.7700037613852286,47.11340770250227,14,0.002131265933925969
1300000669000,37.77843384241028,-122.42402173340213,37.77839222787991,-122.42398167790247,1.4712891251077347,231.58637560270225,33.95458542083117,3.4079976268037617,50.78758432836493,10,-0.015357640894008016
1300000670000,37.77842879003443,-122.42403499947777,37.77850068708464,-122.42410887932328,1.1823488509473306,234.36571794354418,37.54037825199999,2.0852315467468183,57.03495882799267,7,0.0028852384248895693
1300000671000,37.778424678226074,-122.42404557547628,37.77848270913329,-122.42394756116514,1.6779148515421387,245.5921956984358,32.15548207844151,4.485769199929686,44.8440518297794,12,0.000297711772195251
1300000672000,37.778418990767946,-122.42405486514666,37.778453165658895,-122.42404026522861,0.99716507888854,237.23520439214826,35.24243981281583,5.801402369432215,40.85767592565852,8,0.009590829191057115
1300000673000,37.778411483848465,-122.42406542301784,37.77841163936938,-122.42405967787369,1.7843557167521351,224.3913191163681,45.27963979305739,5.112910841894006,46.449868197710224,6,0.004844244324217097
1300000674000,37.77840131177978,-122.42407634163386,37.77843403145083,-122.42405687687447,1.881001180432471,219.8621628800593,45.34666521253598,5.816479032332069,55.06499927431794,8,-0.006360186662175858
1300000675000,37.77839053564136,-122.42408711001146,37.77836803965245,-122.4241102025235,1.6985104505877564,235.00531767519146,43.57083713140251,4.290224997848916,47.921378840478646,7,0.004597005634835987
1300000676000,37.77838132420697,-122.42409564787361,37.7783540012504,-122.42405954682548,1.5879117537029153,215.21418575923028,31.971401416921065,2.0091311246505588,52.64241689981929,12,-0.008618566529900737
1300000677000,37.77836871334627,-122.42410595320062,37.77833132026266,-122.42411262200108,1.5148722503882037,223.2945399427692,43.402335338188486,2.4540479392000956,48.02902255379692,12,0.009104741801174371
1300000678000,37.77835605275298,-122.42411795704639,37.77836974783253,-122.42415985430497,1.9440656663094844,208.15171366773725,35.583493873608546,3.1297443087973154,57.475051529354516,7,-0.004840931276801698
1300000679000,37.77834418747493,-122.42412748875215,37.77833369894583,-122.42410528455382,1.725995119174448,200.78219457522457,38.2097335835293,2.3917066220353926,50.71221665586851,7,0.005296626301427057
1300000680000,37.77833413637454,-122.42413658795593,37.77832215712124,-122.42400040928136,1.3088458042847924,217.41788564178535,41.06618317967027,3.6589163894751513,47.09164102047533,7,0.005016621879788106
1300000681000,37.77832292210496,-122.42415016144072,37.7783939335456,-122.42420595269687,1.8789348390337013,230.18992227892366,38.469521959899744,3.867714574871462,58.71561974612548,8,0.002556441355197485
1300000682000,37.778312257036085,-122.42416338750434,37.77827701961049,-122.42417477522683,0.8321497472140887,226.4345537271026,32.367103946960604,2.8398071891683156,56.28054205879569,9,-0.004063311900056326
1300000683000,37.7783006274192,-122.42417579449898,37.77833739566397,-122.42410920884971,1.7840874863015475,235.9037264030025,45.63642201664891,3.9065361705550594,57.02674300979518,13,-0.0031739974824874437
1300000684000,37.778290208906874,-122.4241846493327,37.77826411252602,-122.42420925662375,1.2395168421669212,228.24122956069507,32.28092813446495,3.327266406736649,48.622731723361376,11,-0.010778916077857829
1300000685000,37.77828268866268,-122.42419021877389,37.77820307891139,-122.42412226647019,0.46635347466756405,215.21152764175093,35.29583073716647,5.917423074485148,46.06912936033715,13,0.012864406650761065
1300000686000,37.77826800402191,-122.42420268735154,37.77819670649952,-122.42414844871857,1.5945030330714636,214.8651940060212,37.568527298100825,5.933758891512523,49.53317565179701,10,-0.006120246758001407
1300000687000,37.77825890255275,-122.42421064418193,37.77823432493412,-122.42420986338088,0.373194509605444,216.7673471704734,45.94076623786228,5.25825086358269,58.22529382468866,7,-0.004132623839699081
1300000688000,37.77824809841806,-122.42422184355297,37.778279578992546,-122.42423051496549,1.476254329201473,218.64306236174247,39.065145572079565,4.300489429375073,41.20125539798539,14,0.008854674155028809
1300000689000,37.7782346934503,-122.4242377586008,37.77826678277002,-122.42419074439877,2.4773502855887517,220.9171341593238,35.15244608428208,5.5183646060504845,51.935877263261865,10,0.0036283300296830524
1300000690000,37.77822404582189,-122.42425071494887,37.778212011464255,-122.42428958816159,1.1467507461771318,227.40119957540765,43.69834492511241,5.347165441519248,46.75020382941986,11,-0.02445964414529784
1300000691000,37.77821301122585,-122.42426529927165,37.77824393231129,-122.42422725444703,1.1973087762622958,233.99482416482,41.034979380432546,5.628021876327486,45.636541305047174,6,0.0021932955011534773
1300000692000,37.77820643116305,-122.42427742473335,37.77821024431855,-122.42420733710273,1.952972944117779,231.84088323867317,44.026400005539585,2.1724320300786686,52.34939842335972,7,0.00830911161927275
1300000693000,37.77820127670863,-122.4242900088976,37.778188202192666,-122.42422842623095,0.4354641463866721,227.36776454756907,34.816100362129,4.885325198980215,48.08250220489851,13,0.009250242507432675
1300000694000,37.77819474555602,-122.42430497272062,37.778237482119344,-122.42425491481455,1.5940044469333374,226.0071365618055,36.98481224073144,2.7667842768467823,46.161455169567695,11,0.0013056334307934275
1300000695000,37.77818804579353,-122.42432404760387,37.77824744048854,-122.42437295018247,2.179565525675447,248.8186513488114,39.36774005684262,5.4251701248349224,58.50907866446964,13,0.0013903417773489708
1300000696000,37.77818302649675,-122.42434056499826,37.77823382786638,-122.4243066671973,1.5872115692535544,245.3026698987911,39.87551508326921,4.578255192328526,54.44114301857181,8,-0.0005305850389475522
1300000697000,37.77817951921293,-122.4243567321991,37.778164175564875,-122.42436020540268,1.1732099316872606,255.88091826492538,35.76514095285559,3.227364814130998,48.85478088935475,14,-0.00038749190146947286
1300000698000,37.77817638166849,-122.42437542413612,37.77820476704988,-122.42442829218777,2.2058285046058397,249.06424536518344,42.93177922745951,2.629446040709417,40.9358269245916,11,-0.014202478771557631
1300000699000,37.77817152042892,-122.42439571747535,37.778065058145344,-122.42440272352306,0.7372179876369489,247.39088369179908,32.64480105401954,4.397598715791881,49.90332257314673,6,0.00014001628109012258
1300000700000,37.77816633495399,-122.42440981285063,37.77817608830012,-122.42448148761183,1.3387816722151549,244.48899606581475,43.34848062347943,2.111540203099071,57.64750164181174,6,-0.0041761008560990825
1300000701000,37.77816152869507,-122.42442479102071,37.77817957881336,-122.42443374508152,1.3654410011423093,249.21099928900787,39.65818917827662,5.166188897784327,52.72200474139418,6,0.022096976906753305
1300000702000,37.77815856554233,-122.42444158657875,37.77816616430228,-122.42444773871053,1.5569759334702835,261.8245706559806,45.46038091680303,3.286377053398307,54.006697871772985,10,-0.0025974138597786352
1300000703000,37.77815373370815,-122.42446227577052,37.778142620071655,-122.42443536600155,1.5137951139571122,277.71393231576013,38.44540489660734,5.091227513259934,40.521049347485324,10,-0.00708434628650079
1300000704000,37.778149076471635,-122.42448107613872,37.778214315130946,-122.42442780223406,1.1065070706301092,242.8848860338939,32.37644974080748,2.3371356282117532,43.55579348255655,13,-0.016010563115866502
1300000705000,37.77814176307603,-122.42450332590509,37.77813710119099,-122.4245733919135,1.3751301195463173,242.2289835726889,41.70913322131149,5.985628378965275,58.779528249837504,7,0.01006371955667788
1300000706000,37.778136891247705,-122.42452388226758,37.77812991435093,-122.4245902624541,1.9530482172052464,248.1207552646433,33.13282576658913,4.853238788973336,57.4294029904999,8,-0.003318985531759571
1300000707000,37.77812966624738,-122.42454091773989,37.778117619410054,-122.42464323353428,1.747430253317697,254.9615662049626,33.913577151443334,5.197640019398761,54.38396679982857,8,-0.006722924447349855
1300000708000,37.77811841197642,-122.42455816877509,37.77817011724539,-122.42451624209443,1.7087396118262774,231.50714478284578,46.90247692244012,5.499580790948628,46.49624621575592,9,-0.0030091044939591573
1300000709000,37.77810872823787,-122.42457404318696,37.77809410525668,-122.42460838973963,1.3720236295654697,244.80400309361795,42.188222343516074,3.8358086744669424,40.987214901822,7,-0.010678264406612466
1300000710000,37.77809993174714,-122.42458825088619,37.778058214278744,-122.42461635154596,1.0858383246424579,231.13811655508883,41.897188861088495,3.2560038359953043,54.9382286347777,11,0.009160864314734427
1300000711000,37.77808901844565,-122.42460443409162,37.77808358051857,-122.42460664850715,1.8363981316818088,235.71713355799176,37.0223644866664,4.254586677970592,41.18565085413253,9,0.0046438663702509046
1300000712000,37.778079386141364,-122.4246179801636,37.77816477182926,-122.42461821700174,0.8347492857355924,240.88946979522345,40.11707180799155,2.514352094569886,59.08696584532345,9,0.00922351351991533
1300000713000,37.77806976625237,-122.42463285491249,37.778054731946625,-122.42459864561646,1.250518553486307,222.55785196683095,37.746309749302775,5.457506569079808,51.8359109183107,9,0.005285825892091334
1300000714000,37.77805776800388,-122.42465009748067,37.778088556585594,-122.42475811102462,1.5692182619912058,233.5578850035768,38.66367385340109,2.2037915755036757,51.704040039355995,8,-0.009237742316429862
1300000715000,37.77804635235423,-122.42466363910485,37.77803244681729,-122.42467350707058,2.0940282190676927,212.08845206032584,35.40238060871284,2.083675222941242,55.88770289536165,9,-0.003828961696940863
1300000716000,37.77803505015868,-122.42467502089522,37.77802121281794,-122.42473664752855,2.207607315088159,219.4470751914173,39.42984613270554,4.429871225406496,47.89777984305191,9,-0.010071061936269998
1300000717000,37.778023991377914,-122.42468804994041,37.777995949308725,-122.42460345795854,2.6010308269225133,221.1498466536109,32.475016477130154,4.169119292382671,48.11870688994698,11,0.011138972485050018
1300000718000,37.778010394548296,-122.42470265758632,37.77794957934533,-122.42467609319696,2.649117828415554,215.63957831179903,42.79326494927564,5.970001598459064,40.4620894533962,11,0.03321304591206152
1300000719000,37.77799781909861,-122.42471315253844,37.77799233001719,-122.42469555409647,1.590629672173544,216.9116076892326,42.58642014146324,5.3386537930933455,59.807315686489595,7,0.007403356371098147
1300000720000,37.77798502548595,-122.42472403791771,37.77802094827358,-122.42461543331262,1.6537677724542386,217.21611077184477,44.01896072346475,4.148073515786839,47.462462108439986,10,0.0025494467528040664
1300000721000,37.777972758044406,-122.42473549993431,37.778051567692586,-122.42474281027988,0.9345573564288694,218.3947591680736,32.85899512966089,5.555269930326334,56.62252723506399,9,-0.008983339594883639
1300000722000,37.777960671415045,-122.42474980515892,37.777982764889856,-122.42470499540893,0.9372843651669234,232.05841042001146,39.985104181391854,2.2050172211335313,44.330835863547115,8,-0.011919153506696369
1300000723000,37.77794949772491,-122.42476354313064,37.777908654670995,-122.42483660319293,1.9332306292806731,243.56230823975739,36.1221823246552,4.15603576495918,59.58598056132064,7,0.0041454007250201754
1300000724000,37.77793933055512,-122.42477467854839,37.77797660578511,-122.42476460794903,2.371697790144068,211.68761121238404,34.40252234693236,3.609329782895331,50.93842533809836,12,0.0047317651826061695
1300000725000,37.77792856346812,-122.4247874939847,37.77795126492681,-122.42467376118435,2.5075838128688566,230.51365985912793,35.68823922504249,2.177644168560073,51.44827997873539,11,0.008515241461392545
1300000726000,37.77791848181376,-122.42480111856324,37.7779883999733,-122.42477621802131,0.9780619280507554,235.55143017152164,37.649923326495745,2.5650162001603145,44.703155645105085,10,-0.00520224430886932
1300000727000,37.777905647812915,-122.42481834512418,37.778010128335715,-122.42485593787416,2.178353772361085,221.54827962419813,36.60177024442147,2.066172761004994,46.66825170195474,11,0.0008169130654398272
1300000728000,37.77789325993238,-122.42483484375032,37.777953990320135,-122.42488362355228,1.5747565408105413,228.22825341243671,37.16508419243252,4.093773882914918,40.37728731924925,8,-0.001038492255331689
1300000729000,37.777881410916066,-122.4248513598199,37.77786177300613,-122.42493005313764,2.0343952085005403,219.53278618411977,33.467602887851776,2.1724572092934933,42.151160869398055,12,0.004609356312872565
1300000730000,37.777870778467204,-122.42486599981099,37.777862816990016,-122.42484381793697,1.5839501240150162,228.479002049565,46.18076167448226,3.76353058870036,40.1524893448976,12,-0.003229665249571841
1300000731000,37.77786073845127,-122.4248804445453,37.77791863547774,-122.42483739196221,1.759851638942084,227.29834530839804,40.7314368995599,4.517323968314398,42.48130075882199,12,0.01148267969738677
1300000732000,37.77784928674764,-122.42489422372147,37.777823902090844,-122.42488786841287,1.4601867431736248,210.70161459602593,31.843724198889223,5.8202252247251955,59.57664894799588,11,0.009720133734538883
1300000733000,37.77783753795945,-122.42490575803198,37.77783051378623,-122.42494632536469,1.2036500776894976,223.66034564715562,44.845488941627586,2.2125371454470733,52.61714453038317,14,0.014882886403256001
1300000734000,37.77781980957013,-122.42492067713333,37.77785152658217,-122.42490858610658,2.792659401979162,232.276895828705,34.75738237685486,3.8272644746883047,57.19576754450678,6,0.0005462542314687175
1300000735000,37.77780955348366,-122.42493039875069,37.777863083786386,-122.42496473589122,1.127389311726495,200.02097851687014,34.11552526610133,5.376690368563561,40.56246492137676,11,-0.01852894440018122
1300000736000,37.77779546975256,-122.4249443877678,37.77780661529102,-122.42488335103256,1.7946723613480087,208.30169772230093,39.17217511184382,5.959144044509802,43.310313268027144,14,0.001321890102941444
1300000737000,37.77778483129343,-122.42495708745531,37.77764020530233,-122.42497763090692,1.529307815872461,237.14467462661878,31.674597748391573,2.3170173647904098,47.448031685089006,10,0.011406007541871505
1300000738000,37.77777243440907,-122.42497141052475,37.777789402707306,-122.42501554897683,1.24061857214312,209.96751538389756,44.13867895634647,2.3475940701184785,40.21324382996055,6,0.004222265935611543
1300000739000,37.77776021179418,-122.42498293038624,37.77774460933441,-122.42501021181072,1.4774186234623754,200.55436810905098,32.900143246923726,5.768856835304735,51.49500626734154,8,-0.014901674624245655
1300000740000,37.77774918022596,-122.42499567803904,37.77770038417611,-122.42497633803195,1.326905646309279,215.01906174649716,35.045921741413224,5.937258426848246,41.82244163317016,10,0.0107539538216039
1300000741000,37.777738053607216,-122.42500849330439,37.777739260115524,-122.42507001786812,1.3930506584078386,244.55683057218963,36.57624148479801,2.766957452997923,54.68858768265015,10,0.00034854892469344796
1300000742000,37.777724672780145,-122.42502778418141,37.77778069598764,-122.42499443271585,2.281314448889131,224.57718126785238,36.62137159164649,2.2901862426676796,49.87615697464836,13,0.008069102101380066
1300000743000,37.77771418360715,-122.42504460011605,37.77765768974568,-122.42505816317255,0.9313582596748587,214.24047696891694,42.32593254945463,2.9813892234083714,51.22331347565716,14,-0.0018208161876850826
1300000744000,37.77770691360298,-122.42506239294387,37.777786409752544,-122.42505830193531,1.991805717994964,240.41493804459242,33.57490740760841,3.789994803297076,55.882871771998275,14,-0.019346287432036095
1300000745000,37.777698227714204,-122.42508268722908,37.77774716421924,-122.42508918552188,1.78258384435076,233.5722331912153,44.88656923088351,4.925826740117348,49.545284447890715,12,0.013270451712277165
1300000746000,37.77769121156953,-122.42510268887904,37.77773791975079,-122.42498948593712,2.1918919362287435,252.5294536014222,33.74330363023155,4.794626393651294,55.17361673273038,10,0.005626106387387174
1300000747000,37.7776850087505,-122.42512488127963,37.77764427332079,-122.425133356548,2.2091274493897677,252.29192262771022,41.54721125646635,4.668109902433475,40.885486807844,9,0.012313346754193946
1300000748000,37.777679682024264,-122.42514135398439,37.777667119901906,-122.42509909271311,2.0993275220155567,231.31300614374615,46.08714697930967,5.769600173084013,54.810667111880306,14,-0.00796272136760859
1300000749000,37.77767264656556,-122.42516220951622,37.77765350482198,-122.42503954806652,1.9003534628662313,246.77728215084866,42.41773014145895,2.145555397892927,40.11745671208026,14,-0.00730153121987794
1300000750000,37.777663128444914,-122.42518271715772,37.77766314549281,-122.42516142954281,1.5562469687814806,225.10273837693182,42.74622791182315,4.419185309092903,50.51053537634559,13,-0.00107150912461215
1300000751000,37.777654196454854,-122.42519709537352,37.777651086214824,-122.42510471558062,2.0772827778145144,229.0307437841203,36.16241498203643,2.626411543273437,50.21256330434636,14,0.0069033051523287575
1300000752000,37.77764306313577,-122.42521543043196,37.77762719569173,-122.42521055769423,2.5886197200905805,245.08533198992873,40.15302548767803,5.2345810420186005,40.51319917364229,11,-0.008783187025157154
1300000753000,37.77763170281741,-122.42523708978962,37.777622806450104,-122.42519725445783,2.10672754325622,234.07726316060052,31.46339033955728,5.432601761693817,43.3166400934159,7,0.003945039579671835
1300000754000,37.777622853107076,-122.42525619087493,37.777612272091226,-122.42528562627876,1.6459299381286066,222.75015918936114,41.10278953915984,4.512131704621933,51.30278418210697,13,-0.026405348081087326
1300000755000,37.77761372113634,-122.42527731371688,37.77762709532949,-122.42533292266326,2.483839677517199,249.44514615822283,40.04144082214965,2.3861494492564246,51.90561988794266,14,-0.0023229354763485803
1300000756000,37.777605972148876,-122.4252989641385,37.77752338129711,-122.42534740269053,1.9464288137719477,229.36607351917013,40.35349930877115,2.5953267403159943,46.34807382629732,11,0.008785678015967831
1300000757000,37.77759847736971,-122.42531732717931,37.77762280628715,-122.42531853493492,2.2791799529684256,250.31678651591776,43.47999187457317,3.9351509615923663,49.231304079289444,7,-0.0005394552007479227
1300000758000,37.77758998349829,-122.42533697725986,37.777674847083205,-122.42532269033961,2.567489830245481,242.74134898329382,38.45452862401145,5.6925082166946375,41.27251333284127,14,0.007855458863615595
1300000759000,37.77758371540469,-122.42535399479037,37.77763734044705,-122.42540983994672,1.7229701979246765,235.1040473469242,45.09572696284043,2.7625427331540715,54.38035255558386,12,-0.0015880311170846286
1300000760000,37.77757717374962,-122.42537366412859,37.777529878888295,-122.42544258194509,2.37281096825577,256.1434203305164,38.98786251067439,5.586450664262429,57.062674947462874,11,0.003989798853216039
1300000761000,37.777569817796895,-122.42539469428806,37.77762204819808,-122.42548853069408,2.535948745983384,261.0253411339625,35.1625604839763,5.945085329508267,43.8093638102244,7,-0.0005355444288053042
1300000762000,37.77756417212984,-122.42541767372641,37.77767865352247,-122.4253113382683,2.508362540985889,245.2141951287608,31.379657960641293,2.0727990991832823,45.51575717120892,13,-0.009295454687261775
1300000763000,37.777557015484305,-122.42543827379934,37.77754488767133,-122.42543289413855,1.2221506482209197,245.13323212876074,42.50059620388404,2.5500037263237307,41.136106590571494,6,0.015408457308555482
1300000764000,37.7775485668259,-122.4254598819433,37.77758461842196,-122.42556714535202,2.060953296704302,241.28266452849593,32.72156708439095,3.007783763389197,42.678402896863865,8,0.006270978313787874
1300000765000,37.77754121397798,-122.42547757271097,37.77765618299798,-122.42547802726412,1.6263848161499503,260.5806454504002,42.502363264931034,2.801107258771146,48.1187936575537,12,-0.008839237047302786
1300000766000,37.77753414650002,-122.42549798600123,37.7775856612814,-122.42550594954326,1.7218270664213853,256.05635060406195,40.00663146610161,4.810534127443839,56.03323582278617,8,0.013552199968151392
1300000767000,37.77752698844998,-122.42551867260991,37.77760452448004,-122.4255875312833,1.35807806877748,224.96810117640047,37.83420428224018,4.2576398226501775,49.57458721093319,8,0.0056706276093161645
1300000768000,37.777516427643306,-122.42554186134598,37.77746166636553,-122.42548389576861,1.910840567663276,228.6688270894142,37.88884569250191,2.6997336796469917,43.687580431880434,12,0.0013447757289301162
1300000769000,37.77750839755709,-122.42556147740949,37.77752017859999,-122.42558434553239,2.3854535765425267,235.08579380099562,32.03410215464436,3.9340405728772843,57.06145122869374,14,-0.007610723492631426
1300000770000,37.77750205884052,-122.42558138405006,37.77752165729565,-122.42557931938714,2.072414789701786,235.70797917274655,33.94794729578427,3.8907006954069865,52.08359901083941,10,-0.0020675377303109514
1300000771000,37.777496450868455,-122.425602905649,37.77752466522492,-122.42561712126533,1.8211465376074114,241.91573413636652,40.21070816431319,2.193492551757857,41.46250508632476,9,-0.01149880223033759
1300000772000,37.77749220810193,-122.42562273081748,37.77753168347925,-122.42562041154683,1.7530386984872173,262.7195384945252,43.62600896732417,4.9175884964734955,54.115636221993114,7,-0.004168742810552659
1300000773000,37.77748463640304,-122.4256437299511,37.7774924451559,-122.42559285330422,2.4490066903699312,252.87224253871324,34.04890055137864,2.5050420810337695,57.957847543580314,12,-0.018088804644284
1300000774000,37.777476266932325,-122.42566281596962,37.77741064722552,-122.42563253243686,1.5145686114425916,231.96843310954708,31.723642092678084,2.6192797770163487,45.30948517879038,9,0.0026691580840060404
1300000775000,37.77746968275427,-122.42567944296933,37.777522996375005,-122.42570203731071,1.217504055569082,242.20576817982342,32.64845785092067,3.7476689426853005,46.067293564227434,8,-0.004308097849839332
1300000776000,37.77746162395181,-122.42569955272776,37.777480566968244,-122.42562077831987,2.641513432301762,227.9214148002057,34.12009521435737,4.552453825032261,45.720368439309716,10,-0.023448693172909808
1300000777000,37.77745448609405,-122.42571957898382,37.77739555526257,-122.42564256932943,1.7507052615855974,255.9620613261597,30.820705563177434,5.013645870257394,55.09218115429428,8,-0.008236872594921571
1300000778000,37.77744684511919,-122.42573592246578,37.77748479491023,-122.42580908259573,2.6675652823543583,244.3260118860677,34.105009335039064,5.988789537221646,58.35379402222557,6,-0.014079930983193616
1300000779000,37.777437687073196,-122.42575527310751,37.77746533607382,-122.42581100058194,2.7769662686444985,233.10558472122042,34.907599005270995,3.951183368403273,40.792076898727814,9,-0.004540486017520858
1300000780000,37.77742502629816,-122.42577587835613,37.777451878025545,-122.42580643656757,1.2440832323605568,223.59328442005193,39.90375108695886,5.941780926530452,42.165183670760705,12,0.00018329086700416894
1300000781000,37.77741106743607,-122.42579198803988,37.77739672567566,-122.42571573382872,0.8267345733865428,212.4430262354049,42.228967361096515,4.358547916630702,43.07516639995195,8,-0.007238193929207701
1300000782000,37.7773973219182,-122.42580869391065,37.77747904220045,-122.42581782957069,1.5004749772521988,232.43128812686894,36.99221358897069,4.700263019286478,47.35576609998,8,-0.01477690242127425
1300000783000,37.7773869273496,-122.42582333168467,37.77741548868115,-122.42585192775127,1.8324064354136673,236.62984893128706,35.09136079034252,3.420380413311024,45.66916929878366,14,-0.001691411265499645
1300000784000,37.77737465126531,-122.42584138270534,37.777335153562305,-122.42584308239032,1.9426160531053691,232.4897085375379,35.947158232895234,3.3036102872569755,50.7289962293125,8,0.0061590456052484826
1300000785000,37.77736271977696,-122.42585882518365,37.77728558187994,-122.42587003232204,1.4318886004255011,226.6956096975815,39.21317015897587,4.473815447722904,42.041704762788434,12,-0.03508927540191713
1300000786000,37.777348511952454,-122.42587462567374,37.777310145343314,-122.42588242460653,1.3168393498995812,223.84559408772046,30.1221805334281,5.389717601904836,56.82006551893893,12,-0.0019598639226407082
1300000787000,37.777335586641016,-122.42589176554789,37.77721710547635,-122.42594524742042,2.5093535486541496,221.55475424535308,34.50309464770172,5.566908442103127,52.91936871291573,14,0.0009691081365728617
1300000788000,37.77732483008799,-122.42590592016309,37.77731180209579,-122.42594557810038,1.8915004674259188,211.26174170713506,38.16266610778611,4.391014769883497,59.551384979324524,13,0.012769013733935809
1300000789000,37.77731480877889,-122.42592466335041,37.77732125663142,-122.42593802140951,1.990236452289819,250.4798242000029,42.5883851125757,3.4228961855694933,56.30479076970647,12,0.0010488184242302262
1300000790000,37.77730667124622,-122.42594296123606,37.777246287924484,-122.42587388244802,1.8295854550941764,253.94237628797254,30.942203371113564,3.2010180332051994,42.11609472862396,13,-0.009695544463319576
1300000791000,37.777295336059275,-122.42596042632186,37.77726806387973,-122.425895968257,1.74378878761261,242.61068568907314,43.863643601811,2.218448356329986,48.29415932010814,10,0.019833333754197803
1300000792000,37.77728582409151,-122.42597722639302,37.77736348822401,-122.42593144205732,2.783590502639722,221.82921196305924,33.68051273718981,5.81852144449349,46.988266154746306,7,0.004654326023389666
1300000793000,37.77727208538848,-122.42599613057318,37.777277449955264,-122.42597796426347,2.128283708564492,232.12518678049943,36.88679208818034,4.051857374255745,45.36039588466005,13,0.01316856938304832
1300000794000,37.77726021742337,-122.42601043164095,37.77733698460057,-122.42614102541975,2.2374743756734943,230.9913047129058,31.291701604564214,4.004432166933805,41.17116253890042,9,0.016759067041323884
1300000795000,37.77724816406415,-122.42602433258607,37.777238916493296,-122.425935314218,1.4939718402734687,218.5628220834047,41.41608202315485,4.235465818885595,40.39048225971194,11,0.017082558077494828
1300000796000,37.777234725432784,-122.42603957750472,37.77722588629712,-122.42598367689571,1.5948120535368733,217.1439057392457,41.337986295764594,2.699269646676883,47.94350607951401,6,0.007571606696762179
1300000797000,37.77722321174158,-122.42605358010739,37.77711324903931,-122.42607204607539,1.6764903114035363,233.59134281860966,43.37572484159878,2.698540611059021,44.03628580189228,7,0.005758558461068494
1300000798000,37.77720985161158,-122.42606714821909,37.77724631604894,-122.42609956738765,1.778204290105935,209.56549132757056,38.693362273208436,2.2385615880581273,53.40762267389045,13,0.011368682779640949
1300000799000,37.77719610419918,-122.42607844368122,37.77725113211118,-122.42606914007987,1.8601780960445515,219.63394103127126,43.36797677441588,3.7723856980608175,51.71335503703287,6,0.00643887004593379
1300000800000,37.77717959630166,-122.42609361997457,37.777162477899466,-122.42609138447219,2.7705150373477228,214.66964808235562,41.76898347927796,3.11127798229888,53.06192301867508,11,0.0105563186135606
1300000801000,37.77716399517279,-122.4261079277986,37.777148479961525,-122.42614256146784,2.275054930300317,200.27460737622903,35.6106308237671,5.777993830800611,42.972407059566535,12,-0.01479024324202129
1300000802000,37.77714979245333,-122.4261213749281,37.77719044427223,-122.42604667590182,2.4372894789327657,199.32366155457697,43.05044984958456,2.4214298492367274,51.12635865701394,11,0.013873394249333848
1300000803000,37.777134380261934,-122.42613081848327,37.77709756540744,-122.4261635711537,2.644343238728057,194.61583985020033,33.68535748521861,2.3597466154276834,42.82761073279917,6,-0.01847528344685067
1300000804000,37.77711669930291,-122.42614122843423,37.77707758308696,-122.42612873487379,1.231305798765169,212.94158041759454,35.96054848322531,2.2218259182626263,46.62042864220848,14,0.001171827631144135
1300000805000,37.77709935027413,-122.42614943590023,37.77711520518243,-122.4262096484753,1.6706263806154806,199.62149504270573,41.57904709696176,5.6427702821688435,41.659473869732196,6,0.007480745363911416
1300000806000,37.77708139338849,-122.42615590700692,37.777051080821096,-122.42616867147154,1.3773611218119761,193.72103204374056,38.420398084627486,2.700251226938045,52.04390997976955,13,-0.0027531683348675914
1300000807000,37.7770648054576,-122.42616375714469,37.7770953583518,-122.42610964383671,1.24387727243443,204.18490028499178,34.13040598728371,3.0412738355795828,54.950113509949254,11,0.0031062426167227466
1300000808000,37.77705060383769,-122.42616858170592,37.777004588361926,-122.42616645322366,1.0607526861826464,173.39383264354825,42.546866841207546,3.094987173685574,59.89688815171344,14,0.01568219030859715
1300000809000,37.77703333219283,-122.42617226426223,37.77710880763878,-122.42620160992878,1.998057797493531,205.33450147628986,29.2015996402737,5.975638158832652,41.88625661302076,8,-0.0017932808918527375
1300000810000,37.777016752367686,-122.42617517903898,37.7770495755519,-122.42627258784611,2.0095319495218233,188.24398785590765,41.82149976813662,2.1836049499383243,55.75368751571891,13,0.012147808945426535
1300000811000,37.77699821539124,-122.4261793828764,37.777001507950196,-122.42619643244349,2.539777697132237,184.01136756821828,32.76199135080889,4.2416475568780925,51.703890973909665,12,0.013851678391413592
1300000812000,37.77697884485549,-122.42618184729088,37.77693516332386,-122.42619957997293,2.22380407997415,193.14647463034294,43.742867510819224,2.0861916339631175,40.97986015606932,9,-0.008748528194605408
1300000813000,37.77696275485542,-122.42618614189638,37.77690986716043,-122.42614947460002,1.8158171320691625,199.17399082969874,29.562193810280405,4.933986985903113,44.54263820820376,9,-0.014443884963985479
1300000814000,37.77694533386041,-122.42619380085199,37.776900472008876,-122.42612768990898,2.192179797503949,190.84793779575665,31.121585800661855,3.8177423210149377,47.85019148606554,7,0.001163555065521774
1300000815000,37.776925321975995,-122.42620046894902,37.776853711811036,-122.42626139749595,2.7888978893605456,201.31372494337558,32.94497729258856,3.3275327359829254,42.14857212511838,8,0.002917623626394206
1300000816000,37.776909426372484,-122.42620530803912,37.77697644788838,-122.42616522351155,1.1043666970983086,190.50199900279293,30.828298802323673,2.6368543127979054,56.45865100437106,9,-0.010122105486930828
1300000817000,37.776889172983694,-122.42620965866249,37.77690627672565,-122.42625809547489,1.5857473399385213,175.78112740619784,33.34173076378172,3.8843484381154503,52.11404986121702,14,-0.0013477106936024778
1300000818000,37.7768732152029,-122.42621008489898,37.77692674661942,-122.42615261800734,1.6794955456571252,182.04915397090542,37.542596483943875,2.1715688110327984,52.83486482721909,8,0.005077336611568035
1300000819000,37.776855729817264,-122.42621113761577,37.77694268306903,-122.42623297739289,1.6809183910696697,173.81024983778994,30.672861634876714,5.558031143444835,56.746450769137226,12,0.014628931030305421
1300000820000,37.77683842423328,-122.42621359052784,37.77690375453446,-122.42618572657359,2.2406397916608816,170.71221576393341,39.28688374008185,4.934192971070309,47.18424654828349,7,-0.014701770221179892
1300000821000,37.776821713939086,-122.42621983342846,37.77684419477866,-122.42614239195491,1.2317359349459296,190.12371158764654,35.295304983494084,5.034863226054025,40.06013662965772,10,0.008853229976609495
1300000822000,37.776806192368284,-122.42622399479248,37.77678563984599,-122.42630917830131,1.280065519816519,190.77152477610463,38.70226931363588,4.355102777362548,52.37467334174676,11,-0.01716964894066067
1300000823000,37.77679077013476,-122.4262305785146,37.77682823511251,-122.42622323558558,2.3275390166971817,201.4784547663374,34.63886064873012,5.661207255070275,58.50320700947755,14,-0.0004618842320795261
1300000824000,37.77677621624957,-122.42623930489583,37.77678677313803,-122.42616043516351,2.5198086781110103,207.4488588804225,36.738485171616404,5.88142592128131,55.54258938464261,11,-0.004239400597869515
1300000825000,37.776760212860204,-122.42624933205785,37.77674718030317,-122.42621037597588,2.1048504897801297,207.1120267811893,31.124329010515012,4.779146202357423,52.12346486602619,11,0.005801719248450214
1300000826000,37.776744673606466,-122.42626039049541,37.776718913687915,-122.42615209342748,2.6387196796439265,220.06526277790863,40.84194325696551,5.128217440196352,45.64341430818015,9,0.0010006676800517163
1300000827000,37.77672704173343,-122.42627528092737,37.77678100257225,-122.42630009333068,2.7407785204499766,225.03727785734011,39.35607113142385,5.966480603362219,45.6992947549628,13,-0.01459212538901819
1300000828000,37.776712827487906,-122.42629240278984,37.77678670062724,-122.42623814226656,2.480899269735611,229.8297435800257,31.86011322911796,2.201645880333711,55.2638787175538,14,0.004639050281857754
1300000829000,37.77670156386848,-122.42630715081609,37.776687808432285,-122.42627122880653,1.1863902741496655,237.768305990369,31.95542734281756,5.372154391894593,51.52379650392585,11,-0.010930551408836952
1300000830000,37.776689218305535,-122.42632314663611,37.77666736791989,-122.42632061722156,1.5129416842871086,211.3196911015799,31.878931926540123,3.4018851419213822,42.20900779890523,9,0.015949124195425025
1300000831000,37.77667507597124,-122.42633889412195,37.77670998445818,-122.42638951009985,1.7156273000550541,216.44697300449693,30.671189235333603,5.544087355598807,52.42963839000443,11,0.008021074489023245
1300000832000,37.77666257202574,-122.42635358340951,37.77663081320581,-122.42634239679136,1.4984656355379318,224.12705065087945,36.68893138369383,4.780772986653659,49.16842801153936,6,-0.008234650007999063
1300000833000,37.77665130210951,-122.4263694183869,37.776681485943854,-122.42627273038181,1.1866877187393272,231.91129108156034,31.236732921161533,3.0363960933692193,55.3912413664878,11,0.009564910489146617
1300000834000,37.77664018682606,-122.42638572291354,37.77672703330635,-122.426323228873,1.1193983519714599,231.32213647409006,34.98461350671315,3.2241798779927144,46.211366968451294,10,-0.004325926149076055
1300000835000,37.77662722018365,-122.4264023136271,37.776606328461845,-122.42637789282313,1.969743108860757,210.33215069326627,30.65468197279763,4.620458897331978,50.22793271039072,7,0.007347083975554715
1300000836000,37.77661653605301,-122.42641619811522,37.776617761714625,-122.4264408939774,2.0849619977686142,231.18141259656124,36.97268341788838,4.547715022518869,58.62255032855193,12,-0.01270608181302137
1300000837000,37.77660509735213,-122.42643073181992,37.776704582006005,-122.42650110744584,1.6608836357936156,213.41187769404664,29.240668829056393,2.1368065181247364,51.547728430557676,13,-0.006385046009652694
1300000838000,37.77659297236395,-122.42644686637956,37.7765743139483,-122.42645681787204,1.7884820494929228,238.63364642092893,40.58067373306515,4.422717929455288,57.95876742331238,7,0.006325454785780083
1300000839000,37.77657939207447,-122.42646035600637,37.77658644391104,-122.42650580536166,1.7030046422753038,225.12826778117199,33.37959982579673,4.681052139164362,50.3022768294074,12,0.00232196762072432
1300000840000,37.77656647234728,-122.42647451030217,37.77651938157356,-122.42649230579165,1.9737223364935519,233.57784248969912,29.727135831005945,2.5983187659546276,54.4429990618879,10,-0.000674797573566152
1300000841000,37.776554974338445,-122.42648849329285,37.776519832608635,-122.42643336189604,1.6256447579388271,224.8524242499562,35.68587364850654,5.606731866505859,59.895053515888904,7,-0.010083667962677886
1300000842000,37.77654227460102,-122.42650518496934,37.776473332752424,-122.42644392291643,0.9882873343361172,227.11770426281683,41.68778925858822,2.9707628017720062,45.467432237985456,11,-0.026988589032568986
1300000843000,37.7765281567498,-122.42652372832796,37.776674419229,-122.42646936945005,3.4682694254560005,242.09738299737828,36.00525517397718,5.140598758751153,45.48562146629854,7,0.005521772329222335
1300000844000,37.77651443004565,-122.42653683564068,37.77654301764521,-122.42650962792933,2.083541420077583,220.3418193512792,37.43093112700851,2.057606699681323,54.96491751947471,12,-0.012697634822505403
1300000845000,37.77650158681643,-122.42654905639142,37.77649929303897,-122.42657554620912,1.970562664514747,207.63007060030586,39.22004249950165,3.6032694001418215,51.29574296843032,13,0.002316267448444684
1300000846000,37.776488467085755,-122.42656413375335,37.77643561387118,-122.4265421838525,2.1297228853113555,209.47364043824155,28.614681568921874,2.791473170486673,51.20511872922111,9,0.009628922051251501
1300000847000,37.77647636572006,-122.42657607382787,37.776385131066895,-122.42666240923093,1.9205371579842307,233.67961240040154,40.39473113241356,2.8840715698930586,41.02721885767317,7,-0.020495317402732235
1300000848000,37.776463196252436,-122.42658493424625,37.77647528316685,-122.42652973194349,1.7518301214472087,215.26546277874155,28.8993107184912,3.5327453331622434,52.94900084920364,12,-0.015100691004990322
1300000849000,37.77644793808204,-122.42659207536431,37.776440680491085,-122.42664704251017,2.0132067986603817,172.84446395440585,29.638708126122253,2.055083436156643,45.42236095196432,13,-0.005460361800979626
1300000850000,37.77643725119451,-122.42659750267384,37.7764623508277,-122.42653079584639,2.5530950865792583,224.56137470907555,29.553284491030535,3.868486411460665,51.99249490172708,11,-0.00017425973078901327
1300000851000,37.77642440939937,-122.42660464654126,37.77645902584142,-122.42663632377338,1.3720653871141337,199.68547902551464,42.4632390878156,4.8124170954718215,42.37230206069823,14,-0.005934056325982995
1300000852000,37.77641081433678,-122.42661385623595,37.776461428088915,-122.42650220052472,1.6419083988925431,225.9757805803649,36.030024883984964,4.648491607710689,42.04608881435677,9,0.012637563894376131
1300000853000,37.77639883024901,-122.42662188077487,37.776396721393375,-122.42663507367345,1.092042401978237,226.907677022703,28.067058311686385,5.53432955867965,51.302858757783525,12,-0.0056964810203708124
1300000854000,37.776385633507275,-122.42662808628577,37.77641673403051,-122.42663387114563,1.180108668637661,197.17058556611462,41.76668986772042,2.397900274993328,46.56260621076458,14,-0.006073754853657808
1300000855000,37.77637114772415,-122.4266334441936,37.77635077091774,-122.4265953241821,2.2875338581153253,194.25295482488553,42.428453253267946,4.069834573438035,51.66701264516426,11,0.00046435394799453875
1300000856000,37.77635908691274,-122.42663911606341,37.77631651459281,-122.42670620936936,1.8126665218611455,201.8805973987138,42.5883588066998,3.817314566246206,46.037287345288846,8,0.001645104774068057
1300000857000,37.77634506332841,-122.42664595969913,37.77632815416497,-122.42663502971119,1.8317646968583998,186.49947861042017,33.9033356685295,5.370093531989635,53.826935519759544,9,0.0049950526536873254
1300000858000,37.7763316343944,-122.42665364593458,37.776370082781426,-122.42670391008815,1.5571601966114714,189.32505363169696,32.826613637415704,5.112579320377932,50.85007470066674,12,-0.002460709175675832
1300000859000,37.77631759788787,-122.42666250620103,37.77634792277129,-122.42662866366338,1.8077517747218732,197.84604641353133,38.00140107776713,4.640068459381434,51.95999386567532,8,0.012840746462571639
1300000860000,37.77630166253641,-122.42667211865063,37.77630103187929,-122.42664713083195,1.6982310638986418,207.61783837008466,32.78076853935627,5.241033453223395,44.92093141777275,9,0.019471718111884785
1300000861000,37.776287272736035,-122.42668046192284,37.77630339412218,-122.42666924541268,1.7309100792815868,217.9726251000392,36.38116351485947,5.719417650889281,55.356158997224405,7,0.008554274672473324
1300000862000,37.77627441281093,-122.42669139760211,37.776354788228055,-122.42662958848567,1.9745788938983244,230.2198367847549,29.507694658215474,3.5372035479974633,43.59771501250622,14,0.008525644390193841
1300000863000,37.77626181071714,-122.42670297290243,37.77617169021171,-122.42669579805074,1.4279682235241067,232.2848943971155,32.263895279817525,2.0467875580424493,55.684966978077384,6,-0.0013363080190910918
1300000864000,37.776248970831226,-122.42671449049148,37.776186217436404,-122.42682422881428,1.8661355703552813,210.95656898674594,41.67748985944327,5.354069793326214,54.55005334183853,9,0.002466610225753336
1300000865000,37.77623832401103,-122.42672486908245,37.77623767232306,-122.42676252989767,0.8645617809678962,203.96369794259147,28.30887182949776,3.332144384650446,41.02178723465678,9,-0.009509983736424001
1300000866000,37.77622662492366,-122.4267367393144,37.776261642790516,-122.42678471839231,1.1307706886485793,204.21736961032792,35.55484139704468,5.541678442182032,56.62213976177138,9,-0.0018328802285145188
1300000867000,37.77621276189502,-122.42674604220541,37.77620199823329,-122.42671287291095,1.9272494632320523,218.25838938273642,30.67547741619689,4.841585585258183,44.51860880359032,9,0.0010357602805971837
1300000868000,37.77620197556043,-122.42675430433282,37.776247129983176,-122.42676442233058,1.2748253804644751,219.3356802245403,40.757863324031774,4.093564216393972,53.62525298510038,11,0.000526531309837776
1300000869000,37.77618934460089,-122.42676785514145,37.776038972740665,-122.42680000659448,2.2344766530674933,204.2023057908647,35.87299327608652,4.0232873924423505,43.74213106963558,14,-0.0042622867880197
1300000870000,37.77617575606839,-122.42678052796228,37.77605923270551,-122.42682120058882,1.641067136566947,223.72665931914833,42.44694391257323,5.958820835465846,50.02378179358752,14,-0.004856306143320313
1300000871000,37.776165819219564,-122.4267925274408,37.77613742905518,-122.4268096083125,2.1818972480443475,219.85423677419124,35.8011198294735,2.819000148999988,42.79994082483119,9,-0.004999982420294365
1300000872000,37.776155204981514,-122.42680478161564,37.776288571085956,-122.42678368961248,1.941753162195818,228.15409567518878,32.3823504155585,3.5091370898341765,43.4496546612341,7,0.005627365895969674
1300000873000,37.776145716963946,-122.4268163125937,37.77614571354632,-122.42677183725954,1.6909615669880569,213.42535146297186,29.92014960371434,3.8797974510370095,59.506411300476714,14,-0.0032029669953001724
1300000874000,37.776135313729256,-122.42683156102385,37.77602324128087,-122.42682968570882,0.5487762886567797,211.92784649306665,28.225905382572076,3.8256291510823095,57.38264842908062,6,0.005814891285272437
1300000875000,37.776126436205004,-122.42684303052725,37.77610843471836,-122.42686517447049,1.7305552759862426,225.03250313324867,35.13743786091477,5.316699845990698,54.66868103086245,10,0.006600317006249416
1300000876000,37.776117703800956,-122.42685707654175,37.77614857849503,-122.42685511397265,1.276248441572203,244.07013820748756,36.85701489863519,5.200397002309562,55.91310209246842,11,0.009662638678289998
1300000877000,37.776108693701715,-122.42686877493578,37.77615680482078,-122.42692932991697,1.3668271067360853,241.7507105561368,30.46726119724526,5.675776005723648,54.64584625472587,14,0.004429366292207342
1300000878000,37.776097831205874,-122.42688087649121,37.77612135865143,-122.42690377263106,1.0518871310285656,225.5731880769486,33.14571630581273,2.8553237317955436,41.2690098954697,9,0.00505834896506158
1300000879000,37.77608914261029,-122.42688958861326,37.77607735240002,-122.42681815796539,1.0985318526401218,212.67432907254678,33.79983354447525,4.536272979453322,53.753628411225904,10,-0.01507730470758529
1300000880000,37.77607673470481,-122.4269035793085,37.776110674169516,-122.42684996908707,2.017870354618578,219.05565144218227,33.37980325441287,4.091935735367668,56.00204514704826,9,-0.0007071580744354288
1300000881000,37.77606721236698,-122.4269136897467,37.77612489326856,-122.42680186657944,1.8359965535405154,225.70915805160453,37.04887105106008,4.199392693198529,49.516596231304945,9,0.0027194159423886417
1300000882000,37.77605522490741,-122.42692331610128,37.77602748826712,-122.42695997619441,0.4860522243081331,209.77632218298953,35.98234867794354,3.744457365988797,56.619243858476764,9,0.007044755109738592
1300000883000,37.776043577266066,-122.42693228351686,37.776037397227995,-122.42680227138261,1.3227006007657343,203.6037207549718,35.66005495284128,4.417385791306069,52.866382772461904,6,-0.006278224380768288
1300000884000,37.776032415100204,-122.42693960387614,37.7760256102149,-122.42696494643829,0.7916626647598254,206.1236259330244,32.174116779728514,4.516349781077235,54.83885887599581,11,-0.01181680633134687
1300000885000,37.77602190245329,-122.4269476135256,37.77593662533297,-122.42698027114608,0.6320484926144126,222.8779759133172,40.21260058297605,3.625907635578486,50.44999926915182,12,0.0015584058466692919
1300000886000,37.77600841391488,-122.42695720613892,37.77594555909367,-122.42694235625818,1.5851055344110871,214.06617120388685,42.860963790046654,4.113054783843407,58.51657992439656,9,-0.0007665047986548509
1300000887000,37.775997320367495,-122.42696520998366,37.775881389118105,-122.42694064480129,1.8591496602448399,224.30193350997448,39.722498044237845,3.3882765319320507,52.97781039121205,7,0.01702590336264789
1300000888000,37.77598480991127,-122.42697350831054,37.77598902680753,-122.42696379628917,1.0682919347803148,208.15938134687454,29.662100653894793,2.8693636330931853,54.943132786834866,12,0.017737052397307624
1300000889000,37.775974295311826,-122.42698113830713,37.77595941164921,-122.426985017043,1.1169581517750444,213.93351445965794,42.908981999832264,4.9500397491553585,44.94539450071528,10,0.004417094760082004
1300000890000,37.77596351061835,-122.42698867640581,37.77594655897456,-122.42688558508729,1.2782853386766329,203.61467741657063,38.326691086059824,5.026543498375027,54.29540153635102,9,-0.0035691277835918035
1300000891000,37.775951234386795,-122.42699784164931,37.77594951419933,-122.42705773882462,0.5423178053182032,223.5527821427543,29.545310124048523,3.946298367931602,54.19454889641115,9,-0.007155684511713307
1300000892000,37.77593693567475,-122.42700357270486,37.77596289913418,-122.42705840016872,1.3896512566556147,180.6258577099369,42.8428219590757,5.222492934848337,43.44553567667444,10,-0.014933052896241986
1300000893000,37.77592463953124,-122.42700864678166,37.775891010376355,-122.426998004885,0.7654322105667377,194.30823415613673,37.589825688183055,3.1847439434680207,42.073247410840544,8,-0.021243366618032975
1300000894000,37.77591467348366,-122.42701326944342,37.77597335404495,-122.42701813474216,0.9995428404860338,203.61851749686159,28.724276785102603,4.219181186526956,44.196001271914476,14,-0.011966339084194307
1300000895000,37.77589891602073,-122.42702018756559,37.775819304546346,-122.42701764189313,2.4464311882291003,182.95309103665622,31.741731199759528,4.546750646708875,53.77667389098983,8,-0.0015747813162327912
1300000896000,37.77588831731469,-122.42702573761515,37.77588763485465,-122.42690984353894,1.376773849367335,200.5640453013748,36.186526921366536,2.0539260834945003,44.254826566420114,14,0.005208286434782099
1300000897000,37.77587919994396,-122.42703140795912,37.77587428266945,-122.42694782400312,1.9742125251832436,206.88656612551705,42.57554815193096,2.716908145881166,46.22888862631815,8,0.008023207896468819
1300000898000,37.77586446541944,-122.42704337507824,37.775906959273186,-122.42701121169189,1.4115272166356707,237.0564446717031,29.20524431560634,5.354713311637924,55.04818965888864,9,-0.003234724767465022
1300000899000,37.77585439257846,-122.42705172163441,37.775829643292965,-122.4270900149084,1.6309811757150336,222.94002963571617,35.264349708209345,4.775911514790754,56.15133512728761,13,0.009626558931403479
1300000900000,37.775845178624785,-122.42705682758644,37.775898615167705,-122.42704407241544,1.2709584821692057,194.32459205668823,29.856034299495487,5.5771499208668365,56.69426442299941,8,0.00422588187557242
1300000901000,37.775834061293715,-122.4270598754198,37.775822367973184,-122.42714696687067,0.9688260825020251,220.87875229781054,34.731214918427334,3.470656777366499,56.02596342221031,7,-0.018602157485487398
1300000902000,37.77582091579514,-122.42706110183167,37.7758158255398,-122.42710354397373,2.159038578467124,166.2970321988055,30.597517167729418,5.4442122367599195,42.60017858253206,6,-0.01962827658122932
1300000903000,37.77580816734138,-122.42706223757013,37.77580071348324,-122.42702475008419,1.585710186202398,189.47732069299286,40.99541316317625,2.892971828304169,56.52208833819893,13,0.006659436603505526
1300000904000,37.77579735989315,-122.42706301193168,37.77583226470527,-122.4271099856446,0.4527446220478968,207.7359420628818,33.24627250480597,4.217866641429027,42.88728594917182,12,-0.003143234959426935
1300000905000,37.77578186412408,-122.42706459706366,37.7758245215323,-122.42709530002503,1.4246786028284522,184.7934844377518,40.13221432025729,4.946019960642533,44.725140858138076,12,-0.014532941739739886
1300000906000,37.77577061722742,-122.4270649687722,37.775740380187614,-122.42705375800303,1.3517641853405593,167.53553920491822,30.36586972095591,5.7540958280371655,55.84966447991448,7,0.00687587136154477
1300000907000,37.775760649191255,-122.42706448738423,37.775690204643155,-122.42721136057145,1.6577495682975678,183.72695781350544,43.11048506618334,5.532232980808921,46.59403675281598,7,0.005747710639124996
1300000908000,37.775746904558794,-122.42706466621061,37.775697849477986,-122.42705403475722,2.021523950261483,188.49743778672445,37.13996087540974,5.956201350138345,55.96532325144637,13,-0.012691668749135807
1300000909000,37.775732614710094,-122.42706588881269,37.77574087386349,-122.42705021274892,1.5603419401618115,181.7676306842116,32.31353365183776,5.6181050841557365,52.5949593817541,10,-0.016076001940564705
1300000910000,37.7757222443492,-122.42706648127887,37.77572141205642,-122.42703808998093,0.6327364489875875,193.49393583060163,40.82280384887915,4.420380402562843,50.38546239066505,10,0.0015182792772202888
1300000911000,37.77571300573253,-122.42706696976778,37.77572005236606,-122.42698283675773,0.1558436068940363,191.50248775019082,37.482712353500375,3.723898229635387,51.12621271795557,10,0.0011928479330965093
1300000912000,37.775699515730544,-122.4270682874106,37.775663257124044,-122.4270941017379,1.2082304227974927,185.46828196156665,32.49619555915798,2.1386914308990623,53.79553621348183,12,-0.011533209991629845
1300000913000,37.77569165894053,-122.42706949670206,37.775731445981286,-122.42707978944318,0.6843076932997079,196.20998693783764,38.80577946057187,3.306725736065597,59.651237995238716,7,0.00020763895010610523
1300000914000,37.77568235790461,-122.4270697465951,37.775673535977546,-122.42710904386192,1.4266126685750893,190.14678327926703,38.41558259893989,3.0260543570510774,59.28743139541042,13,-0.002677931133111596
1300000915000,37.77566921054374,-122.42706905489344,37.77558753881725,-122.4271000991331,1.5306118610344501,182.99674683725502,43.38011299424629,3.5196431196870908,43.14506374803209,14,-0.004544115341554315
1300000916000,37.775658100382856,-122.42706694568261,37.775665867871844,-122.42710306090268,1.9189092163943238,164.5623689974354,39.76770690828147,3.3022004134170237,54.815795637190924,11,0.007633278173602174
1300000917000,37.77564752779617,-122.42706432906762,37.77567489909608,-122.42710029592784,1.8061151423255541,157.05291540553654,38.984804882695244,5.88824539082445,57.847935292803285,13,-0.013057128739601069
1300000918000,37.77563582186046,-122.42706250885794,37.77564300987602,-122.4271605522875,1.5293962282572315,168.05124097086056,33.73696946696149,2.493528436651898,58.729012898949485,14,0.008180670636895095
1300000919000,37.775625053513735,-122.42706149035233,37.775631564562694,-122.4271185757752,1.5898169635487314,187.4951302848586,40.739115835875296,4.881494485930309,59.37822543197015,11,-0.0044970783601088115
1300000920000,37.77561652674803,-122.42705963360011,37.77562788534561,-122.42701983976725,1.5647524774737598,180.81660077790536,30.436756201902156,3.685913640269424,55.40946431193407,11,0.005774447189718059
1300000921000,37.7756034405206,-122.42705754071969,37.77555075406419,-122.42707454988766,1.222291995488082,177.9057371307212,30.923958823595036,3.9246011281174202,48.703467737336425,11,-0.007947601038570725
1300000922000,37.77559034220549,-122.42705557191191,37.77566692985671,-122.42708017942101,2.978187373494263,178.4125502767843,31.914362312954523,2.4323747408497414,53.94809979155505,14,0.017949750536567655
1300000923000,37.77557939553584,-122.42705331765481,37.775563070856656,-122.42707506574948,1.535843177477265,184.3704320080747,38.34438053824018,3.921292822187336,54.49601940117718,8,0.008280692342780154
1300000924000,37.77556911032352,-122.42704951816835,37.77564245258204,-122.42703382860324,1.3066205791496681,161.5843620863412,32.14689852562517,3.472356445020825,47.18389357586989,11,0.03446957465336853
1300000925000,37.77555501755262,-122.42704401557747,37.775527311109244,-122.42711037377948,1.9052707466796805,167.337024747609,29.317535383164802,5.405846263755725,53.1454258318621,6,0.021738132867799517
1300000926000,37.77554534301965,-122.42704102013913,37.77559367678829,-122.42699548914487,1.0329239682818314,180.89526003429086,38.095622884130364,2.2589128419269935,54.23101149496634,11,-0.012040864920401993
1300000927000,37.7755363377406,-122.42703581189207,37.775548346723035,-122.42713978619875,0.9728029379717369,151.59720000118023,33.648773128886724,2.5323261136115387,44.0985346439595,8,0.0012916159811021716
1300000928000,37.77552655659715,-122.42702962924074,37.77553157231883,-122.42697873987295,0.9549019001427632,160.7285590787953,39.01130934612444,3.3869977067483754,50.886511299975055,12,-0.007983509278894347
1300000929000,37.77551417642196,-122.42702535131674,37.77546723684911,-122.42700401758877,1.5644910876042908,176.66307783957492,36.66680653130415,4.653060866923733,56.959380871712156,11,-0.009775539690499848
1300000930000,37.77550149285915,-122.4270219658899,37.77556178378697,-122.42712491988316,0.9992650763889488,170.20934787761553,42.45525103674722,3.8085531231854843,53.306176773539335,9,-0.018406240611070636
1300000931000,37.77549210881685,-122.4270197410416,37.775513057417385,-122.4270154127172,0.6145795821537146,159.25679795273572,29.8981662764162,2.2978445039048925,55.409548574975204,7,0.00981626031933078
1300000932000,37.775481956804875,-122.42701646719244,37.77547744430137,-122.42699646875602,1.0678192779985578,160.04677953189005,38.08915939810202,3.3183711005787018,58.324900025358254,12,-0.005748629399616968
1300000933000,37.7754749473919,-122.42701363849119,37.77553531614124,-122.4270733471667,0.8646182437323593,163.6139477157392,36.735119923972285,3.9548067343367577,40.18483545334745,9,-0.019972757296725648
1300000934000,37.775466218918815,-122.42701002741458,37.775470647928685,-122.42701330723891,0.5786294362213212,164.6309145649921,39.78931379286645,3.5395898188058337,44.59541405729472,8,-0.012981440786448252
1300000935000,37.77545820040281,-122.42700822151532,37.77556869068228,-122.4270840582746,-0.02744088093463115,177.31916310866984,38.23977323224535,5.115856579819608,44.54737539057515,7,-0.0008519692856992247
1300000936000,37.77545051578339,-122.4270068956419,37.77550134963939,-122.42696350180755,0.8253172418338627,172.8497792270604,44.12090778643203,2.730660955771841,55.219985953753174,9,0.0037300385985602077
1300000937000,37.77543829847098,-122.42700357449016,37.77542176301719,-122.42696837271491,1.000767485673404,163.20456583393775,33.555106816408994,5.754333317577777,56.396350567298825,13,-0.0033712998098461918
1300000938000,37.7754303838644,-122.42700247915778,37.775498302958795,-122.4270031873084,1.1264277978034158,199.24837714919173,39.91981054304923,3.823744435038428,51.076929298630745,14,-0.0022515182547560054
1300000939000,37.775422118773555,-122.42700106431619,37.77542516159278,-122.42712863118246,0.9444680206293569,183.28585000299364,41.76186344980713,3.2211135310795616,43.123725248136054,11,0.0007170364304703202
1300000940000,37.77541225668048,-122.42700123440392,37.775512551252504,-122.42700418963491,0.7445915802804197,187.68415223358593,37.77216434703827,3.582535948878033,46.02633485302047,14,-0.009837263769773097
1300000941000,37.77540081640812,-122.42700071582242,37.77540489932628,-122.42700962898738,1.042764988628548,184.695993152719,34.149436446703184,4.256854426612179,48.31490782249146,12,0.00028033530169072193
1300000942000,37.77539100111457,-122.42699917607798,37.77538704064629,-122.42703278263386,0.5142290948454113,167.99208202768983,35.2546660894321,2.1412487517277174,57.60361804052846,7,0.001425066135692395
1300000943000,37.77537718846923,-122.4269972791732,37.77538188688422,-122.42707016597649,1.818910979614755,155.80328633431353,36.84147927506977,5.640217577603526,52.07116946440904,7,-0.01209795881732852
1300000944000,37.77536847838984,-122.42699703227167,37.77538845372399,-122.42703910864088,0.31898996602062324,176.6734273192104,31.688695231860564,2.1093045499637366,52.204283267960456,8,0.006030639142284477
1300000945000,37.77535927836306,-122.42699782651461,37.775436743926086,-122.4270224479195,1.211512063721164,183.9390466811047,34.88214544762186,5.513184944595013,43.319899366024956,9,-0.005425969653656093
1300000946000,37.77535014720056,-122.42699877620802,37.775364790046595,-122.42700404916442,0.9774043249588238,184.6423036153224,31.186397909549292,3.0843318058683913,59.52351217395483,11,-0.012601033703396176
1300000947000,37.77533899199072,-122.42699871688293,37.77533365624447,-122.42696578155599,0.87995211818686,190.37179161046603,36.94939884879374,2.1805265071048114,46.160366729829626,9,-0.00686122781731125
1300000948000,37.775329604294996,-122.42699814275323,37.775304931293945,-122.42696675478307,0.6730241799889682,162.60600713808688,33.796996271599156,4.385331902044936,55.7807489735595,11,0.00913005127773427
1300000949000,37.77532162081749,-122.42699583709921,37.775360904882284,-122.4269857018103,1.037056104809697,171.45701928820256,38.77388050807789,5.33632712475187,45.34047480147598,11,0.010742212883169962
1300000950000,37.77531531817117,-122.42699333451922,37.77528760091464,-122.4270447653423,-0.326994101979051,156.3474224881067,43.285333242920835,5.739058834395641,55.77798358356598,7,-0.00601845406501672
1300000951000,37.77530709913847,-122.42698989222866,37.77524865762238,-122.42697989925385,1.7999549022815753,174.08791921664735,33.31482958858696,5.342468743346416,52.568502448893014,9,-0.004947517148015536
1300000952000,37.7752968840865,-122.42698609553105,37.775249771764486,-122.42695323658931,0.8266968136162429,165.33262221965182,36.08976299142752,2.2474667600681353,45.112247140399845,10,0.01229368036014005
1300000953000,37.77528994185077,-122.42698323006591,37.775266695470556,-122.42694870615486,0.5454821080125074,181.79987033817173,32.395619865129255,3.1796713408090156,57.63888446087263,13,0.003329861709900743
1300000954000,37.77528149393691,-122.42697968422321,37.77527527221834,-122.42693173664199,1.1696192717208336,162.7590041446224,37.75898782494594,5.2293115235886365,51.43118475999574,7,0.006026151520059823
1300000955000,37.77527370799195,-122.42697603363992,37.77532636659544,-122.42709213700056,0.8045650938535264,171.76161559367029,37.51902172942593,5.203248596745928,54.01175139193667,9,0.006364575463132557
1300000956000,37.77526477207877,-122.4269726677443,37.775235909901184,-122.42704482542487,2.034056533565293,158.84689409646987,37.720579887907505,2.9671813251161923,49.03920796458614,12,0.0016774817451064787
1300000957000,37.775258951969086,-122.42696983012627,37.77531880839171,-122.42698948540341,0.7934395044928387,168.1564620232288,45.39236049477877,4.838488169553968,59.89711570057817,11,-0.009996348830703515
1300000958000,37.775247650858084,-122.42696548957198,37.775165765543726,-122.42692629822615,0.5832163184957548,176.36755481123652,30.961183175427497,5.643961601979581,53.86804940006469,12,0.002829861899416104
1300000959000,37.77524248309973,-122.42696467716908,37.77537421323977,-122.42692252177157,0.3270318818099654,163.38510706900652,35.894119876095566,3.092534287173622,46.10521668623707,6,0.00642765209256186
1300000960000,37.77523574563064,-122.42696397349125,37.77515642443438,-122.42699534825869,1.185088935783563,168.49942103900773,40.51161761853975,2.5369641371017093,43.47440297491225,10,0.015977466806427254
1300000961000,37.775226805615716,-122.42696251360965,37.77523670996764,-122.42685850334294,0.35016393858879413,175.9862569398642,33.64164307516626,2.350761608234179,40.25487439603863,11,-0.009459287654394214
1300000962000,37.77521915088563,-122.42696079970867,37.775208271884765,-122.42705391719628,0.5389545312756261,162.4146278148116,41.514805052053774,4.643199153466664,41.67007200839735,10,0.007802711210896839
1300000963000,37.77521052810003,-122.42696003937778,37.77517126236394,-122.42697629873672,1.812912829757415,172.129271176167,32.71386621804107,4.467363074239794,41.70821745938308,12,-0.00769893701999572
1300000964000,37.775204441549555,-122.42695873421384,37.77523826198378,-122.42692414121821,0.7973143840611566,164.11439268094585,37.58565057404908,4.17836093131019,44.27599388781596,11,-0.0013156160749687679
1300000965000,37.77519781357939,-122.4269565829599,37.7752506742876,-122.42697980631944,-0.047085575935626456,152.54691546374383,40.89991393956942,4.001184506572008,57.73705725430635,13,0.01661408503448836
1300000966000,37.77519132762419,-122.4269535620531,37.77518271831868,-122.42700050787855,0.476479328412698,159.40392632569882,32.65576649570701,5.189802328861404,52.08136930483216,7,-0.009530419950424545
1300000967000,37.7751827246379,-122.42694811086533,37.7752431938835,-122.42688749392417,1.2441675805449697,154.8319895130348,44.71785472396857,2.8668991377038453,42.623686509920724,10,0.009511261400318178
1300000968000,37.775175965170845,-122.42694280284526,37.775179168055445,-122.42694933087206,1.7818843422547463,140.28149754723353,36.285702023767705,2.486960273744523,47.3294045797678,9,-0.01301337433051662
1300000969000,37.77516884078046,-122.42693803488545,37.77511565178212,-122.42692741943513,0.46427800456420665,151.1367217427148,44.18874053567746,4.961150590153851,42.37856758107084,14,0.012109488470521297
1300000970000,37.77516388418417,-122.42693545448977,37.775159924808875,-122.42687539009398,0.6063659106425434,143.10450744974952,41.978844111496954,4.558762146022159,50.220104478973035,6,0.00020800186786654553
1300000971000,37.77515650816981,-122.42693093286556,37.775130133366495,-122.42697090443146,0.7887665195453993,144.66914656770396,33.693112106817246,4.886434833317127,43.92915036522148,11,0.018559358990782683
1300000972000,37.77515035895555,-122.42692733560646,37.77517336969413,-122.42691719218745,0.262656161400717,146.48868951480256,45.00713554617997,3.8590810233131534,59.531353960712835,9,0.0057909231324190695
1300000973000,37.77514216371567,-122.4269233515421,37.775122205371055,-122.42694411730082,0.3543155909560364,155.92508706676142,35.87464023695305,4.147885529196167,50.02054833882025,10,0.00845883146638622
1300000974000,37.77513296974843,-122.42691899871281,37.775129260588656,-122.42697891763228,0.3921901799287443,153.43160730369624,38.52865862412942,2.3434299512743726,45.92319411110105,13,0.0015437699741194769
1300000975000,37.7751279411489,-122.42691599259022,37.77507367327679,-122.42686258584325,-0.5510655413362833,156.95657242244727,41.9937136510159,2.9413201284387505,54.77204285394693,12,-0.014611140369930099
1300000976000,37.77512348008832,-122.42691237711382,37.775176947911724,-122.4268854278816,0.1951354905634941,136.97163409849514,45.17258324877397,4.728494290251094,42.32206823803485,10,-0.009499478029281406
1300000977000,37.77511958861413,-122.42690980421588,37.77510180719296,-122.42689557334415,0.3948464432012403,160.1266878220685,36.00621952467738,2.0440106105291567,56.11170304494077,11,0.002515707234937554
1300000978000,37.77511451708459,-122.42690679719091,37.77506104322905,-122.42690266976204,0.6114315568153713,150.0893002517105,44.43079728736303,5.64381439596392,44.85957486500207,6,0.004261853426437341
1300000979000,37.775109806750876,-122.42690436213036,37.77524138046597,-122.4268340520936,-0.05227990311389408,176.12162365096168,33.52571749135659,5.3493656121802475,42.82905942776292,9,-0.017539886798584967
1300000980000,37.77510419938694,-122.42690062750648,37.77503355066824,-122.42702964546923,0.9276682857276812,151.14828390686156,44.5912769841567,4.868865870471749,43.604740392124164,6,-0.002210920647707295
1300000981000,37.77509941711758,-122.42689759919014,37.77512478863287,-122.42691199906929,1.3185695612750932,157.95557403135314,43.4202133253905,4.1694708238201414,51.65786470651363,6,0.0195575808352712
1300000982000,37.775094944685634,-122.42689514545505,37.77498676140758,-122.42696785300477,0.22863011133418393,157.54291555538123,36.34034108313318,3.1968350221904345,57.591266293144116,10,-0.00038325751888223624
1300000983000,37.775088119711874,-122.42689167892556,37.775103545849355,-122.42687955817908,0.8520760667118588,153.54293682213398,35.77468758085776,5.802817063965812,49.152963673941656,14,0.0019427790311127013
1300000984000,37.775084806006305,-122.42688967038256,37.77509421168231,-122.42682848046576,0.7519887146279378,145.83043491892732,42.75008806415479,3.0510048731772046,49.434721909617544,11,0.005278141589636924
1300000985000,37.77507913536077,-122.42688698266477,37.77506651646234,-122.42692954408093,1.600452017186631,151.71814826974853,36.35678335983037,3.543860041419543,45.576127489473286,7,0.011110017023398939
1300000986000,37.7750751982026,-122.4268843145237,37.775007021002075,-122.42680798516132,1.2880455155367339,158.91189128403408,42.719816135798894,4.521538676759706,46.19678703886465,10,-0.005504701701963033
1300000987000,37.77506931587308,-122.42688107366544,37.775026389325824,-122.42686260111603,0.7614093373438666,156.65246364871172,41.429665770632106,3.4457965834062176,59.87044503142105,14,-0.016798977767179084
1300000988000,37.77506216680834,-122.42687811271716,37.77502183876962,-122.42683902590362,0.5039927916205154,160.83220157632024,40.5465666830108,4.120343771864343,45.5564234224834,13,0.023521003577159277
1300000989000,37.77505782881218,-122.42687711877265,37.77499912263072,-122.42683673946102,0.8237815218469526,167.3860815561813,35.83806295837763,5.410066159776278,58.748217588117924,12,0.02223747392261482
1300000990000,37.77505228674789,-122.42687563126849,37.77500488445567,-122.42685586912793,0.8966900708639777,165.51313447298892,41.27728587708726,4.084347741348612,46.44869886030051,12,-0.0006037984432483409
1300000991000,37.77504739498585,-122.42687374212456,37.775119151280414,-122.42692055654929,0.04394989310182129,153.39754540735933,39.427695775252644,3.623072425812951,54.48424718166787,9,-0.0006659593700696537
1300000992000,37.775044201219245,-122.42687280887161,37.775063761669855,-122.42690904485693,0.10042922066413118,171.92850125214449,32.08280465401291,4.30268236187494,45.15902565837832,7,-0.00750388796571356
1300000993000,37.77503934206014,-122.42687098769767,37.775105883442656,-122.42687262776414,-0.4253411453755125,184.82887381042107,45.37295620653589,3.2207372853134344,45.54892214689186,12,-0.002019423726043307
1300000994000,37.77503446930226,-122.42686918714357,37.774985027197076,-122.4268927678063,0.5182707249045656,173.55723381168013,39.0429134216909,5.944062034842089,58.53176189787763,9,0.0064823791304941675
1300000995000,37.775029500415975,-122.42686716046485,37.77500793525409,-122.42683897203106,0.30431495728816615,144.0382228899901,44.90328550379827,2.371960961873037,55.95214518553053,7,0.0014082293232235816
1300000996000,37.77502576006418,-122.42686521203751,37.77493890758646,-122.42697860840354,0.5291691576674173,158.04426807465828,32.00782863195113,4.135036299150907,57.515624923439006,13,-0.002211166806667769
1300000997000,37.77502155857275,-122.426863195596,37.77496203578614,-122.4268460628966,0.68594873566005,164.39439905297783,43.52678304140692,5.414286285496205,52.50245987094918,14,0.013285606523477057
1300000998000,37.77501962370159,-122.42686190854847,37.7750050680442,-122.42686680691047,0.4701661535785343,151.93639075055037,46.10190165153049,3.16675725316675,48.25313736197605,8,-0.004292547075084338
1300000999000,37.77501642005975,-122.42686003805218,37.77499538974211,-122.42687205028287,0.9608807016319637,168.20774040958185,36.87445605840308,4.872329806514775,56.6215443748531,13,-0.0012021260975784414
1300001000000,37.775011990346584,-122.42685685336869,37.77510085803536,-122.42686166855225,0.7735493178399241,148.3708003756364,40.894226106336134,5.960771102197251,41.25023974456488,8,0.01307319887824523
1300001001000,37.77500757438939,-122.4268524464324,37.77501297671807,-122.42696216575443,0.6634136997382416,133.4010039079186,31.870406258889133,2.464948003985529,40.653407741357924,7,0.002852523332640821
1300001002000,37.77500508032735,-122.42684993500521,37.77499182533316,-122.42681522119672,1.091307713916462,158.81877909511195,37.32456867028339,3.5632004092693093,53.85423935662318,7,-0.0164334917543878
1300001003000,37.775001810441104,-122.42684688959581,37.77502478357071,-122.42684543352586,0.4259033866040108,145.54743592553015,37.421318542815996,3.1794220464468976,41.81275908046256,9,0.006894289803272621
1300001004000,37.77499830012381,-122.42684395297768,37.77499964405145,-122.42672130120519,0.30177006728983313,144.7475149335382,45.53947074159166,3.802302994360563,40.63390066138092,13,0.00948258338756633
1300001005000,37.774994738426656,-122.42684141574344,37.774940453249826,-122.42680547608447,0.3425321876247455,139.7671363340008,36.9382948100458,2.210202143760963,56.715545338039306,13,0.0008424977277864533
1300001006000,37.77499125626029,-122.42683756574374,37.7749599118731,-122.4268268961793,0.2558339481090867,148.5718088541204,43.44665615882931,3.8855817158960573,45.10882951385054,9,-0.005214761604047518
1300001007000,37.774991038496786,-122.42683727868797,37.77506098634092,-122.42689165149747,-0.4883087834445203,148.1381802113745,45.17254713366298,4.743055561394899,52.31008810648475,7,-0.010551811739568453
1300001008000,37.77498864694669,-122.42683418431702,37.775053836331736,-122.42687855141041,0.8732327879351207,131.9059944108478,45.33518622770157,3.890654746424061,59.9438941720817,14,0.0078032798391175495
1300001009000,37.774985601005156,-122.42683116835813,37.77499846277107,-122.42687818359762,0.3808509947232363,135.71920314200008,38.46260518581057,3.4268266436660815,45.24815325913694,8,0.0062412554949853125
1300001010000,37.774984300722615,-122.42683005334138,37.7750352749842,-122.42673394740514,1.04579772069924,141.91047505143771,46.41069328717097,4.302878130721806,57.96719543750109,11,-0.005856683725257768
1300001011000,37.77497856835929,-122.42682672949641,37.77506070882101,-122.42686806435628,1.2676257980571175,141.79193994791717,46.56299559081559,2.0454951075825116,48.382837082588566,7,-0.01502480103775311
1300001012000,37.77497543965808,-122.42682469107434,37.77495335337247,-122.42690080926695,1.1732893873511387,165.9784921328344,44.340627609407946,3.5598748768439354,55.227171117973526,7,-0.0011173358280343018
1300001013000,37.774970068984054,-122.42682139535253,37.774979284726044,-122.42677529414658,0.13437423005760518,154.15899121691692,45.36773675666147,5.6729423185620895,58.08996852765391,10,-2.990922041973795e-05
1300001014000,37.77496864159334,-122.42682029412165,37.77497969613849,-122.4267766459738,1.0195755907162791,148.62273009364267,33.24824488917935,2.18453622576791,42.97909206548112,13,0.008896473248773693
1300001015000,37.774967477333725,-122.42681932299388,37.77492613665714,-122.42682435049043,-0.5842516272732778,161.93997625071262,38.44825083844053,4.0639746377159085,58.111098610978466,10,0.008619648044994455
1300001016000,37.77496479604949,-122.42681675994532,37.77498711763089,-122.42676973717738,-0.5787866555077807,135.19563562695058,37.76849365154104,4.035895687805734,48.37274326315515,10,0.009656441913787483
1300001017000,37.77496479604949,-122.42681675994532,37.77490761214854,-122.42680301303751,0.17763658140095126,135.74396543689886,34.982695154507915,2.6357543146561078,56.85712589827317,14,-0.003768258177893881
1300001018000,37.774962417092006,-122.42681402986568,37.77496753009127,-122.42687770596885,-0.014819437492229803,136.6357015589548,36.88238726880708,2.391721466389775,47.17442944113215,14,0.013756850249736049
1300001019000,37.7749602425726,-122.42681153558713,37.774946796878005,-122.42670618575335,0.39208465572970114,147.91841139201472,35.87213529111337,3.6636122843385848,57.333200511297235,8,-0.003550771953138614
1300001020000,37.77495688747719,-122.42680770209627,37.77497836483303,-122.42691844995677,0.9676267929066256,153.04627544527696,41.58309049104796,4.195897376686043,53.86822803844079,13,0.0032172895571248644
1300001021000,37.77495387885821,-122.42680457900302,37.77488613579754,-122.42682169340586,0.37859901200392704,149.80187363461008,36.68195067675962,3.9105771877201514,57.536757166280154,6,0.00647233841894312
1300001022000,37.77495245867056,-122.42680314114264,37.77492640369679,-122.4267297996199,0.3814508120810216,148.62006047744367,36.47624376024073,2.241299123077077,43.3171576760852,14,-0.02696650643961311
1300001023000,37.77495205145379,-122.42680270285219,37.77504620966112,-122.42670418830755,0.0905433766836864,145.13122304542165,34.566465624912,5.219066986648431,59.360224104371284,7,0.008483202749575368
1300001024000,37.77494801385795,-122.42679793910001,37.774941271555406,-122.42684419372637,1.0816478945371772,108.9656680612074,35.69978073531733,5.740829629117485,44.227192594779765,13,-0.0047307872359578975
1300001025000,37.77494732950392,-122.42679708715491,37.77495073671182,-122.42679739072565,-0.5539920576986861,131.50181852516258,40.93349023042014,5.492997639333766,44.57056672588958,7,0.006162665968102356
1300001026000,37.77494702532218,-122.42679667759437,37.774913546752934,-122.42684609218662,-0.044942779808281236,126.08572837879031,41.49219895007914,4.058268744759457,44.50762084404916,10,0.008804805180261395
1300001027000,37.77494680098453,-122.42679640035573,37.77494906953087,-122.42672196184274,0.30741160744486185,148.68035656255128,38.331688732437726,5.664023266250018,49.04555078014585,8,0.0042849606386626245
1300001028000,37.77494357533893,-122.42679297602406,37.77496256390826,-122.42677895547932,1.0660511268262884,134.47098790070277,42.4545329946216,4.90392175477926,57.85319027296636,10,0.015605001195395707
1300001029000,37.77494256573149,-122.42679212641974,37.774918787532386,-122.4268095719629,0.19275467905046278,167.07884261767572,34.454372943949885,3.780800227211854,46.97979519288725,10,-0.00803194353852266
1300001030000,37.77494198529874,-122.42679156052765,37.77492951048372,-122.42676384789925,0.07373922070389788,138.7222714179945,40.26689626856688,5.998338284268277,43.54543165373756,6,0.015594115439799848
1300001031000,37.774940126247756,-122.42678989697946,37.774931803261424,-122.42686700904126,0.2943917292734486,135.75191542906154,41.96725421561134,2.308256019360908,40.8666659123879,12,-0.023596712472290938
1300001032000,37.77493894079802,-122.4267885349186,37.77495372766997,-122.42685141144618,0.3346718176659906,152.20418244786848,41.48726294225479,4.119279534271558,57.790052433451024,12,0.017709344709994294
1300001033000,37.774938408276086,-122.42678796195963,37.774994934142846,-122.42677438684133,-0.1809712263653244,141.35010977056888,39.82534420326872,2.5400627452541316,56.723350557671225,6,0.002704942824014725
1300001034000,37.774935772074315,-122.42678562959665,37.77490230578938,-122.42672111817083,-0.11656512248206569,147.86093760221402,33.77347115545891,2.428110744082419,43.48795230825429,10,-0.00019945240469646566
1300001035000,37.77493275018976,-122.4267828809993,37.77497304922279,-122.42679520803111,0.16384906736244975,155.19480076369425,32.93894712722381,2.8150093605086366,53.93537676358415,10,0.0027394855991791462
1300001036000,37.774929708827706,-122.42678062797701,37.77496993911391,-122.42676350401744,0.5714299880997282,147.635803750901,36.84392018059001,4.273990086998104,43.74860309752467,13,0.009994654915887878
1300001037000,37.774927219209964,-122.42677833590648,37.77493996082723,-122.42682985754792,-0.003075425063419679,137.14958846506593,38.22754969711615,2.3827381682707007,42.793515796140106,13,-0.02554819316703815
1300001038000,37.77492541494411,-122.4267763872436,37.77497949753174,-122.4266881401327,0.6183869236581128,147.54596983763466,34.91933732789449,2.437194671024785,57.738427985586725,13,0.005676293917783818
1300001039000,37.77492541494411,-122.4267763872436,37.77493036836226,-122.42673400926738,0.6058311364582262,135.41253208737712,35.560411547441525,5.402219371099694,53.154507857079956,8,-0.00291718320928118
1300001040000,37.77492173996127,-122.42677300247153,37.77492713077562,-122.42670626853175,0.21403825029311124,139.22033373802117,31.88066306812603,3.6773711437334846,58.817877633900125,8,0.007958452085076489
1300001041000,37.77492013616233,-122.42677140910386,37.774911458539876,-122.42668767244096,0.1758395807642268,134.93550589671324,34.3130099228504,3.9870691995139262,42.75713249285999,12,-0.013279811039356776
1300001042000,37.77491820213395,-122.42676932597827,37.77490468394437,-122.42678117002747,0.08117078671789302,139.12359673657113,32.51879766897489,2.9899847335491025,58.441983639417955,13,0.0032905649835475847
1300001043000,37.774915812033406,-122.4267662630787,37.774905287125954,-122.42678404815172,0.33992661350888986,128.43636669937436,39.197408053774126,3.5247954561550325,57.51389495278221,7,-0.003939278180140488
1300001044000,37.774913004573065,-122.42676279050785,37.77481996351437,-122.42686441533978,0.3812598560595661,144.34183287935332,42.42548542651775,5.874499123228324,46.125257452369155,8,0.014357419266859156
1300001045000,37.77491138723694,-122.4267611849593,37.77494140091968,-122.42678332670701,0.5074115490402569,140.4112199808933,43.799591742893156,5.594937046937629,53.544456547543376,11,-0.019433816920711364
1300001046000,37.77490970806458,-122.42675971853079,37.77489359524443,-122.42672614633719,0.5539445438354385,148.66436668470106,41.44428797105742,5.067345542204791,54.450828734582345,12,-0.0011009406557732217
1300001047000,37.77490959180892,-122.42675962968971,37.774836148515085,-122.42670541162568,0.07387687987566555,135.23626733027373,35.74213367185575,2.0607534165511567,55.57981753344201,14,-0.018403596024288222
1300001048000,37.77490855302074,-122.42675880310216,37.7749570691201,-122.42674497967585,-0.47668951282056304,155.91017298161248,37.570342063051385,4.189935629180056,59.07555826874626,7,-0.0024949105689530725
1300001049000,37.77490855302074,-122.42675880310216,37.77485977590884,-122.42676458050748,0.14229429602176452,151.6219234457848,39.12151826375535,5.235750394502553,47.11272545565191,6,-0.005537398466614547
1300001050000,37.77490855302074,-122.42675880310216,37.77495152762753,-122.42670938444772,-0.16709709108253215,156.1900131882135,36.08198255202678,5.953711055712581,56.145729221807485,9,-0.012068082814763893
1300001051000,37.77490855302074,-122.42675880310216,37.77487147522212,-122.42673823840272,-0.45173643919720163,163.31515988626143,40.45315992033295,5.0395690004052165,51.617129797838615,9,0.005299485100579798
1300001052000,37.77490794954251,-122.42675831434181,37.77495589392195,-122.42678966467874,0.27056866562294746,151.16967823692355,39.031689297902105,5.01250871703528,56.941050345341,9,-0.015217415901754783
1300001053000,37.774905444266324,-122.42675661948627,37.775000390317466,-122.4267639222991,0.29021495183098805,158.38441478126563,43.521819897715666,2.1773047582450915,49.35248136060763,12,0.010499068993588068
1300001054000,37.77489966710746,-122.42675254740095,37.774819913975456,-122.42673890086158,1.415701278457737,154.3961836172888,45.109410032601026,5.749468460308319,46.001978227884095,13,-0.00413069209103793
1300001055000,37.77489864962161,-122.42675170141622,37.77488590151119,-122.4268066485892,0.2556355017031699,141.84991187708107,37.28958630228468,2.7897603507929416,59.27366536839131,8,0.016475140969033263
1300001056000,37.77489864962161,-122.42675170141622,37.77494649004929,-122.4268895646079,-0.25517018588039647,149.8758145147765,44.696918486601675,3.500002477074279,43.21948970882016,6,-0.002038438152758518
1300001057000,37.77489594465212,-122.42674985389452,37.77490992910561,-122.42671204710257,1.0441892929262104,150.2871283723687,39.570591533349855,5.409791992513121,40.769807852853916,14,-0.003521417162079105
1300001058000,37.77489575779353,-122.42674969713592,37.774909842619195,-122.42679883555208,0.5299091538827991,156.5050581035456,35.427310749581835,4.790893996197064,57.68622094664928,13,0.01873479724096955
1300001059000,37.77489575779353,-122.42674969713592,37.77494153796544,-122.42670415468963,-0.23410235962743783,132.34391157764003,44.61879661115954,5.058567122068492,42.01996426624137,7,-0.0016124035289081982
1300001060000,37.77489492140385,-122.42674885134046,37.77485547839101,-122.42671583066392,0.02403702671901317,123.4165714377758,45.33377508262609,4.350344219788115,55.56789996293088,11,0.014842732431644273
1300001061000,37.77489492140385,-122.42674885134046,37.77483076905588,-122.42675529796263,0.11378556009142946,162.88038072393684,44.940224914993806,2.9593086114849303,43.72849532547366,11,0.010998221830211492
1300001062000,37.7748940234321,-122.4267482238674,37.7748583329412,-122.42665682324888,0.2790309078363344,159.11492074227078,38.048095499239615,5.758175402599676,50.73430594260662,13,-1.8731005939861613e-05
1300001063000,37.774893649123754,-122.42674794387295,37.774960326731865,-122.42671414582423,0.705373681270226,144.73183828144911,39.416071130851854,2.8403122535321845,46.87397291830632,14,0.0009487360436991252
1300001064000,37.774892969046185,-122.42674757909322,37.77485477372365,-122.42676517686954,0.25949121187447693,142.88232851688332,33.649614037763456,2.1795702041296883,41.81704446472441,9,0.009702556691583252
1300001065000,37.77489185158359,-122.42674697135406,37.77481510367857,-122.42666589504663,0.9732430685936496,145.53831734046585,45.34326858205462,2.051656047467571,57.299945508215664,8,0.017180287807092402
1300001066000,37.77489131539116,-122.42674657170379,37.77494915444123,-122.42680098499305,-0.16067065552380858,158.36788423660403,31.77777298300211,2.63469742111247,45.99516382022665,11,-0.010879463256457425
1300001067000,37.77489092238058,-122.42674617806688,37.77486531331001,-122.42687253488704,0.10423521515785467,142.39475576413034,43.56854333954065,4.913980635686542,50.023446381044415,8,-0.0047294751656459105
1300001068000,37.77489011507262,-122.42674553401599,37.77486766463469,-122.42676339066857,0.5568487603599757,159.9965429358232,34.22842099135664,2.215328012958375,47.969854114051046,13,-0.004907518799020745
1300001069000,37.77488909739882,-122.42674482318813,37.77481940378104,-122.42669742435994,-0.17706068428158106,144.44066464579942,35.84959459832975,2.2423537241367093,46.5974400130423,11,0.005197495071241307
1300001070000,37.77488909739882,-122.42674482318813,37.774915616835635,-122.42672297908669,0.2803793675615259,151.81491893936578,41.82903250752542,2.7584937209794913,44.58582685681171,11,-0.008332787405014464
1300001071000,37.77488909739882,-122.42674482318813,37.77491749569998,-122.42675840961432,0.878528236380433,149.89231372262964,32.07234624377761,4.78532160319859,42.36227994181989,10,0.004049203948868797
1300001072000,37.77488889722242,-122.42674468456718,37.774861374429626,-122.42670971624818,0.3678931199891861,154.58104699118212,42.658321898869005,5.563882039541518,41.81313600260806,6,0.004426916933742102
1300001073000,37.77488889722242,-122.42674468456718,37.774829210599826,-122.42678358567481,-0.09343911157875989,161.64336579249425,31.806474070411994,5.865117587563876,58.36109693497451,7,-0.0025850230233409434
1300001074000,37.7748885048563,-122.42674440827061,37.7747938998554,-122.426803726707,-0.1551606593504068,158.36496845439353,43.40720492689274,4.9025309702144,45.13174788024222,10,-0.010536968381274917
1300001075000,37.77488686978587,-122.42674304987246,37.77491527270051,-122.42677096839681,-0.5044354704386834,164.618659542476,38.47218525834273,5.687819869858805,42.12557936263542,12,-0.009033633840032265
1300001076000,37.77488571599797,-122.42674219056497,37.77501554076203,-122.42677898939458,0.1229126236184721,148.78997663565912,44.67834075656331,4.200297347206595,40.22286534953852,6,0.0013059335868108232
1300001077000,37.77488571599797,-122.42674219056497,37.774905932143525,-122.42679345007164,1.1225099094869686,155.69418633693772,39.247567043630454,4.225908679847296,44.40256720368406,13,0.002770319092407691
1300001078000,37.77488571599797,-122.42674219056497,37.7749161320946,-122.42675038508604,0.08993081918819643,142.26500285062255,34.112549251394206,5.167471734493455,54.849129871492195,10,-0.004473789170487907
1300001079000,37.7748851146232,-122.42674156413587,37.77489244268409,-122.4266790118595,0.4641476054771135,122.05579883801069,34.32928307149849,3.2136242479526054,47.89150323703085,6,-0.0027257030872876674
1300001080000,37.7748851146232,-122.42674156413587,37.774902593453426,-122.42675742684985,0.5928023099029249,156.73758335929688,37.783681531856345,3.7168087167010047,58.9393648818144,7,0.014108803341569102
1300001081000,37.7748851146232,-122.42674156413587,37.77487346380033,-122.42678761120173,0.14216842919182482,123.64016915897568,45.60616507735676,4.305581345126678,50.00133577396437,9,0.0053196220670154
1300001082000,37.774884364527416,-122.42674036209895,37.77489907395961,-122.4267672532876,-0.0706154171465653,126.71221329812377,36.15035756229479,2.248086327699731,55.63685511315988,9,-0.011613220106600744
1300001083000,37.774884364527416,-122.42674036209895,37.77484431418494,-122.4267515799507,0.21821725650828813,129.76607834223827,42.828603175677124,3.934739565048646,57.83459435269329,10,0.014427041859328615
1300001084000,37.774884364527416,-122.42674036209895,37.7748223298633,-122.42671249492474,0.6295448974011513,112.02333282389777,39.242293183236455,3.2240490010472764,40.29478936383223,8,0.003562010291553603
1300001085000,37.774884364527416,-122.42674036209895,37.774889926460304,-122.42670142023513,-0.1532126690110558,138.77818491497732,44.65110278892838,2.338793986172685,44.03176513063124,13,-0.0012032664478979441
1300001086000,37.774884364527416,-122.42674036209895,37.77488927263959,-122.42665203381858,0.35239310565593096,135.1827950144352,41.792466738248876,2.9976754218784327,54.3463756808871,13,0.017235688033456677
1300001087000,37.774884364527416,-122.42674036209895,37.77482564340531,-122.42676860268827,0.24029252641831808,128.36558923656037,30.768440032667755,5.96197748750645,57.963778342679014,12,0.0005907977588777815
1300001088000,37.774883502598364,-122.4267391699007,37.77485593102746,-122.42671380205634,0.0558796494330331,137.4772859964652,31.919461867240493,4.916557643306296,40.85217882216891,6,-0.006508047411969718
1300001089000,37.7748834113114,-122.42673903045001,37.77486590765999,-122.42674841837226,-0.5122621505046289,127.64833221113854,32.9618258919153,4.765865337003849,45.37604468103412,8,0.004144747106957957
1300001090000,37.7748834113114,-122.42673903045001,37.77491920048556,-122.42678918496225,0.5104199103548455,142.36014976134183,37.70728025781058,3.6303937727559727,55.11185135052918,8,0.0139800104795427
1300001091000,37.7748834113114,-122.42673903045001,37.77489134468885,-122.42673892960921,0.463387648788783,150.97969925172092,42.66939882171204,5.0974838235380915,49.01402273115294,10,-0.008635181168550908
1300001092000,37.7748834113114,-122.42673903045001,37.77487503080745,-122.4268494836384,0.09458777639755683,148.8318354687989,43.284578493005505,5.349986010481494,41.670361499396485,11,0.0007856094408318301
1300001093000,37.7748834113114,-122.42673903045001,37.77480380051716,-122.42675862900616,-0.19110103135599707,168.72856326100734,38.13076354589319,2.3479046786159308,47.873854136683505,11,-0.0024481147410822224
1300001094000,37.77487973674506,-122.4267374707504,37.77489325727302,-122.42674193542479,-0.30941422111171557,151.56001081839085,39.42860116554584,3.4085390190288356,50.66077183913115,13,0.004818237681606243
1300001095000,37.77487973674506,-122.4267374707504,37.774906196707306,-122.4267513111276,0.618976507844683,159.13669897414465,33.623273891720686,5.576756797523267,51.14613273263487,6,-0.007173119883462045
1300001096000,37.77487841829091,-122.42673738477309,37.77498832391572,-122.42677429938273,-0.641159383056445,152.27950040430275,31.340532546836876,3.6944837058651334,47.50089552429832,8,0.010623344163382637
1300001097000,37.77487841829091,-122.42673738477309,37.774900734962706,-122.4267134763386,-0.44105309398283427,185.79224476260183,31.143283352903207,4.039395324207003,48.01338637313053,9,0.0015925229913182767
1300001098000,37.77487779323973,-122.42673732869383,37.77492399877452,-122.42676368484769,0.9313909305334702,175.08231671287993,31.651966578869736,2.672137866637098,55.16598199611721,10,-0.00651672515864171
1300001099000,37.77487664408182,-122.42673692911994,37.77492332710902,-122.42677975493554,-0.15007349593166053,156.0556847969032,34.69042747309133,2.3560332933083545,41.61272036796937,14,-0.00417467760010158
1300001100000,37.77487664408182,-122.42673692911994,37.77478600897307,-122.42673750355114,-0.03301324938638059,164.4104347258895,35.4431198594314,5.806158960484854,59.17920885437101,12,0.0006766324987145712
1300001101000,37.77487664408182,-122.42673692911994,37.774870413180956,-122.42675397752448,-0.5840925454591381,153.30528131568613,42.90866762388125,2.8404717250534484,58.975717247852586,6,0.0030723423902317792
1300001102000,37.77487409498153,-122.42673534702672,37.774865612714436,-122.42668924517916,-0.015351583545702707,156.20240499717514,43.880989620818724,2.540657221383867,43.41432139486081,8,0.005737996178713401
1300001103000,37.77487409498153,-122.42673534702672,37.77485109650528,-122.4267126058305,0.38612429149132693,161.8127781755561,32.204324009164594,5.156780177391416,51.14019997650861,6,0.005928638318912858
1300001104000,37.77487409498153,-122.42673534702672,37.77491692167129,-122.42667982150793,0.13036142137867104,154.8393862832686,40.568946800228616,2.3496300545493987,50.0780061090979,11,-0.0201196708435306
1300001105000,37.77487409498153,-122.42673534702672,37.774955431020345,-122.42677804932124,1.1011489877154945,156.3946162961316,38.27936590288065,2.6116410584617866,43.241764397797255,10,-0.0253419469827872
1300001106000,37.77487371344391,-122.42673493433655,37.77482748996271,-122.42676164624082,-0.3285288356110701,146.98779583966888,38.20485243887494,5.424110928538678,44.96111683976307,13,0.006227899115830722
1300001107000,37.77487298822526,-122.42673412327287,37.7748651885155,-122.42674205945224,0.10943864975413733,130.6403294988881,37.656711896354494,5.551804612617683,48.22957830477293,11,-0.00102192080096187
1300001108000,37.77487137018274,-122.4267320391511,37.774892620058424,-122.42671310626902,0.19838098154050807,126.40376275524537,30.99162243687623,4.61510395877015,51.558850662103524,9,-0.02326920156980988
1300001109000,37.774870757952506,-122.42673114102962,37.77483178038214,-122.42665001283706,-0.35248804283102597,117.03917320511118,32.062573042651636,4.678707468582625,53.49649376927037,11,-0.021427957053201708
1300001110000,37.774870757952506,-122.42673114102962,37.77476493114368,-122.42685141662344,0.1633765288886232,122.02843490256353,34.69930898522415,2.645681214491058,54.11066461497836,7,0.0009761184748194006
1300001111000,37.77486945698233,-122.42672870927377,37.77485870383104,-122.42677704563133,0.186320797532892,134.37243874499276,35.70750439286027,2.0532644370949416,41.08486924263925,8,-0.008233668848503593
1300001112000,37.774868793574846,-122.42672724437249,37.77481358903938,-122.42669195583356,-0.46265506899743575,104.6224698852875,29.81315254356452,4.579097955540865,45.03881474154173,13,0.013011369595208273
1300001113000,37.774868793574846,-122.42672724437249,37.77477187062712,-122.42671640051567,0.4417421776377023,121.2716692632671,30.022721858275183,5.491554800592484,46.15591698566307,7,0.013285916147742978
1300001114000,37.774865985405405,-122.42672258320745,37.77491108025695,-122.42681527854195,0.1862629815289139,133.46538656517748,30.836006325278625,2.4111102739715533,52.11365029645066,10,0.004294551118383005
1300001115000,37.77486422168357,-122.42671907432897,37.774945995748084,-122.42678467878771,0.25348199376425423,130.66926952481782,30.376923757115875,2.430053647803333,45.12636267637564,12,0.003522441449341964
1300001116000,37.77486422168357,-122.42671907432897,37.77489066799594,-122.42677734035072,-0.40679318803957715,122.31741469053505,43.34417987497871,2.565131680382109,40.81427833733202,13,-0.015493917907776385
1300001117000,37.774863875209306,-122.42671814066944,37.77488467340566,-122.42674501294474,-0.4711048818498834,120.90189841139738,32.603648071388,5.0731500425272715,56.20991960386404,9,0.0007834778202222106
1300001118000,37.774862601311526,-122.4267153726897,37.77488430546226,-122.42674012991102,-0.2509368709095805,141.2726170052091,43.68802417382264,5.223454256609932,57.191377382858505,11,0.001279776639119771
1300001119000,37.774862601311526,-122.4267153726897,37.774858720913265,-122.42668484222608,0.23095508077944663,136.07606898433366,30.338168560082572,5.978453476457025,43.348716862809695,14,0.008053111408652234
1300001120000,37.77486157138246,-122.42671399437123,37.77488402983205,-122.42664074087499,-0.20830397661716618,125.51967417123251,41.65046149916707,4.6335438326285185,43.850014901445775,6,0.009640402315424419
1300001121000,37.77486023296508,-122.42671180095502,37.774853667869706,-122.42669763368737,0.41768541163358497,113.69552424649368,38.02329105426004,4.641959491584441,40.83195380243093,9,-0.011587974580665978
1300001122000,37.77486023296508,-122.42671180095502,37.77482268621598,-122.42671163045377,0.13278550341910142,130.48458102134305,35.128626485889555,5.6464684262258,55.067004408670684,13,-0.0009634797705677262
1300001123000,37.77486023296508,-122.42671180095502,37.77492411555435,-122.42673480898017,0.4139169481138752,133.15007577854098,36.763287670508554,3.450036725065997,47.63302331898144,12,0.024369607277405225
1300001124000,37.7748590490324,-122.42670988473688,37.77489648711002,-122.42674527200673,-0.4294854134731749,123.8533978444448,43.961651125405254,5.114849125699516,52.14481784612871,11,-0.0017930031707362058
1300001125000,37.77485844104107,-122.42670869910202,37.77499130469352,-122.42671679855941,0.28376772865080147,130.08679170269863,31.24036351486155,3.277042633670124,50.344097202804605,8,0.011287874480282876
1300001126000,37.77485746717392,-122.42670652976706,37.77481653681017,-122.4267250834404,-0.20861252697457855,119.18920940724868,35.749781993779614,3.6045764347783273,53.90319507065469,10,0.01263740253113028
1300001127000,37.774857421895504,-122.42670641985953,37.774785164337445,-122.42664546450621,0.40160280248711194,100.48394793428889,43.80539583325112,5.468766418384142,56.752510702909596,9,-0.012588421460238529
1300001128000,37.774857421895504,-122.42670641985953,37.774924510055065,-122.4266323877668,0.3077278574175026,124.13248147486966,38.58570941728013,2.6517918988946207,57.926038897154484,9,-0.021572134968371976
1300001129000,37.774857421895504,-122.42670641985953,37.77485216241773,-122.42676076339835,0.3287854225458843,111.68971181548193,43.74629907563381,5.974130023941684,41.818654791961194,13,0.0023562338289042748
1300001130000,37.774857421895504,-122.42670641985953,37.774925261257756,-122.42680966339339,0.08985188109577978,127.37380279511743,30.551165358676936,3.9662551085581814,56.8978216293451,12,0.01621632987438797
1300001131000,37.77485713259173,-122.42670586565424,37.774957833296355,-122.42675148703296,-1.080750607332176,132.90896641288438,31.106626164202957,4.449598685507489,55.25580688737034,13,-0.000942813673101305
1300001132000,37.7748559440745,-122.4267039097536,37.77478731259208,-122.42680337407486,-0.48266564325823647,132.61948775406466,33.06062424226784,4.624240346709962,57.51967496891475,11,0.00922923933965801
1300001133000,37.77485508067103,-122.42670243280375,37.77481220925098,-122.42665767548759,0.5434975278581069,142.93557506964802,38.229346668595,3.5190317150340467,58.45933049298379,6,0.0032261456442011006
1300001134000,37.774854930923844,-122.4267021080468,37.77477086650133,-122.42666155973892,-0.26803694093192065,125.3888933106438,33.39691096416811,5.401337815747743,59.58782555279612,7,-0.008765785146289633
1300001135000,37.774854901977136,-122.42670202732143,37.77484737204443,-122.42666220876932,0.5364727389278535,117.66193556315035,38.13837525086667,4.3659492523339045,41.7345710638252,9,0.019370408760120254
1300001136000,37.77485445152291,-122.42670092603387,37.77481839832307,-122.4266627941688,-0.5117490307648747,122.52566304251219,29.42662714359293,5.700739414298329,47.289161303852254,6,-0.0014748141761494933
1300001137000,37.774854129361245,-122.42670005115035,37.774757085239834,-122.42666655600806,0.5071413445818678,116.59907157352659,31.979894889450783,5.782129680267359,54.15590530439851,8,0.015549255087800355
1300001138000,37.77485323090856,-122.42669619309743,37.77485822616154,-122.4266306933886,0.5634439101902013,125.55896858501738,35.242902410260044,4.803806098802832,45.36928333872649,7,0.0008921937741461023
1300001139000,37.77485291313914,-122.42669505661628,37.77491700496139,-122.42668616024864,0.37649527825080686,116.33305803505614,35.672955881720426,4.880423497545099,58.29956354378383,14,0.004283810914612697
1300001140000,37.77485291313914,-122.42669505661628,37.77480440916907,-122.42667515609989,0.07134253978190512,136.84337693184682,35.384559986443534,3.7495741796544713,45.72203174247897,10,-0.0029381968703454447
1300001141000,37.77485291313914,-122.42669505661628,37.77491518196661,-122.42670617476618,-0.4965888606694253,90.48307378556885,36.52000287979076,2.9646118190763557,44.85029671032842,6,-0.00583362460849187
1300001142000,37.77485176552362,-122.42669083903832,37.77488660909233,-122.42665373757387,0.2027411461192285,109.62976059111769,34.76528791863253,4.697964865746595,58.688144527219855,13,-0.002310462515340062
1300001143000,37.77485176552362,-122.42669083903832,37.77484853792267,-122.42681112707211,0.2976986202453108,107.05667641907112,42.0241061952928,3.5976551566625434,45.738387376021606,7,0.011557688738498342
1300001144000,37.774850856480406,-122.426688240439,37.774797964464156,-122.4266511134463,-0.1955278299203888,120.93726753750177,40.5418171150334,4.694013166177098,45.725518117614634,9,-0.009323754815298823
1300001145000,37.77485072731658,-122.42668772220725,37.77482726620277,-122.42664902314883,0.6752626183808556,106.01063964261576,34.7665401757257,3.7615752356512604,46.78013435235813,6,0.0056425106091370835
1300001146000,37.77485060961381,-122.42668691794535,37.774957029387934,-122.42659656743683,0.6074397089082674,103.70417112221573,40.73050426497526,3.1142116304271115,59.451973176808664,11,-0.010173388863693802
1300001147000,37.77485049269877,-122.42668597920702,37.77483103065903,-122.42675521251343,0.767677221541332,95.52761587126668,40.14206655234801,4.451980237346882,42.70551734452614,9,0.005260857749286989
1300001148000,37.77485047102312,-122.4266818954674,37.77487895166998,-122.4266724953943,0.7363554690745118,93.84200122090752,36.40937876849763,2.366132340772606,49.7062786794169,10,0.0008034138890438793
1300001149000,37.77485044035233,-122.42668097355725,37.77483672537916,-122.42669052112439,-0.599704649333504,87.72734125985409,36.833327365393004,4.9569506524051,46.32155351696944,14,0.006448623994605544
1300001150000,37.77485052609064,-122.42667963820573,37.77479560524775,-122.42675550839526,0.22532889411744667,88.27494362648969,35.49666656110515,5.451763504056726,42.73134028390876,7,-0.014447161338932424
1300001151000,37.77485052609064,-122.42667963820573,37.77488501213374,-122.42661742135073,0.3833348295370156,90.83109880975617,36.5416660247267,2.8289493282482683,48.11561338166864,7,0.0006365370205813641
1300001152000,37.77485067080922,-122.42667764948682,37.77493313322132,-122.42665552537675,-0.1103468861651303,85.98968329329027,35.917412648515224,2.995446412324173,52.84429859163063,9,0.009500617856077701
1300001153000,37.774850736317205,-122.42667485893956,37.77490399294926,-122.42663743484746,-0.2206548844645152,93.89819566192992,32.38828689159667,3.6934831540939568,49.20736293769999,12,-0.00040446523310382776
1300001154000,37.77485092870627,-122.42667268585637,37.77493138095507,-122.42676448372526,-0.48075519455659926,90.39535835340448,33.31977495752825,3.457077339996117,46.09321862639652,9,0.025336927019359603
1300001155000,37.77485126637017,-122.42666782473421,37.77485841720389,-122.42672263241535,-0.09980068524254776,80.93222320374059,42.825289390411086,5.654898458576476,57.74130651235376,12,0.008472132065579207
1300001156000,37.77485157657622,-122.4266659778105,37.774851448721456,-122.42669198360944,0.3202481355646387,84.69601104233908,42.781693012071244,3.4044782864903445,46.182853840111505,8,-0.005983788003485121
1300001157000,37.774851852625964,-122.42666349868449,37.774878236649826,-122.4266873672868,0.2834439564841013,86.91954122351476,29.292767523014433,5.9374420646768264,40.366732766220125,13,-0.016443435403700205
1300001158000,37.77485251796119,-122.42665792862431,37.77484138689824,-122.42676399809619,1.2329991966793659,93.61590392232088,40.7665811884103,4.652188780543769,51.228601325282554,8,-0.013565850680244065
1300001159000,37.77485251796119,-122.42665792862431,37.77482794371019,-122.42669750630107,0.009932819180044947,84.92264014375183,40.815209811308,3.5229810921722784,41.80526148293862,7,-0.004384699068467121
1300001160000,37.774852688038,-122.42665697514067,37.77477299606257,-122.42666541370805,0.009336167052124006,84.25878052954023,37.997727006852706,2.251533026678938,56.37970693781939,6,0.0005018566917074536
1300001161000,37.7748534342739,-122.42665173931829,37.7749043529287,-122.42667123491415,0.7394896066345442,73.08264394603313,41.788565707216556,3.3236810894287347,49.03765008189603,14,0.0005223588819715815
1300001162000,37.77485394452522,-122.42664751596524,37.774856428786016,-122.42663303607053,-0.0731946984156977,68.40046345431563,42.173259681251935,2.308243376892323,41.50186142516257,6,0.0061684208929171785
1300001163000,37.77485429950584,-122.42664378948562,37.77477420706816,-122.42666134556201,0.8666808882644207,85.07667480814072,33.46108886245591,2.769296559188698,49.47816101734931,12,0.008134366054245284
1300001164000,37.774854604607995,-122.4266396354614,37.77476368407267,-122.42670707452743,0.8276856366191048,86.63348373497912,42.07731183982222,2.452983084466518,48.65984782454191,11,0.018949770376250365
1300001165000,37.77485487173645,-122.42663656253536,37.77494345456984,-122.42664121373268,-0.25097572262567985,76.975643160883,33.8757750758389,4.786205171264411,48.407545147115975,10,0.015705671969586027
1300001166000,37.77485487761799,-122.42663043626062,37.77490865778215,-122.42661195340025,0.6589908671645476,69.96007393017847,34.34906628809759,3.4242309380661373,53.33186449030736,14,0.0003437750473354538
1300001167000,37.774854916819656,-122.42662708979668,37.77487408695969,-122.42664672907924,0.1744925224491467,113.20862451760073,36.19514448097406,5.636199921107988,58.10388143852404,9,-0.008026674889753296
1300001168000,37.7748551112859,-122.42662399474544,37.7747817614129,-122.4266164319663,0.37395444457995475,91.65585705820514,41.56545185890731,3.2508354130446127,53.56414704750201,6,-0.012915948619411255
1300001169000,37.77485531084558,-122.4266210122109,37.77484207175744,-122.42647376299519,0.8110572658687394,88.9344230947337,32.79636977519621,3.4236437702311804,44.53580583000147,10,0.00821604971658237
1300001170000,37.77485572482791,-122.42661791271746,37.774804120877306,-122.42653647182127,-0.10548365425829676,95.93388368520537,37.986000337816726,3.0376578190599517,43.417016486771864,11,0.01148660853663723
1300001171000,37.77485574916614,-122.4266177667424,37.77483752741212,-122.42663508767096,-0.5164137961307488,63.43359841366973,34.04912071924337,5.835909620793554,44.00581442521834,8,0.006442366381174143
1300001172000,37.77485655554189,-122.42661327543807,37.77484571183134,-122.42666421374379,0.890743095759871,80.84757694775675,37.89767601614019,2.5824895532794914,50.294275332053694,12,0.005851396520909392
1300001173000,37.7748570835334,-122.42661072834693,37.77482081943105,-122.42660399524576,-1.1305780696257215,75.14963987424238,40.514322502753735,2.8126889989521744,48.41669011966828,7,0.00022405898796130637
1300001174000,37.774858421386824,-122.4266037841373,37.774788732914296,-122.42661081941483,0.6420773265119317,88.28747522326917,32.938008982836564,4.356048840861737,42.83573004644715,13,0.002003289148472456
1300001175000,37.77485858070476,-122.426600879356,37.77489551597065,-122.42661392820479,0.2717727561982834,81.8525227201424,31.554848441547783,5.655168647206103,49.301870673936236,10,0.010633621335312593
1300001176000,37.77485864403156,-122.42659676142158,37.77487111137834,-122.42655590898335,0.27304903797174906,71.93378232955595,41.19944238348382,3.4432666406441763,40.0565368914919,12,-0.008004283516027635
1300001177000,37.774858421508696,-122.42659297029786,37.774885849097615,-122.42658928260525,0.5442473397043713,102.45765425742763,33.95603642452042,5.586879042995557,52.477627090260256,12,0.010160837550535267
1300001178000,37.77485837623587,-122.42659107213461,37.77491512114584,-122.42656116148424,-0.2670997459567652,73.99163577508827,38.46004907987872,5.756570035788222,48.888744100171365,7,0.0029804480832008864
1300001179000,37.77485847039795,-122.42658541666242,37.77491361776811,-122.42657793364744,0.7350857972698472,78.19877840050763,36.9329434360385,5.100484955868883,59.7013073902435,13,-0.012984816391858965
1300001180000,37.774858804120804,-122.42657761478942,37.77494196563249,-122.42644161052894,0.4386413306348762,94.18692347465274,40.18544426725241,4.157392043956157,43.2023068996677,7,0.0042580706943029355
1300001181000,37.77485874727358,-122.42657408375686,37.77490504058339,-122.42665477295176,0.004168069614824854,102.75868379671991,28.768028769588337,5.250680545367741,48.82376129387463,6,0.012718185502015724
1300001182000,37.77485913710986,-122.4265711596425,37.77488209290716,-122.42649500936821,-0.18872852977150795,83.24178355227534,29.81990407269631,5.6589338171276875,40.372780123264526,9,0.008411853569230689
1300001183000,37.774859725389305,-122.42656833066059,37.77483910811689,-122.4266875814721,-0.09017766534541849,71.31527692094025,34.78994091108069,5.863655902163201,43.428440374274494,12,-0.006013447561530704
1300001184000,37.774859725389305,-122.42656833066059,37.77479523882188,-122.42652249511511,0.12742899641196026,55.91859900847492,30.70460057837147,2.5888617084986736,59.32089352871688,13,-0.006999919631130566
1300001185000,37.77486045721881,-122.42656495743836,37.7748899701692,-122.42661919237077,1.5391764370420975,70.22821615854042,35.54984411940021,4.746706087844316,59.65947684013294,9,0.010917783775551864
1300001186000,37.77486080319216,-122.4265604197474,37.77484620016156,-122.42655124260513,1.0451338238315497,75.09440590146262,32.86915299867165,3.0053849176049368,40.331108842071465,7,0.007848293325746
1300001187000,37.774861095132835,-122.42655395777398,37.77496097644735,-122.42646151779947,1.2526895882500546,83.52552618686687,38.824787478843376,4.288011944134009,56.15824650617951,10,0.0026339947693668968
1300001188000,37.77486167000836,-122.42654765480025,37.77483644235969,-122.42652770744424,-0.4837943350008408,74.19457975267608,39.85215074204521,2.3587156363687796,48.693054423515754,14,-0.009316979449231617
1300001189000,37.77486232261524,-122.42654445543602,37.77487632654023,-122.42649985727019,0.8180035269053565,70.23209072138681,38.441110809656145,2.508986222198646,56.095668048598,10,-0.014001729039065266
1300001190000,37.77486313956877,-122.42654089163726,37.7748773727764,-122.42647931660336,-0.002724756400202255,90.46166762756906,31.77712970935035,2.5022118166524527,49.6064112368116,13,0.006818032556794472
1300001191000,37.77486526898895,-122.42653444794968,37.77479160729492,-122.42653561865629,0.9653707922065,42.04613991263986,32.5943920423005,3.387801263021765,58.579073609881156,6,0.008248645245651954
1300001192000,37.77486640330865,-122.4265305799342,37.77482814845025,-122.4265679900518,-0.37909085532139075,46.954129767967004,28.746980307436584,3.8031315750410353,43.24205898777711,12,-0.003600691443061574
1300001193000,37.77486731627582,-122.42652732722107,37.77476798326208,-122.42651988745767,0.6546308007481485,75.66697804234721,40.30982604725725,5.018698036223654,44.89837868664185,7,0.011249048514807883
1300001194000,37.77486923286275,-122.42651984224585,37.77488295804376,-122.42649793483803,0.323944142558797,68.25314689199533,35.67886413841368,5.621281176195424,45.52264213962538,14,0.007876012550792648
1300001195000,37.774869976173605,-122.4265127507523,37.77487931021163,-122.42649356804242,0.061755516446405534,71.71902428895291,32.600867449802166,4.530506924867394,58.23281230853984,6,-0.009665564535522435
1300001196000,37.77487079257944,-122.42650792922113,37.77490798072751,-122.42643047244293,0.8355827897710715,64.91794346948832,38.263925277793874,3.261514834220396,46.57469320614072,12,-0.00015937150014870322
1300001197000,37.77487144101772,-122.4265043908123,37.77483518158262,-122.42654071998794,1.2931703870460045,78.74426990188385,42.527809102601275,3.77166697157859,59.06769480970193,7,0.008098817757479412
1300001198000,37.77487157128708,-122.42650391529453,37.77481859500837,-122.42645515550134,0.1851899796994824,73.56343818396424,29.394488892802638,3.386470129022945,52.620445729007415,7,-0.012701912087593015
1300001199000,37.774873290966,-122.42649777786482,37.77485719283226,-122.42656201724009,0.8811295899808511,78.18308235241261,39.3928239954427,4.367511414150551,57.31516101345873,6,0.0013977320959102783
1300001200000,37.77487380215893,-122.42649461388928,37.774894464957484,-122.4263894046193,1.1292076266472915,91.6427073675182,34.7238222332465,4.512528150197191,56.95439694436989,10,0.007080079494997973
1300001201000,37.77487391008234,-122.42649372252077,37.77481976037586,-122.42648235966756,-0.8004956898064393,77.0326641596785,32.99520176802332,5.17543269116646,42.86416396005527,11,0.007501833253650026
1300001202000,37.77487506532569,-122.42648477900617,37.77489415775938,-122.42654123732115,0.7503601000015085,81.65106311795489,34.76417978307739,2.825351572927544,44.767693333919745,10,0.018876113925528914
1300001203000,37.774875840892314,-122.42647781773238,37.7749003535466,-122.42649188433072,-0.14923801215323085,80.96824826834143,31.26976039120737,2.7065671240556313,58.96864872065129,10,-0.0006068353713860199
1300001204000,37.77487643040193,-122.4264748435466,37.77491744622684,-122.42651181438161,0.028767812246480978,75.39467376533635,31.154629737690257,4.084900410791999,42.23413405014916,9,-0.01937658042616154
1300001205000,37.774877084413355,-122.42647196671915,37.77485921112992,-122.42660118277445,0.1226938932219796,71.53307761580328,33.0577783006941,2.337098487470099,54.75250097216677,13,0.0023607779051101237
1300001206000,37.77487875137027,-122.42646442339013,37.77488310825776,-122.4265232557718,1.6456565286901759,62.02145682577845,41.76544919443052,3.1626335488549513,57.91451036092944,7,-0.02236970540209486
1300001207000,37.77487956733191,-122.42646060348893,37.774940992426714,-122.42641204341696,0.4376535189918568,77.06546879174206,29.143566132808218,5.9201337964926495,50.550711248006685,12,0.016949885286222544
1300001208000,37.77488232093303,-122.426452306254,37.77484732250703,-122.42651430736655,0.9267289614812801,69.69860612751143,32.86609405508695,5.225068843285458,47.32178374378331,11,0.0018812170908477153
1300001209000,37.77488447428187,-122.42644525985297,37.77488256210073,-122.42641133129428,0.42692081856356856,69.77361314373526,32.08571414167876,2.85219713096481,47.849651521469156,10,0.00355257900126629
1300001210000,37.774886469871745,-122.42643822472812,37.774986771191756,-122.42639919464462,0.6285497001759253,79.61474012503577,37.41268675174585,2.4601266828357824,44.971093879223865,7,0.0026334236141111154
1300001211000,37.77488858962409,-122.42643146057176,37.77490379195741,-122.42638491006366,0.9454473584498202,75.0154626014591,31.52375118974425,4.626081492255646,59.26934106317218,8,-0.008881476922900061
1300001212000,37.77489059611945,-122.4264250510049,37.77493775980631,-122.42641351086277,0.5297129905173473,50.40553423833557,28.602619624465003,2.8269747283277016,48.604645468037305,10,0.010917241552288468
1300001213000,37.77489387990668,-122.42641756338942,37.77490890382527,-122.42646517272988,0.5998704255681847,51.201166783057936,30.7756212160092,3.1606940732858,40.63200319791321,10,-0.002468369352786461
1300001214000,37.77489652332141,-122.42641303100964,37.774946870012656,-122.4264658779052,0.4971858633348018,63.64627664444033,33.92283141772525,4.296651030056713,42.74366477694611,12,0.0049157061996957995
1300001215000,37.77489973918704,-122.42640737925498,37.77492397320144,-122.42640687403086,0.0214846454685782,49.83833592043828,40.572476664199655,4.05683984717446,42.73137657763657,12,0.018311745276584294
1300001216000,37.774904016101644,-122.42640071818973,37.77489304511086,-122.42633617763481,-0.1671999441307067,53.54308254731858,41.251427352674135,2.089801470163106,44.60231094037324,6,-0.007470818241647151
1300001217000,37.77490813621188,-122.42639431454467,37.77489612199273,-122.42635214278623,0.06802924937206234,47.916310465914044,38.274420936935485,4.670555251023206,43.42022674619494,7,0.006372135837426954
1300001218000,37.77491011310757,-122.42639073574912,37.77489869212676,-122.42644230639269,0.45814057743997394,67.45057993369463,34.81153840405699,5.834575464588845,47.455340477842455,10,-0.000738099703452373
1300001219000,37.77491291178151,-122.42638582958955,37.77494580120054,-122.42645491558683,0.20538597289006483,55.712798376300526,38.406053604888385,4.334167419961317,44.81067748231458,11,0.016187791225032146
1300001220000,37.77491766704036,-122.42638075835669,37.77491888564524,-122.42638361194633,0.5092891233377743,41.0484465060829,31.591032369945847,3.0254790420394606,55.20824111571194,14,-0.014497656437864515
1300001221000,37.774921621796736,-122.42637665210916,37.77492078488232,-122.42635616197173,0.28089261789560044,24.429745803426542,40.55824038206696,3.797056085947013,57.91702430323616,12,0.001940589001433768
1300001222000,37.7749289096919,-122.42636971158467,37.774932931950666,-122.42633356896567,0.7229104125449869,20.546385158902368,35.371937703740485,3.2886204183956487,44.126202557471245,7,-0.010851187907299203
1300001223000,37.77493321805305,-122.42636578083743,37.77494694300699,-122.4263738779186,0.4450976780967253,31.872263000104596,43.23585348417572,3.1679061780663504,53.1890286920742,8,-0.00034713467971505976
1300001224000,37.77493765068749,-122.42636102568929,37.775015813068606,-122.42636666546368,-0.2773162063253164,49.676331914511266,32.656930143241894,4.951418773525235,51.777348549671274,6,0.011511112867730131
1300001225000,37.77494404262394,-122.42635589308676,37.77489771363905,-122.42642391997185,0.7682997715949774,24.647891297756793,38.40889490475843,4.99857657849175,52.26638050004759,14,-2.886607876914876e-05
1300001226000,37.77494976134047,-122.42635108199794,37.77500368990478,-122.4262662827698,0.38887018709547283,47.92907904650623,41.65286131220573,2.693329125570418,40.70986819901778,7,-0.023926614907191838
1300001227000,37.77495433073492,-122.42634597205456,37.77493301971929,-122.42635106781601,0.3212436303466473,35.50129634735204,32.57723953448826,4.792558233693743,44.36825353731721,6,0.0277827141578773
1300001228000,37.774958320056115,-122.42634197972644,37.77494156746452,-122.42628769244207,1.105149568713064,42.49843931286599,29.24626842251182,5.144867996764425,45.864981320904114,14,0.0013783799572105397
1300001229000,37.77496368233768,-122.42633614321186,37.774956267709115,-122.42634579632889,1.0990238801727175,35.73932561467508,35.505346374704125,3.1118047305396854,41.75017711908564,11,-0.005481383997482765
1300001230000,37.7749696258162,-122.42632848133941,37.77490189658527,-122.42630282954659,0.09616855147524772,50.08951639224092,36.66231143469349,5.938634934940542,59.1951727201547,14,-0.022371050045534937
1300001231000,37.77497482540227,-122.42632152773243,37.7749430831859,-122.42631139439298,0.4163980738964799,60.558449163238734,32.259478696381414,4.788678898747654,55.13494731803693,13,0.016421037833415326
1300001232000,37.77497875994179,-122.42631685926449,37.77497196633844,-122.42627776625669,0.13921479791387126,52.76684248644747,41.12219206073293,4.340270767805844,43.10974518885365,11,-0.0028869890108054455
1300001233000,37.774986463195816,-122.42630879233556,37.77495662465476,-122.42633857221023,1.5748413311970548,56.310788576447976,40.023651880485495,5.371652196334991,42.30980563952462,11,-0.024594429022786357
1300001234000,37.77498964027266,-122.42630499995977,37.775054494353654,-122.42629530459699,0.2887399877687876,36.084378317477686,37.605371915696026,4.906781562792192,56.04572655737357,10,0.0024589515292600585
1300001235000,37.77499254987268,-122.42630114852997,37.77495134250924,-122.42631345443384,0.8237442845706802,34.93880878479476,43.909332240759674,4.380544449936004,50.50177797772739,11,0.009672776970356727
1300001236000,37.77499910246357,-122.42629358847033,37.77499073983509,-122.4263083530258,0.9657354704479881,30.032225594270706,37.69001177032822,4.6816740056483805,41.60273574696808,10,0.007926895081003645
1300001237000,37.77500524237964,-122.4262878445362,37.77497504072536,-122.42623271992878,0.5252373129688349,34.20976233454154,35.44261896410883,4.377651969241079,45.47528486343212,9,0.009385207314986278
1300001238000,37.775010721266455,-122.42628383016769,37.775073285883096,-122.42626173463061,0.545537947384428,17.221989084158217,31.539235449966867,5.451562149188552,42.517947305077584,12,0.028881624006492773
1300001239000,37.77501498015319,-122.42627956187569,37.77494783682223,-122.4263384877109,-0.33121723287949933,29.067114551906954,43.83550657610406,2.3596085645699167,50.520232338121524,14,-0.007957723211697687
1300001240000,37.775024166697634,-122.42627046667805,37.77504492923727,-122.42627716853222,1.3346193602584704,30.438678708054024,36.11179240553619,2.345626776279848,50.5872301974186,12,0.01975923605539602
1300001241000,37.7750291928995,-122.42626292954509,37.775089036386696,-122.42628172213276,1.013286909557175,82.05160904152561,34.40293524999518,3.1654178923523615,59.80558189797617,9,0.011604164919389131
1300001242000,37.775034433303084,-122.42625425040451,37.77510481849454,-122.42624842262997,0.8218175586611577,54.83374799429383,40.97215198635828,3.9437483471459904,41.45169825648081,14,-0.004103375833985821
1300001243000,37.77503923412434,-122.42624563333806,37.775048078487416,-122.42630248250757,1.2301061796262724,54.1928081573814,41.491827593822485,5.467742146339441,59.00964517083694,9,0.00530931363114222
1300001244000,37.77504401694529,-122.4262365419978,37.77513043354087,-122.42618792724454,1.296231690833687,50.05442309440361,30.874604312261727,4.501668654993438,51.966219964609394,6,0.00422442666970983
1300001245000,37.77504828927846,-122.42622664925182,37.775000705100766,-122.42621815170799,1.3561095796228402,50.616948864740294,30.84874156221907,3.943257719774657,42.96784482838004,13,0.030466593090315464
1300001246000,37.775053444750974,-122.42621678795096,37.7750258659166,-122.42627427605825,1.7082791611316395,56.52928469764875,30.906394285939413,2.539771798803016,49.60822733597507,8,-0.008046872652938816
1300001247000,37.775056315431435,-122.42620809778634,37.775029359459694,-122.42623598602323,0.39235881946698714,57.141578524896815,30.118162146763808,4.178198877128385,42.717775635029966,13,-0.002815082711451325
1300001248000,37.7750593404543,-122.42619916106848,37.77507220402227,-122.42607753327871,0.7643843642465791,51.07400700852568,38.0813187961815,2.5736065947469,57.163002466755785,14,-0.0011647187365827975
1300001249000,37.77506166331897,-122.42619331792297,37.774955966721535,-122.42609181474836,0.4371746103467993,46.94596302365649,32.454199875781896,3.493718023346131,53.837544254275564,11,-0.017964308349238053
1300001250000,37.77506463613687,-122.4261853205547,37.77511206278298,-122.42616945965244,1.0468915656948568,81.85622801033567,39.761986817051074,3.6650700562467944,58.29818130382705,13,-0.0038944064067121514
1300001251000,37.77506766161495,-122.4261746451013,37.77512922541928,-122.42612254235311,0.3767862902935294,63.65708436868449,42.495436232194926,2.7200734008415375,58.8584003907435,12,0.004153309688663272
1300001252000,37.77507203636035,-122.42616264659624,37.77505762703377,-122.42609279646075,0.8381838257018042,48.63783861385089,37.71485802828539,5.70490253089498,42.739137977266736,12,-0.0014609060113214636
1300001253000,37.775075671073274,-122.42615122412786,37.77513858092012,-122.42622052571465,0.6363604959049606,64.73744612900623,42.292812868860814,3.425187421803978,55.34802288713149,6,0.011413384357594215
1300001254000,37.77507917432492,-122.42614193652796,37.77510786213484,-122.42610815406148,0.9562279396226228,71.2667479504701,35.397425955871206,3.6034745980415064,45.55352477705817,11,0.025021314264710794
1300001255000,37.77508226145078,-122.42613460409221,37.775033417718724,-122.42614504420473,0.7049458573287974,61.85309129198468,41.803716877065746,4.973849951246255,59.79153298403915,13,-0.0004968111327512976
1300001256000,37.77508425852747,-122.42613031301886,37.775049707051274,-122.42612823240245,0.1328555306572073,48.18713827800935,42.47824446128013,4.23717194850464,44.240395686098836,11,0.006841510116921745
1300001257000,37.775089234376225,-122.42611778118275,37.775063869803795,-122.42613602081161,-0.25589664010082824,62.423657147287365,33.55009686351533,3.0629403636737766,47.27280467202645,9,0.005176476780890888
1300001258000,37.775093524464786,-122.42610916809691,37.77510996211859,-122.42617830120942,0.5511644372795474,51.90359219032143,44.90809678235389,3.8687889576417986,45.87631456312173,7,0.003707799198956531
1300001259000,37.77509787733149,-122.42610009433913,37.775144906694656,-122.4260984586289,-0.16952515554903247,69.02187861144118,40.95697780962307,3.04813954828198,53.96516596400835,11,0.012876257553092314
1300001260000,37.77510305915844,-122.42608998827797,37.77513665950913,-122.42617649052309,0.8435430411055462,71.65037779549722,30.879909388549866,3.61748681365836,46.266130488390345,7,0.0066550321973690065
1300001261000,37.775107201173384,-122.42608308634757,37.77507618739422,-122.4261136881744,0.4237636251987465,55.245011907336625,32.641093766258535,2.298917722726752,44.508210811324574,13,-0.012558100210815857
1300001262000,37.77511325842941,-122.42607494712743,37.775118900911075,-122.42601665377306,1.0667746552159607,28.156082759025747,42.75681283921556,5.6743054576596865,42.8005193519416,10,-0.010922095657952512
1300001263000,37.775123256474835,-122.42606406322955,37.7750925962842,-122.42602481931853,1.399558638842809,38.635303481410126,39.4197376086397,5.715397192702273,42.635649999471354,7,0.0012499164477100815
1300001264000,37.775132151799966,-122.42605688222945,37.77521126533414,-122.42608355144682,0.7863258304577785,33.466140855141184,36.90532811202154,2.826096383153771,59.241507772646145,9,0.0002685572825087072
1300001265000,37.77514043836838,-122.42604897575103,37.77512121646359,-122.42598046612041,1.3565716091711297,31.58799156991479,38.42708651475941,5.764136929977088,58.09616661948207,10,-0.006256459267126244
1300001266000,37.77514609846526,-122.4260438084969,37.77514272971533,-122.42607412845688,-0.14223697584469974,30.798170066863616,34.65262894274939,4.043956864642672,53.41055783927343,13,0.004237447528788792
1300001267000,37.775157291336214,-122.4260332890576,37.77514312083576,-122.42607872274196,1.1852759130573556,40.465655758900816,39.04289274491797,2.0912406972899156,57.54763267478029,9,0.00032003220642640927
1300001268000,37.77516278085586,-122.4260269254664,37.77510280495848,-122.42591268119989,-0.17641396530140896,48.386927730772655,30.803931850872793,2.7877310302925635,59.722616445262034,8,-0.005761507216699645
1300001269000,37.775173683142555,-122.42601675723328,37.77516973140868,-122.42598234194199,1.073318399028139,47.98418656810758,44.95623137037385,4.463929632385026,47.20043474608075,10,0.0013386566144197713
1300001270000,37.77517911191791,-122.42601251700069,37.77522020556824,-122.42597939716399,0.6854575739028286,24.21489059945284,45.52760730288852,4.0342364753838815,55.57073164034776,12,-0.010896008281555056
1300001271000,37.77518984619554,-122.42600371002464,37.775181308681944,-122.42595926520237,0.7520927159313346,30.52901253433444,33.97150384400948,3.6994310882762904,51.91715281871905,7,0.012087337914735284
1300001272000,37.775201978957234,-122.4259969261583,37.77511942742087,-122.42596970746555,1.5067535645527175,22.532607887202996,35.963699454165486,3.133621396135185,42.29151048818679,13,4.301316462934819e-06
1300001273000,37.77521035165128,-122.42599287067982,37.77519992036811,-122.42602919671592,0.1136010555368141,23.61726643504958,35.568928463028406,5.640667999998723,46.354002917167264,14,-0.0021286642130760943
1300001274000,37.7752211905714,-122.4259888542195,37.77518564321793,-122.42602320155923,0.8371221185088915,21.584988428569524,34.39825412757165,3.296070877188439,40.44399266085397,9,0.02096879685073474
1300001275000,37.77523223126781,-122.42598432303352,37.775234848610495,-122.42596752756535,0.7863301145883462,19.094069483337435,32.36174234819251,2.4794333793116525,59.37218970856814,14,-0.004348492093824736
1300001276000,37.775241129490766,-122.42598112818119,37.77528939747422,-122.425956703414,1.981428017930158,10.510969874635208,41.0893743288671,4.516083274385292,47.2580541376517,12,-0.013645467567061191
1300001277000,37.775248503451856,-122.42597660131615,37.77521349302791,-122.425930525284,0.2702026580910136,34.292461989162845,35.80641936468071,4.253809579759526,53.643400384446366,13,0.008740892587263247
1300001278000,37.77525583911868,-122.42597111842699,37.77524806374143,-122.42597660010199,0.7035200799848712,41.06268122235973,33.761232137508316,5.279111325913595,59.25272496863235,9,0.0023699535099124007
1300001279000,37.77526654902766,-122.42596441951683,37.7752688670985,-122.42587202116258,1.7090578202901987,42.45748629634268,38.85144064194228,5.747091720619489,59.689342474584855,8,0.005213875221682208
1300001280000,37.77527648677668,-122.42595872390744,37.77520510300608,-122.42602498158334,1.7880945913853723,33.68960689539912,36.512632274565554,5.7850537686608785,49.11827507383996,6,-0.0209337552251387
1300001281000,37.77528584243492,-122.42595378887748,37.77530348912593,-122.4258572820787,0.44393872430933423,359.920854691955,32.53709042883632,4.736951406286589,40.845075691656476,9,-0.0011965742853997541
1300001282000,37.77529590149955,-122.4259434221752,37.77528119356835,-122.42587325766955,1.7483129132500255,31.783909035535423,36.763633927986426,2.4084574737729683,59.229447560111865,11,0.004591043972895718
1300001283000,37.77530632225671,-122.42593530665904,37.775258506656854,-122.42591896118223,1.09715242983173,32.08845147218218,41.69348147080606,2.151625720787152,40.89474991331659,10,0.0061462615999565845
1300001284000,37.775314788627014,-122.42592844791311,37.775247499963655,-122.42591310230796,0.8144075831651714,34.489778494627544,39.755476707919065,3.47876966346078,55.75493177160645,8,0.00903041584951741
1300001285000,37.7753234345805,-122.42592398165931,37.77532130967501,-122.42593623849712,1.5708077879129254,9.152526401190274,38.02171045712598,5.2838251131137355,40.21355118779541,12,-0.005487252061755788
1300001286000,37.77533503145863,-122.42591800140237,37.77537605656182,-122.42595885046606,1.374005609369007,15.111777974174087,45.262851670753356,4.9494405215690485,56.1622222701006,8,0.006337299480960413
1300001287000,37.77534413531445,-122.42591088085581,37.77536868507308,-122.4259333655213,1.0532583296013651,29.933584760645495,42.27718312170342,3.451025557176802,46.6657900214365,14,-0.002170599539645899
1300001288000,37.77535450226095,-122.42590340489997,37.775295600144794,-122.42588307969069,2.1171336520635746,34.721734054203296,45.34085487218878,5.582220640976299,50.000641572450256,7,-0.011761931672431588
1300001289000,37.77536649045671,-122.42589270353554,37.775349436496235,-122.42578066888102,1.7651104369769055,28.942912740789396,43.24509510214423,2.2453394849772823,40.71820238625336,9,-0.02137712015834466
1300001290000,37.77537701402849,-122.42588342417314,37.775399948034796,-122.42583915209276,2.0614606732632046,34.59256159568685,33.548456919601385,2.8722334151049687,41.5168162977685,6,-0.004902356093211767
1300001291000,37.77538581041041,-122.42587626241567,37.77544545084267,-122.42594826986004,1.7568271602344048,25.60789771566651,34.371895128495936,4.0561681997450485,44.939117466354986,10,0.015615128715451012
1300001292000,37.77539636788715,-122.42586807592014,37.77547174866348,-122.42591796244433,1.6786775312921614,36.3830197471088,32.29069252165742,2.6773956182659298,50.23866205975348,7,0.0007445174962265593
1300001293000,37.7754055600218,-122.42586174324836,37.77541635651769,-122.4258147216738,1.4965199347688123,27.726686402928344,37.28096577513986,3.905281933083195,57.33360846878551,6,0.008694676895264111
1300001294000,37.77541924274518,-122.42585350881767,37.775473052761356,-122.42585212481129,1.2051405524664685,43.17769788283647,38.768330828800025,5.338446404143388,40.76366256237849,8,9.619156013882676e-05
1300001295000,37.77542997514091,-122.42584888943152,37.77536000734237,-122.42590037565118,1.2293809665791333,14.354881542645122,46.234739484234524,2.574843363826641,57.95308382702555,11,-0.001141726864669549
1300001296000,37.77544144877101,-122.42584170807572,37.77546687990781,-122.42588966780806,1.6232653484714832,15.502109413224058,44.97712991337124,5.3237382978239705,43.427975189090475,10,-0.005123942003022597
1300001297000,37.77545335017046,-122.42583489139864,37.775532971455824,-122.4258944437503,2.066670060931396,19.230366011559177,34.63289304710976,5.432160526747682,46.31843533459539,10,0.0021076093646800985
1300001298000,37.77546494362131,-122.42582779258854,37.775462871487235,-122.42574001682038,0.6354545018839969,21.36608666974033,37.45025995527854,4.679454663725346,53.804219906824784,13,-0.022300249344766675
1300001299000,37.77547346682877,-122.4258235572589,37.77554226390773,-122.42582584697097,0.5612858801963545,40.34380609896242,39.21915250930282,2.2747440843420583,58.55981607732147,13,-0.007848760108450285
1300001300000,37.775482516164224,-122.42581771664072,37.77555029637065,-122.42581848549148,2.1593297507991034,40.402391875471594,40.116389664509526,2.337002385320116,44.70280018459152,13,0.0034640195772515886
1300001301000,37.775493356257385,-122.42581112794147,37.775524622516315,-122.42582824816114,1.4289601471972964,28.70048631908859,35.1061846668678,3.4537561983895433,48.02886579031371,12,0.0023393478993456057
1300001302000,37.77550556519598,-122.42580385770205,37.7755893402838,-122.42583398081078,1.4687624741202172,24.076886157154952,35.90382261174511,3.6800225904458057,45.58615349033277,14,-0.010033537572948923
1300001303000,37.77551782029154,-122.42579939405849,37.775503310484986,-122.42587477457938,1.4054644632064912,353.94583082351824,40.8361465695552,2.6466751954371315,53.26485202095209,12,-0.009154662347688289
1300001304000,37.77552862265497,-122.42579494279802,37.775517172884214,-122.4257791014997,1.5070920215274306,10.380868207066474,36.68882276415534,4.440305139765808,55.9677859641837,11,0.004717925271313878
1300001305000,37.775538181608226,-122.42578875474142,37.775614413929766,-122.42572380621654,1.6039611304659993,27.219806160164662,42.442483038317135,3.3533747024483276,51.39090110264396,12,-0.005306906297194403
1300001306000,37.77554972561654,-122.42578262958007,37.77556918535858,-122.42579981884482,1.8411664777885357,17.199207177687146,36.14433309443789,4.724536321784184,44.839082661371464,13,-0.004579472093901063
1300001307000,37.77556141521909,-122.4257771114596,37.77549926800381,-122.42575910842103,1.0076541172265059,39.01709214467884,34.84705686124398,3.253558282197235,43.44905021365004,12,0.02251995211442829
1300001308000,37.775575260422386,-122.42577249327837,37.77557661537121,-122.42571512196237,2.3127060217295687,23.949594407252974,39.77651739911841,4.042033681329511,42.35040260136889,8,0.010788635802652474
1300001309000,37.77558768540486,-122.42576815875259,37.77573668421345,-122.42572677577411,2.033480822480919,17.76826909003658,33.322185261439174,2.445257381434883,56.30969869079196,14,0.020350812195982115
1300001310000,37.775601772274165,-122.42576313715658,37.77548333210153,-122.42580288028745,1.296763827954758,24.320562713430306,45.772489580934376,5.628046308817108,41.385710833371625,13,0.006449511495066368
1300001311000,37.775613630420104,-122.42575789478428,37.77567974012801,-122.42577396908018,1.6438821722344976,7.509595858660475,35.11206405724142,3.0901678803016193,58.31780484012238,9,0.007925609013090704
1300001312000,37.77562591067583,-122.42575161179555,37.77560047691323,-122.42574411445675,1.692675749022996,38.260838056082875,38.713204101129904,5.219345615053384,46.66835735616386,8,3.112478922650835e-05
1300001313000,37.775638426985616,-122.42574648009871,37.77566484892388,-122.42566190480106,2.7064611712819757,40.726946722442946,42.541381528566035,2.2278811448151115,52.342664129396184,6,0.0027499754666724893
1300001314000,37.77565019535872,-122.42574132997983,37.775691456194835,-122.42567911556507,2.0116481751291597,17.27603849482639,40.88864483148882,5.401149093225586,54.648307708348455,8,0.012730601604682907
1300001315000,37.77566455976074,-122.42573562116233,37.775597138180686,-122.4257412073145,1.2434675364053986,23.030161697480732,36.20876431226506,2.157032391938682,53.09201288871562,10,-0.0009960880940570694
1300001316000,37.77567683266563,-122.42573232525932,37.77559892645846,-122.42582665526156,0.8204625178532972,9.991500702892777,45.89292874339807,5.491175368609891,45.414768681523284,14,-0.002410671896257538
1300001317000,37.77568972069297,-122.42572905236608,37.77564622741917,-122.42573231619501,0.19742357089331608,5.895987262094461,38.71405112454557,2.711648388071152,55.8067320987938,10,-0.009355227925716829
1300001318000,37.77570182229359,-122.42572008486539,37.775696930376945,-122.42576250545363,1.8996151361392042,36.11777860209346,42.102731651230364,4.032275777990584,45.583440041803904,7,0.018092118608217297
1300001319000,37.775710673579574,-122.42571002529064,37.77562654852215,-122.42566423562623,0.9127345580492497,53.58649970775747,34.07209240746778,2.224702023826221,44.817665356103284,13,0.005512047216551258
1300001320000,37.77572076600705,-122.42569827047969,37.775753578984975,-122.42574232127473,1.5262590926567183,59.505406712106584,35.84300681447181,2.6018691290027314,47.03408934769167,9,0.01571576450794596
1300001321000,37.7757289492791,-122.42568533505882,37.77575856086328,-122.42571916952222,1.3115123277510878,70.12215346104777,34.370908426128565,3.1951413138027838,52.63039540431765,12,-0.006903367566314709
1300001322000,37.77573758251511,-122.4256717986135,37.77575249926937,-122.4256682109132,0.6737730459778107,39.17749204139124,41.12764667297532,2.775993864413984,52.349973779215354,6,0.013473482368006795
1300001323000,37.77574668257033,-122.42565766483723,37.77575792180331,-122.42566238314811,1.7427508279599655,47.37962259399463,33.126690841963566,3.80712879691451,58.62518748811393,11,-0.003498108900221926
1300001324000,37.77575659382983,-122.4256467311982,37.775690649934354,-122.42569078195484,1.2296379211695905,40.160970867609514,38.2848897698034,5.231709815131956,44.02452425351922,13,-0.0050554508600862535
1300001325000,37.775768089652416,-122.42563605291592,37.775752294430625,-122.42556035667205,1.0769771356948064,36.58466362542113,38.08103052960588,2.5521461959202183,55.722024159373504,10,0.012408357331798306
1300001326000,37.77578251365939,-122.42562448591866,37.77578459753513,-122.42567774986979,2.0566197682690297,10.02828131303842,34.70246515200889,4.479731818876246,42.13793544850499,9,-0.0003649495982016413
1300001327000,37.775794896121766,-122.42561434880776,37.77583357199178,-122.42576780914914,1.364643934010024,32.77817914688716,34.69682259771823,3.721517837572376,51.782163734520914,10,-0.010235276785774221
1300001328000,37.775809091013826,-122.42560269680291,37.775815640099104,-122.42568886452685,1.619781754558753,50.78655994621007,36.90347796242179,2.2444239564394035,59.23374046450863,11,-0.0005412844165016468
1300001329000,37.77582254961733,-122.42559283375395,37.775905907578256,-122.42558210679624,1.7781248159463185,12.383793970150354,39.7494055873383,5.3576879655514045,59.96730452478927,7,-0.005408711092089655
1300001330000,37.775837134282256,-122.42558337617612,37.77586835664822,-122.42558718460434,1.8520837793112999,25.480180655514353,41.18587025940216,4.896571869165484,42.63199167762548,14,-0.00391789980066702
1300001331000,37.775849391202605,-122.42557570988527,37.77585211927184,-122.42565833455157,1.6140518968437847,23.344481576367365,42.61030579542149,4.576685414388801,40.99887262714175,12,0.002587402468338819
1300001332000,37.77586384016278,-122.4255692724861,37.775886460133684,-122.42566222789661,2.2424890632261336,23.38444644664331,44.15639720766124,2.7175463284638925,49.449917012645166,11,0.007553824892176074
1300001333000,37.775878652955846,-122.42556377937407,37.7759593927748,-122.42556345714107,1.3138850619118925,13.552229855071086,38.02263829206714,2.49117105298282,47.523874912538076,9,0.017231179441879053
1300001334000,37.77589236559369,-122.425559315257,37.77583602355092,-122.42548713926146,1.5850655543588759,6.772911751503607,38.1832533370047,5.625293905732341,51.780195849829504,7,-0.010989175619433729
1300001335000,37.77590607017317,-122.42555682122905,37.775888065967244,-122.42553488176233,1.0136015841255328,14.06660452256201,40.35481411759961,5.613807312817093,59.94057108841899,13,0.004910460674408548
1300001336000,37.775918697421034,-122.4255549913616,37.77590121286981,-122.42559646705058,1.4417128010905007,6.265873281706369,43.98539978716829,2.858941331843437,43.509611913820606,9,0.0025103701620902198
1300001337000,37.77593681998717,-122.42555404630173,37.77590328206136,-122.42553176493786,2.4651102719363736,14.852227020146358,40.617710078785855,3.3634912751211616,43.254106521573505,14,-0.0022189316488809463
1300001338000,37.775950432388846,-122.42555146105668,37.7759026033884,-122.42559294928296,1.4604627722784518,14.506347232098367,34.32692886724135,3.0318015807385805,51.95556051169379,10,-0.0014171031094499381
1300001339000,37.775968277833684,-122.42554856156083,37.77599817479398,-122.42566279238257,2.274304509233287,15.37183382769061,34.12659132274083,4.626521538619567,53.22253925193842,14,-0.015670210544241208
1300001340000,37.77598298063216,-122.42554648479818,37.77596014191246,-122.42553114908661,2.9544675997497114,18.62139004937698,33.148940355224504,3.104276885779779,47.07701322268422,8,0.004536983892513284
1300001341000,37.77599696940904,-122.42554383647564,37.776027524206334,-122.42553191159676,2.0290230828265248,351.8558360025678,32.03041505070803,3.3478314416040202,52.59430909671548,10,0.007163081069107753
1300001342000,37.77601351453036,-122.42553965556597,37.77599049184456,-122.42549308836102,1.5431208914706032,18.754046593786825,43.244638788205904,3.8586770026906074,57.20552875643953,14,0.005068732311286053
1300001343000,37.77602817743014,-122.42553880854874,37.77596507646962,-122.42550189383462,1.7071166170250625,4.381470992052488,34.30374996185597,3.39964500684675,54.00023858626801,8,0.003759936735363249
1300001344000,37.77604506758317,-122.42553853614343,37.7761049699469,-122.42553990532078,1.6714809621916984,350.4354265432208,32.72787877610561,4.943744459000191,40.20758836766761,13,-0.01106403314604438
1300001345000,37.7760603632235,-122.42553982646763,37.7761502838276,-122.42550158395916,1.5528966312685464,353.13819190372277,42.50931788998168,3.288142948118576,47.53137604078536,13,0.014879836307953498
1300001346000,37.77607715767422,-122.42554151384242,37.77608839161699,-122.42558310019709,2.0105949901153077,347.11128765772764,38.05572217142946,4.645717189744448,40.07746565622301,11,-0.003256597849755886
1300001347000,37.77609134485609,-122.4255437884084,37.77611749912237,-122.42561433126785,1.5950133261478143,347.29646666738023,43.57270280976121,5.3086041739435625,42.6698081323176,13,0.024575000518910463
1300001348000,37.776108822951436,-122.42554628314761,37.77619566130363,-122.42563619708756,1.9372900104344222,351.28762008252784,41.78630549082369,5.515958418961079,51.72527930546997,14,0.016629113801744144
1300001349000,37.77612551717066,-122.42555051851167,37.776150949845075,-122.42558542645274,2.5214135863991705,344.7407589753042,38.346730484699016,4.847653042002323,50.92501769120835,7,0.0038635673349669327
1300001350000,37.77613962532015,-122.42555502770468,37.77619787726246,-122.42552468260719,1.3271856717199195,3.3595451245979575,46.6809745921726,2.540522095606094,41.764255934208066,6,-0.013779374110334695
1300001351000,37.776159698220624,-122.42556285671142,37.77619535423645,-122.42552034736063,2.347464209481966,338.31725470977534,33.33938257790538,2.9696063873346445,40.72886416641792,8,0.007348813343368703
1300001352000,37.776176617426366,-122.42556729768152,37.77624261627156,-122.42560984275555,1.7294200637692234,346.25491583121146,32.619144908558425,4.715667834089544,49.80453948433256,8,0.0165381328790728
1300001353000,37.77619678954776,-122.42557174299004,37.77621234501863,-122.42554982464087,2.830167959808459,342.1612762835784,36.84065310359295,3.970435809352339,43.81679539143891,7,0.007030223201472423
1300001354000,37.776215886837505,-122.4255751542595,37.77623083345648,-122.42554391193924,3.0906967052826793,359.51374921404016,46.30946973198297,4.4682735411309915,57.8075598967863,12,-0.013345983143173661
1300001355000,37.776231789690954,-122.42557850956722,37.77626222332592,-122.42553481231423,1.4697282974013386,356.01513444446374,32.04450701085711,2.6220717455801354,42.36301152533973,11,-0.009071899177784105
1300001356000,37.77624724945411,-122.42558245035586,37.77617977213632,-122.4255634160139,2.481085497130115,342.5683434683428,32.731265601711186,2.6792520780155664,42.740168015504935,9,-0.005850615241453333
1300001357000,37.77626290687811,-122.42558544144683,37.77621924106117,-122.42563361399634,1.8630454489416235,340.6710503312108,45.32838854827191,4.3610537151821145,41.45072471799122,9,-0.02453883746056681
1300001358000,37.77627618187673,-122.42558682207388,37.77634423396903,-122.4255920886413,1.536513457308283,352.9607908974866,45.13551036804594,2.5796940661984418,47.51375987880614,12,0.021681142865725464
1300001359000,37.776291536367246,-122.42558839312467,37.77636256910529,-122.42564091734573,1.9203371416495125,348.063583583693,44.21591926116776,4.351754362090852,58.9906304685251,9,0.01545431997778447
1300001360000,37.77630867777824,-122.42558798259275,37.77633019648642,-122.4256488485332,2.0185785292372307,7.11597643375774,42.05875378802889,3.2109681370636785,49.85697241248053,6,-0.0013339151320886464
1300001361000,37.77632800132997,-122.42558478348306,37.77628040174611,-122.42551123294375,1.6915056425886401,348.36443063836674,45.62639937084438,5.465146273586701,46.04420349278676,11,-0.0036023218403466403
1300001362000,37.77634340269537,-122.42558507876414,37.7764035410884,-122.4255517258465,1.6782136325562587,354.48709566213796,41.46400578076206,3.8043024758508848,46.21502700402007,10,0.014432430545201004
1300001363000,37.77636181834496,-122.42558455668662,37.77636581465821,-122.4255832697572,1.9405076639079106,19.41069204332788,36.653671194560154,5.362991269105473,55.67498171718637,11,-0.018091163564463095
1300001364000,37.77637644412423,-122.42558421087143,37.77631793106663,-122.42563026787074,1.53062462197824,6.797742047751738,45.53555601506305,5.930378787595228,40.03090500766337,12,0.009649003534497796
1300001365000,37.776392290030735,-122.42558315598218,37.77642326717195,-122.42561002721291,1.5719822159467056,351.7048124273898,33.70449774055034,2.3870023483645375,46.950172246846456,8,0.007504087382570235
1300001366000,37.77640824956093,-122.42558010524688,37.776452874011156,-122.4255819575237,1.7221581725708206,6.465659220442025,43.42133658825503,2.4753245244706323,48.47170173025918,7,-0.004621005350474287
1300001367000,37.776425878491054,-122.4255785498408,37.77646968422936,-122.42553346981575,2.070455401562839,13.131175543116964,31.78501403969764,3.1629238537967916,54.724785251320874,12,-0.003236683301936454
1300001368000,37.77644369791224,-122.42558017059552,37.776428218866634,-122.42554895581276,1.7434078523267331,6.177202800129976,37.11293627012226,2.168533353976894,56.16283790348902,13,0.01435936138910461
1300001369000,37.776462504160754,-122.42557958126484,37.7764365239488,-122.42557983200855,2.7631703349531813,352.0823551139201,46.23775696921794,3.0060640659878506,52.15665024785149,12,-0.010130407153262265
1300001370000,37.776480974569544,-122.42558104059923,37.7764156309874,-122.42553912313751,2.5767964988082532,6.112309902017614,33.258190412765934,5.4445390028840075,50.59695089864567,13,-0.00040143528206744916
1300001371000,37.776498439229584,-122.42558375537402,37.77657441917224,-122.42561658386005,1.762555025904809,348.52711949996956,41.008193571905935,5.198541710330764,58.70038449115087,12,0.0032795652507269252
1300001372000,37.77651623904543,-122.42558611490911,37.77652688211479,-122.42549468449224,2.1304075999478354,340.8631867211478,44.91577778112762,2.7772896227866615,48.36671921700889,13,0.007274626690129031
1300001373000,37.776536054549574,-122.42559027054243,37.77661437944362,-122.42556132544657,2.210951861932002,0.2526281295781132,35.19026713576315,2.7658091795898208,59.67484347392012,11,-0.01791282713098201
1300001374000,37.77655165783085,-122.4255964466281,37.77653871256081,-122.42571233578197,1.9591471436131211,341.3209906495641,34.41555915766198,3.3342353215537304,54.51740938825135,6,-0.00456032922009295
1300001375000,37.77656951492543,-122.42560344088291,37.77665508937482,-122.42563273356554,1.9704858441035453,341.3878920262912,43.15605733323206,4.6173251159357385,41.35832632472716,12,0.003914024193317684
1300001376000,37.776582655969726,-122.4256098592471,37.77649161515977,-122.42562687811778,1.7718875290525309,336.11248763989755,33.88903857073615,4.803212349537949,47.32607094630359,9,0.003444623602011908
1300001377000,37.776599864566016,-122.42561698374661,37.77660803929186,-122.425530924045,1.1721957859898193,343.8145973516351,44.387319343704014,5.946716889899077,56.35515383067087,11,-0.006043147488650067
1300001378000,37.776615333576395,-122.42562435957515,37.77657467772525,-122.42562637780145,1.274091423901869,342.13985347319937,40.96212422556484,3.7584763611816183,48.78926136727442,11,0.021993426787295545
1300001379000,37.776631249720246,-122.42563336393718,37.776600981991265,-122.42563339253893,1.7162552420814878,325.0799531176691,44.33262470317027,5.707207986101313,59.693973075856974,9,-0.015902204203804483
1300001380000,37.776648747469444,-122.42564375395901,37.776582371279204,-122.42559456770412,1.3374330098553888,328.6847539320377,45.959863013931695,2.4374508906637145,44.60583562239848,12,-0.010537646946022685
1300001381000,37.776665472959635,-122.4256514063583,37.776633264378894,-122.42559288333324,1.9425096507672932,331.05495335034783,41.24601159886983,2.0750645631536697,59.04375103426608,12,0.00637554353015665
1300001382000,37.77668390055458,-122.42565780285916,37.77677934472634,-122.42576055567804,1.6321516999573453,0.9068908810894527,44.57121085021241,5.283729934830678,52.89070560199311,9,0.0022617673939981956
1300001383000,37.77670277700693,-122.42566687872626,37.77667459974145,-122.42563692497679,1.9968917698038724,330.95237995136836,41.483237418341474,4.503984957747496,58.00557934449917,12,-0.010878097802122108
1300001384000,37.776720919721804,-122.42566961986054,37.7767750433495,-122.42573491038475,2.0255384955116007,359.764269939292,31.88509726122407,2.2594843640427777,44.84195191504341,11,-0.005139143430555593
1300001385000,37.77674040876968,-122.42567327798791,37.77664281322827,-122.42567844463836,2.5241307555379495,4.899958965192809,32.02349909519335,3.5688444651822224,54.19423412323849,13,0.0082781165515255
1300001386000,37.7767569248845,-122.42567856574723,37.77687898569247,-122.42569515025633,2.1574909754352496,338.4026458627743,33.96464367503723,5.224258379446445,52.81194964263703,7,-0.012932926775464822
1300001387000,37.77677430253369,-122.42568234744475,37.77677343827939,-122.42563714517898,1.998426708497519,350.5937607683368,39.82962866501287,3.2370729624022743,47.287143403496785,14,0.007826136159098013
1300001388000,37.776790694580086,-122.4256865924681,37.77683630868147,-122.42553877252976,1.8109246219952526,338.8510086383045,38.115550140954696,5.861517081829632,46.91588409728124,7,0.004739729738882383
1300001389000,37.776810259822064,-122.42568693799501,37.77687224274693,-122.42576617594698,2.1161133642090166,358.1189302608619,40.88020221846469,4.736166347119277,40.93917696493156,14,0.007503545979094325
1300001390000,37.77682868542881,-122.42568553783397,37.77680001705878,-122.42566068301656,2.307361927605941,358.18349207200674,35.54674038517145,4.89661077339057,44.39690746243629,7,0.004297692883619736
1300001391000,37.77684549432973,-122.42568463028935,37.776866738804074,-122.42562134710727,2.7461276666034182,10.84369817022454,31.47081839210908,5.949789936712489,58.1291179176831,11,0.008710333926804568
1300001392000,37.77686323577606,-122.4256805430628,37.7768496727753,-122.42568964423492,1.5382077851667662,4.116845061444128,36.7374448379947,5.054929342161682,47.10660327397807,6,0.0010725556495215787
1300001393000,37.7768822498947,-122.42567429237212,37.776848071517456,-122.42570618756845,2.084422142688001,13.212945843150683,34.4708104097002,4.723885431172225,52.74059929954035,14,-0.0071764631595490095
1300001394000,37.77689978052834,-122.42567100885523,37.776822908647844,-122.42558279876638,1.2523485620170227,27.000144622562342,36.010037818942806,4.566845157414184,48.03457258352297,6,-0.008431865577167541
1300001395000,37.776915480904854,-122.4256664729514,37.776910412183454,-122.42568414902898,2.825746676237325,2.8819270443398874,44.959174806849674,5.422682128338364,52.22897373227535,13,0.005329726140530373
1300001396000,37.77693325359143,-122.425662394487,37.776970586877304,-122.4256819177209,1.401906348644708,23.48764788490358,44.76983806367386,4.629417691951039,58.22769967003494,8,0.012902520419024288
1300001397000,37.776947325178824,-122.4256592988869,37.77699378426933,-122.42565520270438,2.1117925664658554,9.737833470967045,35.292156900060945,2.023114124144889,52.059355477573796,14,-0.007794238897203169
1300001398000,37.77696623864476,-122.42565485561691,37.77697770954514,-122.42567965787606,1.32302884823938,16.089346614561695,34.91853107523224,4.731688691816167,55.94465477852109,6,-0.0112324407002825
1300001399000,37.77698325322235,-122.4256525460311,37.77700397351618,-122.42562054100739,1.4893385567162298,4.8537793852135085,33.316158927326505,3.907212557138608,41.1302438025491,10,0.003331266817215969
1300001400000,37.77700029121017,-122.425652750203,37.77701577740142,-122.42571041422273,1.9159417586861767,4.337750425481829,44.49408010986992,4.4002409317148174,46.16808180796984,7,-0.0042443172017380725
1300001401000,37.777019753298426,-122.42565219306195,37.77698288048873,-122.42568822382431,1.4506777551401036,6.870538555184009,33.98119412317795,3.9729438958041263,59.67232730175686,10,0.010734394354006397
1300001402000,37.77703513038697,-122.42565411597097,37.77695828439281,-122.42567424027087,2.5452219069645534,349.8073985670575,36.763143401795865,2.0903146638527845,52.01656695087837,7,0.017803610684732078
1300001403000,37.77705543434429,-122.42566272131201,37.77702732160283,-122.42562558836188,2.335829490064499,335.4063828438606,40.87039866238533,5.5367473571884585,45.89109459570015,12,0.006163181064576019
1300001404000,37.777071173703185,-122.42567105152021,37.776991198147016,-122.42563757952254,3.0106689605929136,326.62421883690706,41.47926195763499,5.659249025037961,55.572012742870896,6,0.013116483981409332
1300001405000,37.777087032310554,-122.42567877164187,37.77712825180707,-122.42560703242506,2.0453944532697776,333.93093354169145,45.237148307131015,3.858649821064604,54.44123989320555,14,-0.015318493626551483
1300001406000,37.77710531519761,-122.42568830318007,37.777229889507716,-122.42570363131688,1.3391079462403885,332.74729926124974,32.35123360380351,5.529735375565073,58.83737159393175,6,0.006567559325160953
1300001407000,37.777123784452,-122.42569502973639,37.77717437721018,-122.42567663420462,1.2918847339997401,343.02102103028056,36.28678122568423,5.602319641642785,59.12499222655602,8,-0.004254793142632903
1300001408000,37.77714536398535,-122.42570241713373,37.77713130208838,-122.42563900941913,2.6277636961948834,335.2354061983224,38.71536631797681,5.229767265943239,55.12466508575107,9,-0.0036280335692933626
1300001409000,37.777161985969556,-122.42570964680233,37.77716282129494,-122.42570637416682,2.425797254817409,340.992161733022,42.368378872553265,5.940272401106627,40.70890202438535,13,0.008280107288861287
1300001410000,37.77717853221983,-122.4257177539194,37.777236228203286,-122.42567602547985,1.5381765863100605,338.07060606289707,35.33767270580438,2.636953577608015,40.46191215610714,12,0.010574491410586034
1300001411000,37.7771920013687,-122.42572694964831,37.777161955616876,-122.42578273221855,1.1306637271047069,332.58009480838894,43.662654649124654,3.7521806064158607,56.90789917980492,7,0.01152279236528351
1300001412000,37.77720799795505,-122.42573550857948,37.77721464481841,-122.42569312569604,1.6105476127865497,349.35711956287685,44.33118542115037,3.6275493016712463,56.16615511209482,7,0.01211472673834883
1300001413000,37.77722245925033,-122.4257459991761,37.777113960528965,-122.42573407061285,1.445251503992057,329.99176528577016,44.70530315748015,5.659080377287691,59.95424646581373,9,0.0028046797472258923
1300001414000,37.77723661282957,-122.42575827445914,37.77718078488574,-122.42578145384037,2.482057215858742,320.8478312082117,31.94857116836966,2.708126407692609,50.94231988691216,14,-0.015379728195923273
1300001415000,37.77724872769633,-122.42576909979633,37.77722025929605,-122.42582638751678,2.357369815105946,326.98098921991783,32.4133344173565,5.082865848347312,42.483804548891406,13,0.005719528784612833
1300001416000,37.77726584030058,-122.42578438423931,37.777297653635586,-122.42578532178136,2.4720706389693246,339.2472205130012,34.67352195099793,2.6625370712621526,40.804765744284694,13,0.005078630765847612
1300001417000,37.77727716367987,-122.42579761966991,37.77723878121839,-122.42577068386696,0.8750152553771141,321.571366023447,36.16364495220309,4.995894248184991,50.85610071661917,9,-0.008533850298527646
1300001418000,37.77728593415065,-122.4258096283396,37.77731685812481,-122.42579688494011,1.226524238231553,323.41501656036564,44.79291849645724,4.90919059461288,41.80311044909998,7,0.0004217247160066499
1300001419000,37.77729693516448,-122.42582400909853,37.777306093225484,-122.42582858795633,2.0911859518341953,297.82195587283223,41.37233199242366,4.327672796511401,58.53017879521639,7,0.00941703759964093
1300001420000,37.77730979876597,-122.42583780510577,37.77740276632962,-122.42578438115973,1.8606894322301293,307.8386461824359,39.46977458269787,3.013907366526941,43.94387206200994,6,6.442116970418427e-05
1300001421000,37.77732221686197,-122.42585032142769,37.777268441130225,-122.42579606075411,1.7482192848263463,310.39304820531896,40.5017262836779,5.117792242803892,54.75224346939286,10,0.00850044060040922
1300001422000,37.77733776022358,-122.42586606026835,37.77723679923804,-122.42590803068866,1.8104036452927914,333.2207565039445,34.94423368188013,5.483500674198259,54.85675331619054,9,-0.011330163761666413
1300001423000,37.77734993377141,-122.4258822811003,37.777228060548524,-122.42589132958666,2.0552178266314494,300.1054579741892,39.26010994923203,2.1188629298923685,43.50010574947419,14,-0.0023030805083157357
1300001424000,37.777361583750675,-122.42589958168332,37.77735415557518,-122.42591920321739,2.738713119909745,317.9362433759105,30.180574321579268,5.197307319893282,53.53284642784747,8,-0.006937947756492074
1300001425000,37.77737455447345,-122.42591715681388,37.777432112046526,-122.42590990212435,2.0060751841690023,315.1807873402597,33.690455612706515,3.6580413399434657,44.77523300737213,6,-0.0048003150684729
1300001426000,37.77738833201931,-122.42593261016559,37.77739759818848,-122.42593554558843,1.7689424063303285,321.609630704508,44.26957675364406,4.03712826084903,48.64116629751918,14,-0.00110067330086667
1300001427000,37.777403998266905,-122.42594760660045,37.77743692131321,-122.42591328309668,1.74564157490174,335.41049290806245,37.75651696774184,2.1269348586203596,52.91543451014245,14,0.0027404907030156036
1300001428000,37.77741677759951,-122.42595953597525,37.77741430079442,-122.42601162437049,1.1507955790469624,333.22254722234686,40.88201882993299,2.3740805439855817,57.16518082997941,13,-0.006775572706777528
1300001429000,37.77743133519924,-122.425970340938,37.777443205141715,-122.4259555238993,2.446536082025186,350.9046870134318,38.70519064425543,3.202816670785022,41.34341230152383,10,-0.01506384271452969
1300001430000,37.77744964221665,-122.4259769785514,37.7773740632005,-122.42582943876708,2.5468098845363176,336.3761663270399,40.61303671832922,4.250326667546306,40.370165077375425,7,-0.0052370385516165895
1300001431000,37.77746220053188,-122.42598243711525,37.777558819048515,-122.4260786905222,1.809166698093528,358.994764834904,36.77099753767272,5.470312411010395,46.83146180427724,8,-0.006890215613094652
1300001432000,37.77747634978001,-122.4259899532713,37.77750047088171,-122.42599712112556,1.8053170378552956,333.7373906253343,44.25801652454557,5.460790004269249,54.51157692099105,12,0.004398316557657082
1300001433000,37.77749439686279,-122.42599614979179,37.77742860771034,-122.42605546847037,2.707656356306547,340.9565259322746,43.11619915420061,5.831964621707975,44.66714401468105,9,0.007208274063888562
1300001434000,37.77751081312823,-122.42600133064659,37.777412632375096,-122.42599199736784,2.610467687458345,348.8185000728504,42.00011016676686,2.0286451335983267,49.901559580968176,6,-0.010192495031715716
1300001435000,37.77752972563909,-122.42600705080397,37.777556379048285,-122.42595907763167,1.4208123474134666,335.6499931059118,30.257728376127574,3.650888539165111,41.330847194471595,8,-0.00704626983163407
1300001436000,37.77754853934787,-122.42601188615318,37.77754307318702,-122.4259960137424,1.8727974664796319,350.9965044648469,29.312047517021824,5.957047218275866,55.94384862566554,9,-0.01581820938563918
1300001437000,37.77756359719223,-122.4260169037213,37.77754943802125,-122.4259442365629,1.4527170383759658,342.23447484384644,34.60043329267588,4.150872000160241,53.388466416872646,11,0.007722914921551377
1300001438000,37.777580926607364,-122.42602485302635,37.77765261379963,-122.42599649983585,2.2817017437481866,344.55635150948314,37.28359830601004,3.234029106714875,57.95062611650148,10,-0.015927683436426386
1300001439000,37.777599076992736,-122.42603498823937,37.77757064613072,-122.42596951079325,2.4392897188115357,345.73617134036266,33.83788643493523,5.268820808971238,58.0326672347867,8,-0.004470522755974883
1300001440000,37.777616162086,-122.42604183901625,37.777573669762845,-122.4260351740301,1.5743667583088823,356.9825278361393,39.247001149568426,3.954870548174589,54.68318020652525,12,-0.019637762363327697
1300001441000,37.77763057928869,-122.42605025499485,37.77766680161353,-122.42609856949824,0.5651401347192968,328.75143112728466,32.036923048035106,3.815980702662682,50.03305190645382,12,-0.015398772612091976
1300001442000,37.777648336541695,-122.42605945760005,37.777678631459096,-122.42604146934242,1.3889190695031441,334.0108737227169,35.0885645610092,4.774899032541567,59.94290648164494,12,-0.004000132116929514
1300001443000,37.7776652987637,-122.42606949363031,37.77760078583966,-122.42606147971964,0.9821505460132496,345.10415249734825,39.7237111500194,2.41747579128891,59.04197141193266,12,-0.011103944665991397
1300001444000,37.77768183601563,-122.42608007626364,37.77772130767095,-122.42606971758525,1.7077826188063376,345.17830203202624,34.378573943810125,3.54059013482324,48.58519750396527,9,0.00047170909659620045
1300001445000,37.77769914184026,-122.42608942229366,37.777797187527476,-122.42604694043963,1.751401212003025,347.68483441800936,43.699806768201896,4.3694602879380025,41.843540352744185,11,-0.000349978648645371
1300001446000,37.77771061057327,-122.426094388965,37.77769383358282,-122.426130437497,1.5930106372729937,337.16232354917116,36.50555037930063,4.784284660068858,50.16396433429968,11,-0.0011964603436667703
1300001447000,37.777728816227686,-122.42610151057079,37.77769843561842,-122.42609556377161,2.606474377671435,341.79879552012994,40.779945462848495,2.1387449868788866,51.84622514370159,6,0.0028247113781288582
1300001448000,37.777747326721276,-122.42611321052874,37.777710964627225,-122.42615093516194,2.313014997176132,309.7218653116297,37.195035206122576,2.3414626173725104,59.943652638737625,14,0.006272682351949136
1300001449000,37.777764564290514,-122.42612058877793,37.77780713472407,-122.4260768726935,2.041003906704768,337.78382021744113,38.84118315285982,2.9888687938030674,56.182410120790315,14,-0.0035619470432998812
1300001450000,37.77778189548855,-122.426125305861,37.77782631631756,-122.42615871428063,3.036460440174573,337.14694666619346,38.317139934524086,3.920873120966338,43.209901366009994,9,0.009515168982307252
1300001451000,37.77780011048085,-122.42613007142286,37.777744544315276,-122.42611315444566,2.2618570522984403,353.8699134986431,29.364708578622718,4.0991496701300605,58.87167458564326,8,0.0035444336228596844
1300001452000,37.77781766602096,-122.42613464372494,37.77787455823921,-122.42619410028354,2.0461433334377372,331.2767006858458,40.297209336302394,3.5737053990684147,46.26489149214834,8,-0.0028839600298895996
1300001453000,37.77783609970557,-122.42613571309094,37.77789987716954,-122.42613674929534,2.6760693313828576,350.50263898698614,32.077519522647535,2.2123739790548407,58.52079544729746,6,-0.002023166749830587
1300001454000,37.77785333788522,-122.4261349093057,37.777868067855806,-122.42611690446095,1.9623420507735707,2.7343799918933898,33.14009734211879,4.08845952604733,51.71350324752022,14,-0.007968180734372318
1300001455000,37.77786916270747,-122.42613422266885,37.777759878731146,-122.42608010325166,1.775659208339092,2.372646309573077,30.40570546636006,2.2323127966266183,52.101945737632214,7,-0.007395854549458386
1300001456000,37.77788453287929,-122.4261340520971,37.77792415175194,-122.42611209782338,1.5129124358842343,4.871341398048605,35.75172798089306,3.3283394400474253,57.32156785674126,8,-0.007975587733568313
1300001457000,37.77789987688101,-122.42613420968513,37.77781862480987,-122.42610084390456,1.811700806059433,350.06084123301923,35.15636066676128,4.511851741602943,55.918177985681126,11,0.006333526716514535
1300001458000,37.77791444438499,-122.42613246070597,37.77795143592088,-122.42614210844214,1.3848028423859464,18.42235100856915,32.93699667606661,3.249813138638736,55.252940723488216,13,0.014348699436840537
1300001459000,37.77792932752671,-122.42612892974715,37.77798004098209,-122.42613118684243,1.6272355912985823,22.208725972834575,43.314648119232096,2.3258759368612525,54.9611657199772,9,0.0025964858457887163
1300001460000,37.777949493020714,-122.42612779181403,37.77799740342573,-122.4261506716683,1.7827135350850072,7.54246452536621,42.14798533865207,4.142512384636271,51.130448717506454,11,0.007136467179310871
1300001461000,37.77796776215458,-122.42612581962634,37.7778369936083,-122.42611238452251,2.594163816542193,7.1581923165765335,29.95528854802638,2.5975123364522577,40.03280782116091,10,0.02217216052550022
1300001462000,37.77798337523349,-122.42612262118014,37.7779469686921,-122.42609555052637,1.6379685486456952,3.095774227897506,39.44085384563876,5.666693317387806,52.41977022989545,11,0.01529831423604298
1300001463000,37.77799956427547,-122.42612202568489,37.77803668919883,-122.42609400737243,1.771145168831354,343.4233445445936,33.38802119422598,3.2222195487419887,55.75486591234787,10,-0.014832215185009816
1300001464000,37.77801661380088,-122.42612140412312,37.77801250660287,-122.42609823296645,1.2341994375697327,1.2095497841307536,38.15739420419447,3.6776535324429984,42.21525735872148,14,0.008572954581934042
1300001465000,37.77803212226542,-122.4261238948173,37.77795587717178,-122.42605900449945,1.608846667171952,17.24711990511429,41.41333670453672,4.426775046421408,57.229167115618154,11,0.01689304661936905
1300001466000,37.77804889831284,-122.42612634572117,37.778026989360264,-122.42613789119969,2.6219325697854425,2.7429328012924543,39.150252852925775,4.3556523224989085,40.10074230851478,9,0.00846632581599875
1300001467000,37.778066224381135,-122.42613304873609,37.778065954798194,-122.42604743988475,2.3095343879116785,341.4651396430372,28.542092284195768,5.986704414080318,46.51964933937331,13,0.01649640355028732
1300001468000,37.77808179211561,-122.42614037813146,37.7779961878725,-122.42612795674879,1.5094779234764064,340.01868273690104,41.53663387598124,2.0424088993278144,50.181992840477534,7,0.013784953492853275
1300001469000,37.77809759868485,-122.42614905981313,37.778182877999974,-122.42618599396496,1.7141003085605695,350.6632679338257,37.20677598208411,3.597705957352666,55.25054892471861,12,-0.019887067480004503
1300001470000,37.77811378955526,-122.42615950207914,37.7781543490484,-122.4261429804958,1.8517798134518857,344.3063093780575,41.05522191764162,2.561135636133524,45.77182313571451,14,0.0025634348743099273
1300001471000,37.778128888832256,-122.42616636218793,37.77813635687787,-122.42616925247602,1.5204125272288809,331.40709932738724,42.38433983019523,5.74789600320692,43.07735129330075,12,0.015638628949120676
1300001472000,37.7781451345004,-122.42617267591444,37.77810836171632,-122.4261742050539,1.7655750727547743,338.28237000401515,39.70243175021246,5.865798733196289,40.621773803198266,9,-0.005429878504338343
1300001473000,37.77816014034286,-122.42617924037792,37.778144492016494,-122.42613217570475,2.3871749094817005,349.327290487332,35.66358629542471,3.331670685719636,51.21913862442639,6,-0.005811228854124534
1300001474000,37.77817509003786,-122.42618755847171,37.778142419227144,-122.42621748258341,1.5099440045421182,334.89957697018605,30.37309836450548,4.471829785518684,41.48603061494013,8,0.008325889160102403
1300001475000,37.77818937041148,-122.4261959576475,37.77813980912463,-122.4262449753987,1.3158819860997186,342.61782590098727,39.90277296530818,2.541767600345854,50.42870253108196,10,-0.002647458946593751
1300001476000,37.778202635414864,-122.42620567776054,37.778210083733896,-122.42619532672116,1.1355141477703476,339.87062720843284,35.75392664271149,5.530881670121203,58.408311411895156,6,-0.00407784921067589
1300001477000,37.77821759853332,-122.42621459133109,37.778272764713364,-122.42624734242686,1.5516661163048897,319.1618294619431,41.86510557686516,3.719975739854217,45.40301284782879,9,0.0016406417795114612
1300001478000,37.77823418591772,-122.42622030471784,37.77822468347779,-122.42621370384381,3.0905968755579645,341.4100084290404,42.13638754106571,4.080848506988572,51.52813199585694,10,-0.0033594149630799307
1300001479000,37.77825032074752,-122.4262238908089,37.778229707553486,-122.42618438971506,2.4932068702730406,352.61882953096216,29.41368771138019,2.5779290790346154,40.11784890362069,6,0.010645308443639876
1300001480000,37.77826710303916,-122.42622699029573,37.77827603404911,-122.42629543549359,2.2423153585166395,357.7173059173286,38.31495209768562,5.429265490907801,56.44559839653333,6,-0.004860016023625926
1300001481000,37.778281599594536,-122.42622993896208,37.77832068365218,-122.42618303654217,2.1411385264715634,352.6506224777361,37.64994223855888,4.176021456008179,57.877590577969144,12,-0.00017730376944634387
1300001482000,37.778295128391306,-122.42623331531657,37.77826889637118,-122.42620907874887,1.2148929053926372,356.1099279422696,35.59795714915537,4.949488045841607,55.78006006100875,10,-0.003587791126927533
1300001483000,37.77831175780983,-122.42623420913185,37.778242702974936,-122.42622204214726,1.615237090294555,8.055855469650282,31.598086394775333,3.7307410994513677,58.34217238108721,9,0.007874614442606741
1300001484000,37.77832875776779,-122.42623620900751,37.77837603157697,-122.42630774426738,2.524759438009288,351.0665335274869,32.55884575695004,4.143059727545337,48.74528307908374,12,0.0064789627902213575
1300001485000,37.77834461133992,-122.426235335719,37.77827652678592,-122.426288699829,1.7458722566113538,9.237574367091058,37.09938128139244,2.347692974874485,46.479786957792285,11,0.010989872415120408
1300001486000,37.77836272552732,-122.42623660277945,37.7783894749089,-122.42627445718662,1.8448290597179449,352.04884041499923,41.999237458241126,4.227368986812475,40.35459592473666,7,0.002575910642445028
1300001487000,37.77837995968727,-122.42623837459138,37.7783751617224,-122.42626212511767,2.5682954472423996,353.0196475947116,42.23206787962913,3.512444117264688,43.65027908046426,7,0.010156628123490908
1300001488000,37.7783998347122,-122.42624427967485,37.77835501436802,-122.42624024121635,1.6095740837173214,350.85502508114445,38.430593899236726,5.609551148093482,51.923671084637384,12,0.007445995976150717
1300001489000,37.778414657388886,-122.4262484095708,37.77848401646067,-122.42618362551309,2.2359057934673814,350.4193181342505,28.034689081216094,4.482022391150672,56.17563708623126,11,-0.002223599899021131
1300001490000,37.77842761449462,-122.42625397044712,37.77847748414769,-122.42622746630056,1.7147892053171607,348.99949869760405,30.71913709337628,3.096257100209962,54.50835961865643,11,-0.010964372397375362
1300001491000,37.7784414672732,-122.42625719122123,37.778470290655065,-122.42627842296217,1.2224761355543134,353.7210173472246,28.380092102025973,2.595150354609476,45.388147359939026,9,0.007688580629195708
1300001492000,37.778455650723174,-122.42625982558738,37.7784776507651,-122.42628986291575,1.5597468395037588,350.3279720152694,29.6566807585284,4.750515332713154,44.74639416309739,12,0.002222495525880062
1300001493000,37.77847171493543,-122.42626184158011,37.778495488440655,-122.4261929922225,2.0335102376395118,5.1608103943258925,33.198719087614045,5.051008790276638,43.836190940817055,10,0.0035185386024956288
1300001494000,37.77848302995506,-122.42626290576167,37.77843385108827,-122.42624220521375,1.030798582893863,347.57347121827644,31.69168326953235,3.19137315403248,49.784336272588504,7,0.0012889576461094004
1300001495000,37.77850030615239,-122.42626664741502,37.778472206466795,-122.42621525934022,2.3587382796396636,4.771785991036211,38.7130818596427,4.722715085087442,58.49759652462419,10,-0.00909560342206612
1300001496000,37.77851478494789,-122.42626957936037,37.77843273478692,-122.42631082242958,1.2597828612640385,1.7601373334807704,29.130184148030892,5.95360790630856,44.60756723741392,9,-0.02298259328174363
1300001497000,37.77852936839276,-122.42626954981029,37.77854398252961,-122.42625669427292,1.8026954793668661,357.7336279733655,41.037721397714094,3.8720012631498215,45.293921490697066,14,0.013355998706296321
1300001498000,37.77854238927431,-122.42626951112807,37.77861404451886,-122.42630499562775,0.7882315221872374,343.5450656070273,30.229246307183306,2.9184436420200934,40.35523982924333,12,0.01130684465379101
1300001499000,37.778557022000925,-122.42627111466173,37.77853783643585,-122.42627871479473,1.3668835759144768,6.228095025120865,34.93316084950653,3.213762235521236,46.55388302362533,14,0.010631218501968067
1300001500000,37.77857141610344,-122.42627572680186,37.77858329073305,-122.42630687132356,1.6807727648817214,356.49765609915164,42.8164635779095,2.216179064389264,59.28116623997939,8,-0.012121348951979322
1300001501000,37.77858525900013,-122.42628134257949,37.7785586212418,-122.42628834748629,1.3629455518556708,338.3911602616689,28.503571034447695,5.541674734261273,46.65075644325146,7,0.0030356493016208855
1300001502000,37.77859893744732,-122.42629000462064,37.77857537845518,-122.42629971991923,0.9926680998274322,331.4287912482282,41.68811455579447,3.3541601123944673,41.05112380850418,12,-0.005690010574356636
1300001503000,37.77861146916231,-122.42629655147164,37.77859446493585,-122.42636495729282,2.092251593106886,323.5744537697499,41.641917572129444,5.139822343099626,48.63320246911121,13,-0.016330449821076364
1300001504000,37.778623736081634,-122.4263017537219,37.778550575798434,-122.42635995334982,1.812369031965523,340.82974612819555,36.99821944838587,5.215108451622242,57.06668027109387,9,0.010746577544278036
1300001505000,37.77863797798627,-122.42630936856587,37.77869490789906,-122.42628782738095,1.3985107553406286,335.94202807821733,40.20541882622043,5.322825243263118,41.28993944074372,13,-0.006718886391354526
1300001506000,37.77865169475589,-122.42631563000913,37.7786514435144,-122.42630893466217,1.8599730114679733,336.328686663578,31.488993691843884,3.011881244438576,50.19031958383566,12,0.002484099455518512
1300001507000,37.77866524225005,-122.42632280750371,37.77871382163491,-122.42636339105377,1.1177715657935658,328.42061023180247,35.10131221361765,2.1307747192375013,58.19003899043308,10,-0.019521605255086772
1300001508000,37.778680126208414,-122.42633078130865,37.778695243269595,-122.42635719523565,2.6890019688825824,328.7527481946,42.19325063869821,5.633791942842328,45.01024633220666,14,-0.004088790006289171
1300001509000,37.77869164947518,-122.42633640399761,37.778651337689865,-122.42631326396618,1.0013471465410637,353.43985935882785,36.252351722415504,3.4342470249635957,46.539057020840175,8,-0.01999693556771145
1300001510000,37.778703200554425,-122.4263427008573,37.77868735495703,-122.42627703901267,2.2835199308367486,320.17788557535926,42.9684143349291,5.21818169956603,50.69509048463919,12,0.002741354196928817
1300001511000,37.77871839456286,-122.42635016433294,37.77863905130272,-122.42630850556876,2.3281855835746006,313.126270286645,36.72926665962983,5.981945486885045,47.339192749006166,12,0.011577434887898119
1300001512000,37.778728216575615,-122.42635723724108,37.77876765092982,-122.42636733185616,1.2841929460089825,319.0996300811506,32.443987172424016,2.3506013260270064,42.92345530489789,6,0.016955536320244786
1300001513000,37.778738302257985,-122.42636432783006,37.778745163496694,-122.42635966228899,0.29745319682717275,334.41183193827044,36.11660206293875,5.201280447918573,47.311900937709076,10,-0.0015699567698934517
1300001514000,37.77875164001666,-122.42637377221953,37.7787123809904,-122.42642427084174,1.1457863604482914,340.5454730589638,33.02670957429572,3.7669085874318995,45.57847655304173,14,-0.0019148698625250347
1300001515000,37.77876257699068,-122.42638516524751,37.778687248480146,-122.42636431261138,1.4147946043036002,312.6175486504775,32.53506914907763,2.452178044699967,51.63842663790226,14,-0.00839160070663766
1300001516000,37.77877175271511,-122.42639829374602,37.77874293222328,-122.42637663334129,1.3666944095542701,330.9620328238728,37.84605663515768,4.976005876287878,45.03922114906537,6,0.01018900402414465
1300001517000,37.77877890194514,-122.42641266418178,37.77872353752404,-122.42642266733915,1.3085176753443086,305.7673496426755,42.16301850400993,5.4748132705269015,51.33489759589365,14,0.010603628132091506
1300001518000,37.778786537858515,-122.42642684831452,37.77879330198509,-122.42645094455438,0.5591491898327179,305.37615166831847,31.984783416783195,2.141622467958981,40.338220305482494,9,-0.015071823516795849
1300001519000,37.77879412334494,-122.42644061627605,37.778741484464135,-122.42643798249632,2.5062968565694255,302.07311449254445,33.90093491399016,5.543483591117409,53.49938547227654,14,0.0073538524686102
1300001520000,37.778803458275476,-122.42645672455168,37.778906072946725,-122.42642720294414,1.8417692017802285,310.85782577412925,31.060963018233718,3.6243767120228823,44.132411981369614,12,0.000837801956060731
1300001521000,37.778809664444715,-122.42647053722993,37.77885892989069,-122.42644956284555,1.4193959564287755,305.6393238713276,29.97437412334329,3.313162887931361,47.51815357086143,6,0.00044991149040257906
1300001522000,37.77881712351163,-122.42648386008476,37.77879848150573,-122.42641195739138,0.7593042283815726,299.9749402131462,34.14536721752322,2.0871737767644345,48.76440007218115,9,-0.013693949816104752
1300001523000,37.778827675112176,-122.42649964299868,37.77875336332204,-122.42651010134907,2.0825806846898782,310.7672573528884,42.127823323239745,2.9541535125987837,56.221185332853025,14,-0.004114051459440249
1300001524000,37.778835437918275,-122.4265129688637,37.77882985484943,-122.4265059414013,1.0482596365832018,288.72510344491616,35.53852104867552,4.186355798909354,57.77602958405272,13,0.006712486302156546
1300001525000,37.77884684900354,-122.42652885111104,37.77874886823578,-122.4264865738038,1.571944302063394,311.7621893023566,35.178135737978245,2.090039322367459,56.86658677159442,14,-0.007728954185165001
1300001526000,37.7788551740046,-122.42654096048805,37.77890820906702,-122.42654884479992,1.4032472871386386,330.9665491713287,42.723329324327736,4.163578662920624,45.904950206786246,13,-0.0026834363810006663
1300001527000,37.778863285431974,-122.42655729778069,37.77890285032936,-122.42651772751623,2.4663793382608996,317.80748652950285,42.93392979445345,3.569581627601968,56.2688616644125,7,-0.0037301853852903313
1300001528000,37.7788672414645,-122.42656855433823,37.778939673701736,-122.42654053875148,1.8759672695738336,308.32441108791687,36.227997236443755,2.6928370794250576,52.99331692970434,10,0.004258898605031229
1300001529000,37.77887322844865,-122.42658301836792,37.77884539572321,-122.4265518885372,0.6829619618557735,291.731007051723,38.88301220308712,3.2506668876085243,57.147676177311624,9,0.003050260148166753
1300001530000,37.77887765036877,-122.42659394154076,37.77891792858624,-122.4266264171454,1.113134001585588,285.0388122350978,38.02198064230312,4.71653852342566,43.506293381306094,12,-0.005033395378679163
1300001531000,37.77888496110838,-122.42660901961312,37.77895416315585,-122.426528730936,1.745413120213843,294.77324691044095,34.102747380491195,2.521762105035001,59.74646152383259,11,0.006804779127818196
1300001532000,37.77889022853581,-122.42662007381874,37.77886844530099,-122.4266928995975,1.5868092636658333,293.40026215494737,41.63857233617789,2.173595923333588,42.67265569237915,10,-0.00810537453540151
1300001533000,37.778897095594296,-122.42663375194968,37.778860403502684,-122.42664171428525,1.434719832844502,304.82835859999466,36.44691478540271,3.9619931797770103,52.92999761590002,12,-0.010887081266409674
1300001534000,37.778905086054536,-122.42664457754307,37.77897249171399,-122.42659731386371,1.2502459055263762,304.39287020835377,38.48467296402251,3.642351802233384,40.291306897021144,8,-0.01322068916589505
1300001535000,37.77891278727335,-122.42665274606367,37.77892006109467,-122.42671029268467,1.5936143438141146,303.67146317189366,35.08819817029429,3.111166970072429,58.234687021450114,13,0.004525122111446325
1300001536000,37.778919562320425,-122.42666050183934,37.77894082721467,-122.42660119013094,1.5898986570947455,335.73972757143844,29.336742909676925,4.61779158502298,44.75003918175566,13,0.015473661988953004
1300001537000,37.77892798918524,-122.42666953209373,37.77892358719414,-122.42671569213766,1.8174689544110558,323.5108928246533,33.79664718373373,2.5025731937645888,56.54772919343198,9,0.01922612482573892
1300001538000,37.77893984581387,-122.42668116464255,37.77887742214018,-122.42675550579533,1.2513093569591478,337.91141204816745,33.20150584254335,2.2255479625787724,56.11617095614348,10,0.007184452040003973
1300001539000,37.778949185866416,-122.42668913081116,37.779004415727506,-122.4266246954683,1.000688978910583,311.5476753006466,30.73794578309799,5.536579265374952,47.84318467303217,8,-0.012349550349739207
1300001540000,37.77896030470706,-122.42669848785596,37.778858835410915,-122.4267236868586,1.2362952706008596,334.7940130778141,30.949098955523738,2.436161714926463,51.69477031324341,8,0.010718552233115542
1300001541000,37.77896961119615,-122.42670707323708,37.779019509992075,-122.42675354109178,1.319276577575884,311.88733721648487,42.31875751280041,2.4833945195499787,47.18826278340787,9,0.006531388064736691
1300001542000,37.778980201289336,-122.42671684925241,37.778966239365914,-122.42664627843162,1.730544199736496,320.41376977067233,38.90688519207028,2.184985445700809,56.17151204724208,13,0.0031650672578313692
1300001543000,37.77898659031001,-122.426723282995,37.77897720868744,-122.4267885231124,1.245007353757801,313.82135368110926,35.51698804159522,5.828500596176923,46.38685730733596,10,-0.01332716627538478
1300001544000,37.77899579298678,-122.42673003242739,37.778969165947046,-122.42675633046376,1.3818942742878957,323.5523131331224,41.19224949757579,4.165733915784417,53.18652522736577,7,0.0011616098639819978
1300001545000,37.77900766074707,-122.4267366852149,37.7790340032692,-122.42672931058642,1.5414522208071955,352.6621978025758,33.87193512652592,3.2946277515458395,51.78062077348162,12,-0.01499383240482764
1300001546000,37.7790175413399,-122.42674249190479,37.77903797859084,-122.42677443504016,1.1919378512013064,328.8506339180442,33.52251438813349,3.035449150014664,54.33008788534024,9,-0.012292258228524724
1300001547000,37.779027633364784,-122.42674785231254,37.779108208289344,-122.42677057532903,1.509586005005565,342.13316513512706,42.175182344536466,4.6077109652165005,41.076614523980865,7,0.014162147307943662
1300001548000,37.77903701671525,-122.42675303917301,37.779027813103276,-122.42667300508126,1.3436519840726358,344.8461877725647,36.20850719939821,4.145862171445402,56.01886869976529,12,-0.004776219653195225
1300001549000,37.77904939688768,-122.42675801835769,37.77904029383213,-122.42666311297086,1.9133375847463683,332.55102172114186,30.751634190763248,3.371910741391749,44.37037388092425,14,0.0007805822304184657
1300001550000,37.779060504380205,-122.42676110572782,37.779042814621164,-122.42669634459185,2.073813412565463,333.1507958888617,29.37297195928558,2.459125120145054,52.706327778958965,7,0.004962306024344848
1300001551000,37.77907118335131,-122.42676337824625,37.779076379906606,-122.42679723078976,1.0039437557884252,356.7892751927433,40.306348010279535,2.6579594470431673,45.46003954992372,11,0.008211852672109408
1300001552000,37.77908295193386,-122.42676473107662,37.77906050290739,-122.426766446739,1.0447293834981728,349.24685795674213,39.207976699222684,3.9646871546814144,40.325726519761886,9,0.014541810521173091
1300001553000,37.779094575836254,-122.42676521605968,37.77915233915549,-122.42676309402117,1.4800110715344912,353.0454545181276,41.040831933903604,4.587170281992506,54.77868532608082,11,0.0009721768254738753
1300001554000,37.77910541645847,-122.42676426147862,37.77917393646558,-122.42676129315184,1.0025235957585812,5.08351801133527,29.414856394348796,5.715138939846286,41.37844840780651,11,-0.023756124296487827
1300001555000,37.77911850386762,-122.42676233484696,37.77902238456198,-122.42675670843249,2.0789649257803617,1.535714563599213,33.6407302430615,3.716957930527017,51.61568980147361,8,0.0090698773966085
1300001556000,37.779128618168514,-122.42676067369979,37.77906417513258,-122.42675206604773,0.2547494132252217,355.44836952389727,39.44382852914223,2.2054145203037843,50.22877468843205,11,-0.01370066568714885
1300001557000,37.77913930315296,-122.42675960731792,37.779088363976285,-122.42674798860344,1.2041843496732487,11.951580951674817,39.733884868283155,2.7244671137399274,41.27422246378162,11,0.00526352368954755
1300001558000,37.779148262217014,-122.42676027044352,37.77918134303356,-122.42670991348758,1.047206903440833,357.50884331444706,36.87841634904314,3.460256513687934,56.11932015563364,13,0.0153203487591633
1300001559000,37.779158553204134,-122.4267610639079,37.77911395127759,-122.42670296968835,0.6805399126878067,357.028468028969,30.910209769256287,2.9490978547641227,55.62992933322274,12,-0.01209162337028947
1300001560000,37.77917125618584,-122.42676309210724,37.77919885065543,-122.42665940157777,0.4100425712982436,4.290527257515521,35.85926761684723,3.1835874856653565,48.07818260516203,11,0.01057432101552378
1300001561000,37.77917989933179,-122.42676441396259,37.7792484658302,-122.42684200080511,0.6510747935317249,0.9121266780279029,38.04457844412024,4.029773602222882,49.21198001983975,10,-0.01640908871630497
1300001562000,37.779187633336704,-122.42676461726506,37.77922617760867,-122.42673565263729,0.651375525464738,4.229475441574266,44.4805277615487,5.214730664842985,41.47181815481682,7,0.024429102004678294
1300001563000,37.77919910675914,-122.42676469990205,37.77914686584644,-122.42684120674055,1.6330388101543059,11.862238587122363,36.14461340622053,2.004450003994916,48.61526877290485,14,0.009473218564888744
1300001564000,37.779208424500155,-122.42676519422302,37.779148429276994,-122.42681225699218,1.3434777376687215,18.368219636447407,39.57089368959031,4.5728505388528164,49.01750194642965,12,-0.00837211773403643
1300001565000,37.779218035109295,-122.42676661541996,37.779084632041865,-122.42668922710864,0.9449180128112376,328.47042423450887,42.50435442737619,3.9975509408327095,54.2035020298145,10,0.0019457497211662544
1300001566000,37.77922709782776,-122.42676943536915,37.77925159843151,-122.42677737970243,1.2495192338089243,341.9587719560084,36.40668874415734,2.453232077419231,58.678578719415015,11,0.009677601747573355
1300001567000,37.779236490396954,-122.42677092673537,37.779173738448186,-122.42679663296985,0.4984048516011489,2.9462473265479048,32.17296800263088,2.9505335996089124,56.77051968576585,6,0.003431156776497596
1300001568000,37.77924683397277,-122.42677468825154,37.77924895369101,-122.42678272614124,0.8730271811100065,336.43675056375,41.738182228899596,4.808267224302853,46.85639620390265,10,-0.007809345158319439
1300001569000,37.77925397736767,-122.42677810516736,37.779265516777,-122.42674867639082,0.7723079658668155,340.0993075540256,44.04583504874791,5.577854952936699,55.435330477801116,11,0.006988898139725529
1300001570000,37.77926009600678,-122.42678299442721,37.77919460728643,-122.42674549681993,1.7294733186610838,333.33934798777625,40.19226331863907,5.607577110601985,56.977530805663896,7,-0.005962802681391035
1300001571000,37.77926766741829,-122.4267894209101,37.7793148370551,-122.42684351979595,0.2861598986081284,322.0150981084914,39.15088563361175,3.425913988058485,41.44988803397415,10,-0.0072901458706669245
1300001572000,37.77927253884193,-122.4267938281817,37.779220740508634,-122.42677949027598,0.8939006649816681,325.7562799495512,43.248241843007634,4.392890046418063,45.6401475516903,6,-0.008455199370703576
1300001573000,37.77927754543843,-122.42679870439237,37.77924783764038,-122.42684083570167,0.9714278058142549,317.1710697150399,43.9560947692731,3.6111600696181956,53.31083132342515,6,-0.003375749222482926
1300001574000,37.77928705244195,-122.4268080697901,37.77922793865653,-122.42683040196478,0.4250767137609107,318.2673036342921,34.23163909998656,3.7258015067578247,58.56621288938001,12,-0.007165906051225408
1300001575000,37.77929445757084,-122.42681650896269,37.77929690955313,-122.42685233905246,1.1309193062730238,318.6193878023874,42.546976831778515,2.704275421126322,55.181589073013015,12,0.005894135833109675
1300001576000,37.77930029840955,-122.42682431788033,37.779267066225934,-122.42674855840703,1.2296257848162453,316.0046705243574,33.43530576634742,4.189749479305084,44.51176879245223,6,0.0006264684408767616
1300001577000,37.77930874894429,-122.42683251899332,37.77942225188391,-122.42685067172518,0.9949899400928177,312.08833698189704,33.62924357806808,3.0348763196732196,46.85264356104723,12,-0.0023606834087454304
1300001578000,37.779313763244936,-122.4268376858627,37.77928158354194,-122.42690244775562,0.7992086219801761,315.9744122753709,36.20129832626701,4.8813727460065435,47.37454328226295,10,0.018922517812400532
1300001579000,37.77932008314179,-122.42684320651013,37.77932940183289,-122.42683204085714,0.48333079911280274,325.76364311238757,33.87328439941884,5.882433292951849,49.564881959439575,13,0.005029350386263799
1300001580000,37.779327312813585,-122.42685056251155,37.77931329707565,-122.42681544772071,-0.11739550411788557,317.0043056389063,42.203537856287205,3.124429816769528,48.50230220092294,10,-0.006176114110229425
1300001581000,37.77933562237926,-122.42685681543671,37.77937995530935,-122.42679182547829,-0.4326645891354437,329.39668611297407,38.90579379719543,4.111259392975289,47.03537545667095,13,-0.0012868449450277608
1300001582000,37.77934380464954,-122.42686124641233,37.77934400010058,-122.42687217584225,0.7811544407128395,326.84005711396236,44.96958053721597,4.868965479199177,51.54360189582603,14,0.00025297139544463114
1300001583000,37.77934688615645,-122.4268628229399,37.779273797590285,-122.4268806195105,0.5536931314144606,329.792352016041,35.753517048895574,4.8876874287789,59.792168683004945,7,-0.004893014008409565
1300001584000,37.77935226175414,-122.42686636560367,37.77936220555077,-122.42681974511491,0.4857535392234851,334.70297451014716,41.8281796070411,4.612923438796727,53.21489293482972,12,0.0014182174200070628
1300001585000,37.77935989097628,-122.42687130066575,37.779381889722224,-122.42692994924437,1.138689482253475,327.4954050796007,43.78684462042864,3.059245112393426,47.64680135447474,12,0.009668950533005035
1300001586000,37.77936612159875,-122.4268752900645,37.77930216483345,-122.42683179511121,1.1607321918893145,317.6983588744492,40.009859535574286,4.223813147123447,54.177916918299175,9,-0.0022866073691585566
1300001587000,37.77937702757811,-122.4268819143604,37.779324887890816,-122.42686433779696,1.9128911885262694,330.00808745399434,40.82406709769804,4.858636183986773,51.68406410181872,12,0.016391487072149748
1300001588000,37.7793848740515,-122.42688777038674,37.77935209369614,-122.42686103341356,1.0998068251932742,333.7185509365205,36.87052022510912,3.9982791819022188,58.20707549971877,6,-0.013016662478623254
1300001589000,37.779391447814184,-122.42689430374081,37.77940430552461,-122.42686508686447,1.9265988249096049,319.45109241603313,37.95840600523425,5.631085678163274,57.114125022733965,6,-0.01373250776754359
1300001590000,37.779395631278945,-122.42689834154768,37.77937779081532,-122.42694356403224,1.1043079362516703,306.40773233145745,39.45221198212594,4.999061847334885,44.17034925937419,11,-0.0007239394286383544
1300001591000,37.779401285869284,-122.42690380943033,37.77928867352636,-122.42689358851493,1.1909056962853297,325.9193406173114,34.02160165058373,5.723561623728191,49.26931900298943,12,0.0001112597880877092
1300001592000,37.7794072661255,-122.42690959005567,37.779369252350264,-122.42696605811436,0.07037927233515306,298.99735962021225,31.66175750087066,4.263953311987438,48.07702607442573,14,0.005387376760495784
1300001593000,37.77941490423292,-122.42691568648864,37.77947166202952,-122.4268620549842,0.8933209317134458,330.2730537996287,31.993642572671583,2.2978242244552662,49.21321491598399,11,0.016225138148051096
1300001594000,37.779421451769274,-122.42692254486403,37.779453085824784,-122.4269516592857,0.5856836957742697,318.101839573793,45.04546530478683,5.544950254909025,40.89105589757002,7,-0.0038680467941724275
1300001595000,37.77942860412642,-122.4269287800893,37.77946129728572,-122.42686688919429,1.5864773644737475,328.72755878534844,39.87622792240954,5.458824339880016,48.22137290073003,9,0.003433185432253678
1300001596000,37.77943259395942,-122.42693276448473,37.77942979053452,-122.42691829609629,0.3032808114452314,331.20609237323765,31.04644184655197,2.828501163468771,41.98051673967264,14,0.007932871117000672
1300001597000,37.77943960928537,-122.42694028119877,37.77954825908136,-122.42699051038247,1.2069980971140142,319.70936827379967,32.78652126205492,2.9119780243375173,55.689260234273505,8,-0.008949389157513985
1300001598000,37.77944253145224,-122.42694390035417,37.77943909491339,-122.42699552697214,0.31152684172580436,319.5681012975777,42.89609512281466,4.213182389360921,58.428005443097504,10,-0.003991433504747676
1300001599000,37.779446506185266,-122.42694874669743,37.779434940220256,-122.42699380028708,0.6686573378069878,312.248700450963,35.961187113700895,2.208126709182468,54.57629372256593,12,-0.003570428020317993
1300001600000,37.779450774397006,-122.4269560367069,37.77942715708795,-122.4269817806151,0.6179885058981731,299.3129284619589,41.885661846783165,2.474293220917711,53.05120926357163,12,0.016971829160262988
1300001601000,37.77945412552678,-122.42696239672156,37.77943419113426,-122.42694150400956,0.7081958150222372,313.30826175234944,42.027608549997765,3.3757484512697236,56.0957638882612,12,0.010867914937634419
1300001602000,37.779456408106235,-122.42696718214722,37.77949552213671,-122.42706962378516,0.9817751801082111,291.4789416191298,41.99186111651725,4.110081313617555,49.87518289303014,14,0.004740329185694674
1300001603000,37.779459242749745,-122.42697186786707,37.77935504274678,-122.42702135508648,0.8504028589351129,302.99523580715527,31.544701130050036,5.790229250587476,47.154485035605646,6,0.003404508600852261
1300001604000,37.77946126617793,-122.4269751230293,37.77940200527056,-122.42699203773877,-0.5265130332216658,321.16406891525185,35.22902651206003,4.395808995586441,42.07357959563977,11,0.010397190336830444
1300001605000,37.77946586987741,-122.42698166935931,37.779535908759684,-122.42690647803417,0.22856596090614156,312.1662336312983,35.72640074792705,2.3557622164712204,55.83268167775213,6,-0.0017668977579109466
1300001606000,37.77947129069163,-122.42698936956361,37.77943250251486,-122.42700228001118,1.1825166598444083,324.8917713932812,32.92156534930831,4.3838334955587,56.3451022703147,14,-0.0001332195585085421
1300001607000,37.77947462993459,-122.42699509028273,37.77941825085388,-122.42700282006481,0.41740785526401214,306.3072356132655,38.00730540105025,4.404140542291379,48.125841049768766,7,0.007822333681751573
1300001608000,37.7794779079182,-122.42699986418586,37.77946954549759,-122.42708265553715,1.3627467876723665,289.3950694687272,45.097257056976794,5.594882502858353,45.974222248224265,12,-3.543546411855459e-05
1300001609000,37.77947969642019,-122.42700289390005,37.77944228149214,-122.42700757162937,0.23026209304180095,303.9027203081271,32.777544525493745,3.0288164374989055,46.45943473726874,6,0.022154997450932253
1300001610000,37.77948373068461,-122.42701042595365,37.77949837422107,-122.42706493000404,0.29001423930624215,314.8162532587022,34.41220084681933,4.11809665905168,42.49743547173692,10,-0.006859104247298957
1300001611000,37.779489150294125,-122.42702020612955,37.77942933370238,-122.42698130572076,1.2237249833566999,300.1552068709968,38.21474471173103,3.1820579384902583,46.20866166494916,11,-0.010477462458718577
1300001612000,37.77949052939692,-122.42702230317322,37.77956548445595,-122.42691385547737,-0.025836365340170808,320.33518738041926,37.557787175724144,2.7125299409610215,59.934590572740774,8,0.0053810650026166265
1300001613000,37.77949265326372,-122.42702565063456,37.77942710675338,-122.4269962765272,0.008840852710826685,303.6481671110203,41.70874093730702,4.88603820405879,42.287468053134525,11,-1.0745933791153062e-05
1300001614000,37.77949554598186,-122.42702914712632,37.779491348652606,-122.4270842193371,0.235926463263631,310.4765448833094,34.50209847101048,4.942474638876509,57.50215358368444,8,-0.010505033173274437
1300001615000,37.779498383790184,-122.42703293717796,37.77950117483099,-122.42700055607416,0.8854180044320588,331.710980820033,37.51603648205495,5.311448458567812,40.034308557033235,13,-0.02118408520885383
1300001616000,37.77950236813482,-122.42703767457063,37.77951468773364,-122.42708090486487,0.749647899496426,304.1996047126902,43.81487271285761,2.9291433907486484,54.64346754443736,8,0.005611036634522941
1300001617000,37.77950811116921,-122.42704449873155,37.779505080841105,-122.42706045643166,1.2996097333649073,341.1792022940989,40.833203417100194,4.0809015386629675,48.4823420771904,9,0.003334640008801062
1300001618000,37.77951357629627,-122.4270494253705,37.7795132873288,-122.42704252981991,0.23301547002525536,311.6203844827514,38.64936991398074,3.802275159147462,43.78881172329832,12,0.0010707126611620775
1300001619000,37.77951833442625,-122.42705354707223,37.77951483430796,-122.42699118078328,1.1296949211591363,313.0484934020454,40.15890639935656,5.41707920818731,44.165927466406714,9,0.0053334847045771626
1300001620000,37.779520816911656,-122.42705655742452,37.77958610108755,-122.42705129935547,0.3513076057400879,305.5052992006363,39.65213647406092,4.447130215419463,55.34550070965201,9,-0.024549855901479588
1300001621000,37.779522894352326,-122.42705863640425,37.77951662441455,-122.42702870351702,-0.013651234425490433,325.21444093389204,40.11775136205497,3.376178378876976,45.71273825718936,9,-0.0002447120877573451
1300001622000,37.77952535116118,-122.42706113119695,37.77957352882143,-122.4270578050237,-0.34502135223135943,343.9507080741756,32.02154860962265,5.779995772390022,54.991123555821446,8,0.006669185383461549
1300001623000,37.77953080586878,-122.42706724041093,37.779494192627375,-122.4270363108323,1.4046720726699145,334.76224520671997,46.393673052103146,4.141858846843304,56.04183797104293,10,-0.008283226503322211
1300001624000,37.77953432316709,-122.42707040308127,37.77953420222753,-122.4270755406581,0.5487324172673027,333.8688832225871,32.6853438308064,5.3319388207335585,43.56269700904214,11,0.00115214341565347
1300001625000,37.77953715301233,-122.42707310672111,37.77953064449302,-122.42701169770652,0.6177607204477427,327.1350173688408,36.66480057352231,2.5717491658439213,52.90811816437966,7,-2.5554762322608504e-05
1300001626000,37.77954041883749,-122.42707589982646,37.779590442388475,-122.4271475958303,-0.19174699741676332,332.9377028921884,46.29575762652634,3.37413813894043,59.78117385195621,9,0.013313440331123976
1300001627000,37.77954489877256,-122.42708031223174,37.7795155686782,-122.42711838154997,0.6513256672123081,324.8638584961278,40.14072848434686,4.936195567333074,41.20019357259293,10,0.017234077934190996
1300001628000,37.779546206107234,-122.42708180574779,37.77951161998041,-122.42713745115712,-0.2860340171492468,318.51919608648694,38.714488504426186,4.255187589199862,50.20158851914126,9,0.003919531726748178
1300001629000,37.779551728526876,-122.42708634793416,37.77954392450616,-122.4271210124731,0.9405051813209148,324.25135599867684,42.1589036231712,5.890857063667806,57.7626920880497,7,-0.0054780567706239685
1300001630000,37.779555125305336,-122.42708958203514,37.77955406513599,-122.42713854627733,0.38563203050879025,322.81936073343235,33.067354844830405,2.285293104349062,52.83988301227467,13,-0.0030707468630543177
1300001631000,37.779557816310316,-122.4270924274193,37.77945269878154,-122.427067708249,-0.8972999060203491,309.2944260198527,44.46199041190765,2.040896633977515,45.53747772171012,10,-0.0002855385650247053
1300001632000,37.779560880309575,-122.42709679803649,37.779517956270126,-122.42712934812378,-0.31297894280960614,314.46858905697235,40.47436087433441,5.822259440818506,45.00378181747743,11,-0.015479284427951248
1300001633000,37.779564039570744,-122.42710018521801,37.779619548172384,-122.42710200586818,0.443524016452225,311.76193181580595,45.88579389068781,3.2895247915653982,45.81644747359086,8,0.0056458498043394445
1300001634000,37.779566439456005,-122.42710258216519,37.779553710767296,-122.42712933546363,0.3628193899111267,316.16734324181533,46.706480522951786,2.3540864856780246,40.84445926421729,11,-0.010160907241608537
1300001635000,37.77956895163537,-122.4271049859273,37.77955687034877,-122.42714283245492,0.1496808967385083,323.487013785157,45.86540082474346,2.474813668388149,41.76427699305414,10,-0.0062851951113253824
1300001636000,37.77957061910239,-122.42710631568792,37.77959913137313,-122.42710130594354,-0.1395838575327134,329.8486675571481,46.89284924555062,5.425429003979391,59.03214196905301,12,-0.009849765069428766
1300001637000,37.77957423181098,-122.42710999996036,37.77960125857558,-122.42717541250909,0.4768399935648828,337.51556693747597,37.52965012148491,3.766608700677599,50.485477168237466,10,-0.0221374725503049
1300001638000,37.779576053064204,-122.42711204401567,37.7796630168358,-122.42716649973026,-0.2386644096404434,327.98661540330676,40.71705335429085,3.1926862287662723,41.60473305186156,9,-0.013752930661691372
1300001639000,37.7795772432057,-122.42711340137602,37.77960880539584,-122.42719660232217,0.20167732346623915,316.82117602034555,45.92570094212583,3.402406142342878,50.63397103035112,11,-0.016157655745467455
1300001640000,37.7795795350116,-122.42711682956558,37.77955752078167,-122.42715184355957,0.9135164050883056,314.3073428688976,34.98817389568577,5.412085844348209,46.12417389705448,12,0.008978272929630864
1300001641000,37.77958359411444,-122.42712165523282,37.779586345944026,-122.42712545160283,0.4122574680618979,319.9062882809589,32.94561735317795,3.741915139633883,55.893024104937524,12,-0.00753547608247232
1300001642000,37.779585796603605,-122.4271242821148,37.779624501820045,-122.42706628662172,0.0257066743365838,316.24487307705465,38.72542427098224,3.81756483345444,40.29197339845753,12,-0.0014748325602598747
1300001643000,37.77958717969146,-122.42712602751989,37.77963526313617,-122.42716785271642,0.33565374579211105,300.593942844671,44.644303332486174,2.1333460950099044,47.630170729963034,14,0.0041774914253259725
1300001644000,37.779589855901186,-122.42712926834034,37.779544724708295,-122.4270501631197,1.4298115423134958,301.724407389348,33.66219414183235,3.1348807811481136,53.10426091592622,10,0.01135539576095093
1300001645000,37.77959417346727,-122.42713523145808,37.77962766262991,-122.42714159044962,0.05379838616735777,301.9923101083455,33.65552914452251,3.1561585501897023,48.2379404069929,6,0.0023698161988909817
1300001646000,37.77959433490116,-122.42713545266444,37.77968269148028,-122.42711376985754,0.7278692449574563,301.9471032225743,36.1339641699497,4.599340792591949,53.81944417021135,9,0.014496529694460629
1300001647000,37.77959733374616,-122.4271376560586,37.77958866270304,-122.42712918563406,0.7522091476531909,320.03571230612215,43.40725512326587,5.695633153308236,51.40106990375754,6,0.004577487577403943
1300001648000,37.77960007949472,-122.42713943543374,37.77960064500784,-122.42711081219163,0.9601687765569522,342.93450429087244,43.72613278692757,4.929223142586414,51.09790392669767,13,-0.0009816673533379608
1300001649000,37.77960456648216,-122.42714136588148,37.77955829335653,-122.4270498712201,1.2105368742698164,2.958349125049267,37.16041891804663,5.053498990249499,43.24137515763043,11,0.009950554848150687
1300001650000,37.77960865763354,-122.42714330692424,37.77955556393274,-122.42707237437106,0.44597594733906293,337.73694005631637,42.37093805092245,3.6847956510314726,47.00728457119134,12,-0.0074924192593543324
1300001651000,37.77961065415259,-122.42714444818417,37.7796112308764,-122.42719332957309,0.5103341918535892,331.7118995048442,35.499652767018986,2.970681187317458,55.318745182854684,12,0.0001767334775851529
1300001652000,37.77961065415259,-122.42714444818417,37.77965005877096,-122.42716542652511,-0.04408440679858279,329.12777496853715,34.8552345453832,3.072005403086793,41.49725998865325,12,-0.017997113164262783
1300001653000,37.779614007414935,-122.42714684592299,37.77959907027127,-122.4271253602061,-0.48668030565899534,327.4076919066334,39.01419226788015,3.1876888781688906,56.17258475660304,9,0.008813320997788997
1300001654000,37.77961464228794,-122.4271475443726,37.77966992484676,-122.42720071076558,-0.17807047677394192,336.37650034286975,39.26691479385454,5.049074083818944,44.82682926874985,12,-0.01357622949844191
1300001655000,37.77961510395764,-122.4271479901519,37.77966049408817,-122.42712843103448,0.37661303870081453,327.2847852113295,39.944754195703425,3.6526888051167434,47.8684662874471,8,-0.013972451136767683
1300001656000,37.77961865063597,-122.42715103324214,37.7796003432852,-122.42715477253908,0.8894586303680954,321.9307708662019,32.52132156705987,4.240698543161271,49.34313008126962,10,-0.003480629323678276
1300001657000,37.77961910710264,-122.42715136633149,37.779655611793686,-122.42720133436988,-0.20961595133474942,324.4509096075808,38.201227599521566,5.569244535721679,44.14351902012518,7,0.007527166413172184
1300001658000,37.77962311971383,-122.42715427777544,37.77961665267036,-122.42713705762553,-0.1058487333518221,317.03738701652327,43.26693714017201,3.143260151525001,58.276802882712204,11,-0.0069879320598953115
1300001659000,37.779625611961606,-122.42715542183277,37.77963025945841,-122.42710673777502,0.6670476562809803,339.55662154157307,35.974858751411595,5.836903598077044,53.76870550598483,9,0.00355969714386503
1300001660000,37.779628015880206,-122.42715655164474,37.77968170880677,-122.42720370598302,0.8483799769211308,336.3016904913241,33.09407115321752,5.856664045233604,40.0262426713239,14,-0.00015227694624947183
1300001661000,37.7796303027186,-122.42715778863538,37.779752236918426,-122.4270776588756,0.35786038151955546,343.24602505354403,37.603352319075796,3.727531591682089,56.05776264156237,11,-0.006034746923871479
1300001662000,37.7796303027186,-122.42715778863538,37.77956049195028,-122.4271459078467,0.10857341897399936,322.94238602411457,40.53584188514775,2.3817308097889636,43.84736121355565,8,0.006082725174081732
1300001663000,37.7796303027186,-122.42715778863538,37.77961378615763,-122.4271641984194,-0.047260292251875335,337.7708999917333,44.72855754037586,4.0184937948820885,48.21700891558542,13,-0.0012549448235442463
1300001664000,37.77963208667523,-122.42715932582244,37.77969009967878,-122.42713970969467,-0.14499341446522956,341.7168911244354,38.32352048676102,3.733569383123104,56.56095846538808,14,0.00470458078078369
1300001665000,37.77963435095769,-122.42716127438342,37.77962213890285,-122.4272909190827,0.1722166851906406,333.5074419811845,33.80762218754174,3.744820959105845,58.33256265378424,11,-0.003502126085206044
1300001666000,37.779635943497816,-122.42716237301379,37.77961447537966,-122.42712360844064,0.4001446902917259,332.7040402702889,39.586203780953454,2.3802433568446077,58.49519882839703,13,-0.002543223332342574
1300001667000,37.77963607514559,-122.4271624243428,37.77971945960455,-122.4271491785041,-0.4969063881425987,329.63597168544425,37.21811159674912,5.122423251722526,51.88148755048536,14,0.0015893647491514592
1300001668000,37.77963759378369,-122.42716304843123,37.779634551960065,-122.42718588629224,0.921269591713472,337.2825757658201,44.151416776647984,5.012220239577097,46.43162049641826,13,0.013684478882929238
1300001669000,37.77963892985253,-122.42716340275571,37.77967829475603,-122.42714654500692,0.07220417454992888,345.1751071115994,39.52411687424054,3.514668207977838,56.847893500407224,8,0.015760331867931524
1300001670000,37.77963892985253,-122.42716340275571,37.7796234630575,-122.42714315606678,-1.26102420655075,335.834344331383,34.66156636507295,2.1830109506056683,50.5449961560865,8,-0.0077268897441825895
1300001671000,37.77964206114992,-122.42716443551551,37.779564129268465,-122.427217482898,0.7796493642789347,354.4170121100668,32.29077546332534,3.8829601039169006,58.65881075329192,8,0.0012642288351524392
1300001672000,37.77964206114992,-122.42716443551551,37.77961650608247,-122.42715975081555,-0.6158617552015248,353.3912974715913,34.09294292346047,2.035352546326906,51.11553511627558,8,0.0032942580663089106
1300001673000,37.77964435253164,-122.42716523407232,37.77967854083346,-122.42724484869937,-0.21354401549544128,353.82935172115003,42.726052901334235,2.8674766842466877,44.34562644976826,7,0.005511692258818863
1300001674000,37.77964623740464,-122.42716592768912,37.779655886518185,-122.42707523737731,-0.11054724147930572,0.6247301131411973,46.55030691378588,4.9144945774640405,52.32350040556087,14,-0.01094728492017798
1300001675000,37.779649145416315,-122.4271670524604,37.77960925236136,-122.42717222534534,0.23580840606077258,357.4184888600499,42.607118047336165,4.058219526670301,50.61442022197598,13,0.00264550021916965
1300001676000,37.779649145416315,-122.4271670524604,37.779752338996424,-122.42718231451465,0.043235350912688465,316.32525112703684,41.98382372805532,5.678478404802636,54.89887075789251,9,0.006656951504015795
1300001677000,37.779650403891324,-122.42716755599956,37.77965629866055,-122.4272377913997,-0.6264505134033942,346.53599967742963,34.63495479741567,2.7396461382321355,48.64765882541228,10,-0.004470222333136398
1300001678000,37.77965514306219,-122.42716955303807,37.779605375061415,-122.4271878405497,0.5477014160174588,342.2340022507247,36.03977139456557,4.018272428321162,59.22534920428202,7,-0.013591164486386776
1300001679000,37.779657187374404,-122.42717071542607,37.77972216299499,-122.42717557915459,0.2982593196776135,332.47847105398137,32.310894384270995,5.44085632911246,46.60284919345247,13,-0.002373033870930676
1300001680000,37.77965829048073,-122.42717128255282,37.77970412062434,-122.4271575257279,-0.6787031644456396,355.35138923809535,39.55444215906007,5.752373235104654,40.5496208411487,12,-0.007561467247448033
1300001681000,37.77966004440819,-122.42717232458122,37.77963204769352,-122.4272502690448,-0.11089038485763453,338.57943850526505,35.92593396496412,2.2714505125946505,55.60389266050072,10,-0.00242336914891134
1300001682000,37.77966106326894,-122.42717279157158,37.77969377199036,-122.42719123095044,0.6758223833351912,337.35690909461925,40.583600256365465,5.328928611566684,49.16826506719682,13,-0.0037029680055632773
1300001683000,37.77966559551411,-122.4271748880748,37.77970512287079,-122.42713755984221,0.6262427196640243,323.8982131651518,39.201533544471246,4.502133605516068,54.82047854622765,13,0.007150163701426535
1300001684000,37.77966806424368,-122.42717599095423,37.77969118130942,-122.42715959327165,0.9977239511274485,347.5701464475624,37.92153868075065,3.2488723353243216,44.21902888121722,9,0.0046290427188593955
1300001685000,37.77966863697615,-122.42717640416849,37.77967512969563,-122.42716889932036,0.4063522392357598,334.9091437023353,34.77444164708182,2.1351785915564254,46.7650584893211,8,-0.0004014012654728681
1300001686000,37.7796696319712,-122.42717731802372,37.77958122807218,-122.4271437541288,0.5279630011065575,347.70519342665455,39.46683335280766,4.33643693339681,42.248834737178214,10,0.019758855435855052
1300001687000,37.779669664414456,-122.42717734296039,37.779653495384125,-122.42719724402774,-1.026643762554555,333.7021288138621,42.765206252137205,2.311112121294057,49.07704888973058,13,-0.014271559075442657
1300001688000,37.77967202375369,-122.42717942908652,37.77966937802706,-122.42721943434309,0.7518218195440831,321.42559773984414,42.3724905148907,4.627540117305756,40.73038459845305,14,-0.012542827956084841
1300001689000,37.77967202375369,-122.42717942908652,37.779642855611904,-122.42720711852944,-0.1939292220720217,304.9861197639892,44.38672895728546,5.530102754947366,52.982700478074236,13,0.005298594281225032
1300001690000,37.77967202375369,-122.42717942908652,37.77965421145617,-122.42714376350052,-0.08263807549947112,309.3938790182836,32.71635344954912,5.983220533778773,51.629708713540566,11,0.0019028560119100052
1300001691000,37.77967475296382,-122.42718160199207,37.77970982832027,-122.42713706724912,0.3660728497721184,327.6930961243908,37.02953268520833,2.423728385433164,51.50267850290684,14,0.002383390224648602
1300001692000,37.77967858622676,-122.42718443723638,37.77965365108278,-122.42718421212321,0.5180720870279764,328.9170034792119,44.36452872945174,3.240119310883021,49.197832567448415,8,-0.00937425821374986
1300001693000,37.77967985125017,-122.4271851417975,37.77959504265032,-122.42723441160591,0.5943036286274076,348.86861656619436,38.317056022377905,5.428350648759732,54.65058542392026,12,0.012148497901948978
1300001694000,37.77968049699927,-122.42718552447995,37.7796492055752,-122.427194438426,0.12591657621913518,337.2559933555858,32.600391324501004,5.476249347929974,47.46131008317578,10,0.018859973886974104
1300001695000,37.779682014892686,-122.42718638081892,37.77965523570719,-122.42714019016135,1.1776889074973769,325.3669513400478,35.83716192867497,3.1718085164905854,54.081228410516246,10,0.008046282594531615
1300001696000,37.779682014892686,-122.42718638081892,37.77967392032554,-122.4271506536151,0.10376738352196073,315.4466960311588,35.8151886948168,5.147289379053456,42.166332806828635,13,0.0038125198157472257
1300001697000,37.77968268319972,-122.42718676008525,37.77962134518488,-122.42723782278564,0.10615511805680464,337.80933737095586,37.286397746564916,4.517443437405188,41.92516796464005,6,-0.0011216978896641083
1300001698000,37.77968311185542,-122.42718699719823,37.77966757994975,-122.42717538224979,0.9546492490457927,332.63795495251713,40.73313858729553,3.558514584985063,47.59903865785013,7,0.0013333011631913225
1300001699000,37.77968448635491,-122.42718774954582,37.77964064333452,-122.42719549537355,-0.09864487309542946,329.7521706893773,32.893295469110676,3.1288086195723137,47.05098043810977,6,-0.012267671799670744
1300001700000,37.77968448635491,-122.42718774954582,37.77972346371384,-122.42720774921523,-0.5918497462157287,356.3098116254322,38.82536796535556,2.8792627922697065,59.89436041137097,8,0.006514580927931346
1300001701000,37.77968448635491,-122.42718774954582,37.779674809413294,-122.42732066890242,1.1620526698692446,350.4608875140833,32.59293034262619,4.35574671531227,57.44193928115776,13,0.01742186776338626
1300001702000,37.7796862371139,-122.42718836558,37.77971361554114,-122.42723853702816,0.017595008637208254,351.9410430601249,33.81016434845968,2.9275371293070953,44.08244078038467,14,0.00608373248584394
1300001703000,37.7796862371139,-122.42718836558,37.779700077710174,-122.42711890139073,-0.017807721420583532,14.613266546014643,36.28251394000315,4.175780762241047,58.78959300426684,14,0.0022429846762115923
1300001704000,37.7796862371139,-122.42718836558,37.779622008580816,-122.42719193316742,0.8603943449019624,349.3454916445333,39.27321575191937,2.1440511174073182,53.46531648175883,14,0.012941466313448448
1300001705000,37.77969008786994,-122.42718916982518,37.779687969893395,-122.42718222541995,0.42350861380864824,343.89339081665946,38.43275746032688,5.876708177398687,51.98077570616961,13,-0.007155636929820718
1300001706000,37.77969037042642,-122.4271891656318,37.77977386464372,-122.42719400374472,-0.5100027798331795,10.887795021280265,37.748243145345214,2.0087082748312204,54.573324117350865,9,-0.0036884852691880326
1300001707000,37.77969037042642,-122.4271891656318,37.77960982790545,-122.42716900986679,-0.7883503655029586,352.5362353664311,37.2491389606789,2.365422559098899,40.22793665706212,11,-0.00446518750355123
1300001708000,37.77969037042642,-122.4271891656318,37.77973776276414,-122.42715775817202,-0.07046119661685113,7.873712505336869,35.91908426497878,5.79031428784698,53.81103664234375,11,0.0061500965141758224
1300001709000,37.77969183705888,-122.42718904119207,37.77969676937704,-122.42716064132927,0.8375248478092717,344.0964993380943,31.648652269392223,5.415132520753785,56.51956476994344,6,-0.019468640171671804
1300001710000,37.77969323418425,-122.4271889440002,37.77961770097551,-122.42712984496085,0.07901567560190752,10.136324979014022,39.66844809006728,4.149814454444575,40.4343961605567,9,-0.007546195261039949
1300001711000,37.77969323418425,-122.4271889440002,37.77972190499377,-122.42716600870769,-0.5864290936194706,355.95840867213826,38.152861844853334,4.522434063734673,50.63269058841196,12,0.00265238995175245
1300001712000,37.77969323418425,-122.4271889440002,37.77974340690415,-122.42710375522591,-0.35724001422481044,7.686728480290753,37.932518592707396,5.675844604172102,57.25693347536043,14,0.00768767550987775
1300001713000,37.77969328891114,-122.42718895216998,37.77969023936957,-122.42711342079039,-0.1059282151436885,3.9783875855331416,41.5117030902297,5.316436274269935,58.61859601394625,11,-0.003996510642038773
1300001714000,37.77969328891114,-122.42718895216998,37.77970864716787,-122.42718801143062,0.17700189920221804,347.0577386922204,40.35485513640638,4.452519545411209,43.57784871884769,10,0.003198224471901626
1300001715000,37.77969328891114,-122.42718895216998,37.779784408536706,-122.42724961285158,-0.05765676319409526,359.48320168808937,38.37045069103666,2.4292756546705228,44.01688487163655,14,0.010009346160052971
1300001716000,37.77969328891114,-122.42718895216998,37.77966301802374,-122.42724692916448,-0.4632676202917217,25.097194617048384,30.649767053813868,5.708662483940019,44.83138623146607,10,0.0005148058428532569
1300001717000,37.77969328891114,-122.42718895216998,37.779784689678216,-122.42723875437464,0.08426260106024774,5.397782762002667,44.724463421764035,2.4775973534842564,55.991711714281564,6,-0.0165422007858748
1300001718000,37.77969377011004,-122.42718885809879,37.77977585952547,-122.42717975738331,-0.26966433586509886,33.64915243160389,39.51667031970813,2.65137240928234,54.48651699943714,6,0.0020835687954920655
1300001719000,37.779694897567495,-122.42718882847721,37.779628632903496,-122.42725173831255,-0.15638354843501623,3.6039442198050966,31.005232760346654,3.3726200836427958,49.65717265775297,10,-0.001919698720245908
1300001720000,37.779694897567495,-122.42718882847721,37.779701074616966,-122.42718937379091,0.05249399589981102,20.171095853300116,33.04968354679424,2.033652741735507,52.57837541438289,13,-0.006571694528605651
1300001721000,37.779694897567495,-122.42718882847721,37.77969824418392,-122.42712780969873,-0.042086048183231355,10.107609586141972,36.876489235002495,4.6053844789501195,40.7981040783695,8,-0.006458177955652268
1300001722000,37.77969771444241,-122.42718864646939,37.77976238496367,-122.4271576424795,0.060924295782623594,356.0480810324292,42.67939411057856,2.625171309357887,57.0997117513911,12,-0.009065046109019223
1300001723000,37.77969771444241,-122.42718864646939,37.77975616839074,-122.42719881645051,-0.6188361250223736,17.336307359179866,31.467420269700977,4.464719063233137,55.27951884694646,14,-0.014543080693132218
1300001724000,37.77969771444241,-122.42718864646939,37.779773222413404,-122.4271916354499,-0.6151057345387021,19.683182173109458,36.59026892664189,4.178433280120197,41.10745561115739,11,-0.009416699699327466
1300001725000,37.77969810083081,-122.42718863947513,37.77961713466392,-122.42724424772864,-0.07790451444476501,359.65182542683664,34.82719699731268,3.012560775766254,45.92911941962811,7,0.014620364879402478
1300001726000,37.77969917837195,-122.4271885842175,37.779768036157634,-122.42717009022411,0.09626880080350429,6.998002727810901,39.82923671812744,2.5112889988892357,46.56481235069256,6,-0.005381477203360797
1300001727000,37.77969917837195,-122.4271885842175,37.77972757419703,-122.42717643480162,0.1735277289984953,25.880675963906725,43.30557781737233,5.250555743828347,57.3230655244002,6,-0.011795525424955551
1300001728000,37.77969995662648,-122.42718822702535,37.7796080229802,-122.42726101136037,-0.3032128490154057,48.943165102734994,38.493467427475636,3.526471009213509,53.86244767092979,10,-0.010735127373307004
1300001729000,37.77969995662648,-122.42718822702535,37.77976561075598,-122.42717799723702,0.041489347156182105,42.620929237362716,39.812563611984146,2.9508610673230287,57.13882736636434,10,0.003122190752846138
1300001730000,37.77969995662648,-122.42718822702535,37.77964460201768,-122.42717641214706,-0.482623325480087,20.090973858145524,36.6895188023016,4.624404605787251,43.07105468473463,12,0.002580758973926523
1300001731000,37.779702064612,-122.42718637385067,37.77974071255508,-122.4271968066643,-0.16192520689353535,22.34304878577608,43.76243052321183,4.243665877845524,52.06758274832969,12,0.008017238461079317
1300001732000,37.77970598584719,-122.42718363680319,37.77967668175294,-122.42722456685362,0.8766030966753138,23.00644176927832,39.245750987634445,3.591735650661594,46.154273826022276,8,-0.0039037406175641133
1300001733000,37.77970870614495,-122.42718186724309,37.77969841416342,-122.42719547051541,0.5873664962089086,33.02375525386539,30.180971878038623,5.48093909205976,45.7551383400652,8,0.02548754165493442
1300001734000,37.7797089249211,-122.4271816635934,37.77973110512093,-122.42720895631916,-0.1495964750356598,57.598485673527804,32.24319876336921,4.862186367175976,58.976433973779926,9,-0.00226350961959298
1300001735000,37.779711824060605,-122.42717962513973,37.779701339141006,-122.42724419465543,0.8320577588349596,28.556925799925676,42.102063947919646,3.1882210392993877,49.98040939135862,9,0.015702496774190503
1300001736000,37.77971242086393,-122.42717924353545,37.77963981222682,-122.42711717892828,0.665840581202807,30.823520856364727,31.017794304928426,2.664599465255281,40.347159816973175,12,-0.01207278768880636
1300001737000,37.77971242086393,-122.42717924353545,37.77972771100643,-122.42710447674467,-0.5554485205174184,27.598309408516965,40.87938028964169,4.322927621478834,40.24005421280823,10,-0.005242028513157067
1300001738000,37.77971320863622,-122.42717873635485,37.77965558263723,-122.42718980776264,0.4053941945106274,20.810633801710242,30.79799411944893,3.6989388540955974,49.04620474550237,11,0.005922528624384827
1300001739000,37.77971320863622,-122.42717873635485,37.779740426414214,-122.42715329149918,0.6941144091670748,11.494669232807286,38.168824069594656,5.661278147190271,56.96255862764734,7,0.008074695180198434
1300001740000,37.77971320863622,-122.42717873635485,37.779650595145334,-122.42725612315375,-0.12590009332034552,29.501556733041294,32.01014093004148,5.024740000414875,41.83741732640035,9,0.009196928207118678
1300001741000,37.77971320863622,-122.42717873635485,37.77972017531334,-122.42721544181079,-0.37819555761972157,14.068446536982176,44.43602095248594,5.963789597163406,54.71582809921463,10,-0.0025416221311590553
1300001742000,37.77971456891769,-122.42717784904552,37.77973277931267,-122.42718093828474,-0.2972433729460797,26.743508385461006,41.063009087867314,4.296424923997515,45.51817618770946,11,0.009822536755027879
1300001743000,37.77971456891769,-122.42717784904552,37.77981525478501,-122.42722368405333,0.4696164459697662,28.523230902624228,38.46978639071977,2.5931189394387895,48.0230586455625,9,-0.0025981038033542478
1300001744000,37.77971551135787,-122.42717690530634,37.7796186314874,-122.42708949058665,0.40682218528411335,40.757075933228556,41.338772596537645,4.6889028301374225,57.042370448067615,10,-0.010834485267863849
1300001745000,37.77971551135787,-122.42717690530634,37.77973131936789,-122.42714633740863,0.48018729860201537,15.946778581317798,33.23585657799433,3.535118838943834,46.38493793778586,8,-0.002247212567023917
1300001746000,37.77971551135787,-122.42717690530634,37.77965249454689,-122.4271706817273,-0.47442780843030313,29.955749670825146,41.35132091522788,4.316678146348514,55.77025579243741,7,-0.012317127648850464
1300001747000,37.77971551135787,-122.42717690530634,37.7797394420034,-122.42726517878404,-0.2490613173574228,32.56604933319872,31.23055167672178,4.319417288056668,56.43749615559125,10,-0.02061480264906401
1300001748000,37.77971869270844,-122.4271744786684,37.77971308032021,-122.42721513645529,0.2121840238442563,44.61130191851781,40.84426288182852,2.5985470600466267,53.360501290091676,14,0.001520167880597805
1300001749000,37.77971869270844,-122.4271744786684,37.77975715175364,-122.42718581227604,0.29602294776247856,29.600851205066412,41.644158716430006,5.095792370283039,58.08232052334388,12,-0.0006359651652954119
1300001750000,37.77971902356803,-122.4271742566647,37.779789832852344,-122.42718642248734,0.04621889418864807,18.35293781367795,32.42452131452719,5.410140497844113,53.52917532860689,8,-0.0061485202669896025
1300001751000,37.77972153136186,-122.42717271267223,37.779704658161954,-122.42722064576397,-0.13269276447259426,24.128732593540818,43.7016964830735,5.863584718662652,56.20566294657399,7,-0.022113092059940255
1300001752000,37.77972325848712,-122.42717159902419,37.77972258998009,-122.42718959031068,0.2403434729672803,57.57731546564406,31.37418296731148,3.116511803529496,43.09062775507053,8,-0.0021176198119479926
1300001753000,37.77972325848712,-122.42717159902419,37.779768465601336,-122.42718053253462,-0.08907353602074189,41.162240223875465,39.556839569274885,4.453589167877318,54.5978579642708,14,0.008646876746340711
1300001754000,37.77972497768546,-122.42717068093849,37.77969852062833,-122.4272634289178,0.34776479316953046,12.758589727606138,39.58106792682172,3.705218824951148,52.50863075357641,12,0.00343241522538702
1300001755000,37.77972558139844,-122.42717034560434,37.77974573961344,-122.42714620459336,-0.4119876184289435,21.984172565774962,43.749273873260776,5.678524374049251,40.12755324834552,6,-0.0015687957149439317
1300001756000,37.77972558139844,-122.42717034560434,37.77976752434548,-122.42718221634519,0.6943884430052745,31.79486573276462,30.9979722333272,5.302041057876211,59.86401725155896,14,-0.010456692914812596
1300001757000,37.77972594985688,-122.42717008549887,37.77967214046441,-122.42718125974642,-0.25689308158734026,30.91489369679474,38.98907412502189,4.212552225828325,47.0000900727105,14,0.0037573451608969416
1300001758000,37.77972837189954,-122.42716856489612,37.77965212327233,-122.42720820548588,0.1888582425396711,29.921132435941825,34.05879762119037,4.41171509059412,41.25525074226923,12,0.0033335317057052016
1300001759000,37.77972837189954,-122.42716856489612,37.77973715754521,-122.42716900491398,0.9664902607433363,25.38109572621826,32.63258896285658,2.8258735562333412,43.361690148404506,10,0.0005059365111832132
1300001760000,37.779729356578976,-122.4271677427565,37.77977319289194,-122.42717343468627,-0.3143591871390463,25.372807517558677,42.82473334110594,3.74048195361819,45.03720273408494,6,0.00810846270763371
1300001761000,37.77972970986484,-122.42716734871294,37.779654461521524,-122.4272254138808,0.06181779881373336,41.86024270443785,29.040887947842403,3.881586216406083,47.064694190993244,14,-0.011710311112175525
1300001762000,37.77972970986484,-122.42716734871294,37.77975426455531,-122.42713944998111,0.6507724117899749,46.63897156390857,42.141133554501806,2.6576619086575213,54.143960306119176,9,-0.0010626133529814284
1300001763000,37.77972970986484,-122.42716734871294,37.77971144022951,-122.42722716946196,0.6859341388161214,60.8462769082476,33.87889608882656,2.5346895560637503,55.591246463380486,13,-0.001349540891097107
1300001764000,37.779730364389245,-122.42716651836258,37.77972178421209,-122.42710271324918,0.37708373417983515,34.049857618373935,36.29774200064143,3.8772378396730716,59.88291496308382,11,-0.01252164178228358
1300001765000,37.77973267538074,-122.42716421338311,37.779784258333535,-122.42719135591638,-0.19719910685049374,32.209953913076205,34.79397619123073,5.852363152676546,43.483450588123766,8,-0.008773390768702463
1300001766000,37.77973462107137,-122.42716234228766,37.77974164629805,-122.42720072269897,-0.8133828308413067,71.81096856059708,40.96829511789556,3.4098551921312876,45.738367067122006,14,-0.008639937926090083
1300001767000,37.77973613518262,-122.42716122770126,37.77969338094447,-122.4272631287772,0.8546283093616954,25.346717236736914,36.31881386833099,5.944829148968399,57.67119398953447,14,0.021331343569310192
1300001768000,37.77973613518262,-122.42716122770126,37.77973552243385,-122.42720309860569,-0.45134913527477105,19.367805837167282,30.115575803881967,4.491712095578242,55.446193035310614,7,0.014082486188600847
1300001769000,37.77973973448767,-122.42715906364968,37.77972805337607,-122.42706867901288,-0.256958615534874,36.19328725632667,29.66406235785245,4.1616455500027785,58.51769448684975,6,0.005821889494341224
1300001770000,37.77974081333138,-122.42715848435236,37.77972675584744,-122.42712485677737,1.1525411870788798,24.409549103401538,40.46745898958892,5.373270676325058,57.58415963256329,14,0.002000097321113384
1300001771000,37.77974081333138,-122.42715848435236,37.779799780095075,-122.42717920346186,-1.0116586788943418,16.725663555036462,33.611823548147385,4.236257110347886,47.71556147091034,10,0.0007087276796903475
1300001772000,37.77974132765288,-122.42715831342757,37.77970859325885,-122.42715736048795,0.0551623993012265,16.487845284663045,34.337533044729696,2.1057648116587826,59.06728025088128,13,-0.008842642338759598
1300001773000,37.77974374132154,-122.42715744499326,37.77970408570239,-122.42712617413855,-0.5315355593357719,24.162661952753837,43.269613356062735,4.403555577494371,56.471894320277215,6,0.006912161382665345
1300001774000,37.77974463132125,-122.42715701597099,37.779757153998595,-122.42717111759801,0.3274740050872244,12.992238145455953,31.07215061411493,2.585431042401115,58.15289732250825,14,-0.001533860910044066
1300001775000,37.77974707626278,-122.42715600392548,37.77977902189208,-122.42711226008912,0.31003500768417686,9.283077027976255,29.504432634682455,2.525002805891315,51.38090606493453,13,0.010784242752997579
1300001776000,37.779749865763065,-122.42715459623307,37.77974317389097,-122.42718041135221,0.7911074780923205,30.72730940732417,34.37422991020711,4.587088403668462,54.30146762153889,11,0.004464445873806597
1300001777000,37.779751324327,-122.42715330127882,37.77968974674551,-122.42720779455415,0.1755439746784383,31.641640366895512,41.21562950017992,2.6431199817486073,57.8365553657886,7,-0.019572108338681077
1300001778000,37.779751324327,-122.42715330127882,37.77975676164845,-122.42714692258787,0.01440716243807539,38.97678300554732,29.8417709449557,2.6509843875099195,50.862804506198245,14,-0.01432883214795375
1300001779000,37.77975242334968,-122.42715222055295,37.77987363609299,-122.4271591968988,-0.12335446917210424,29.663311628197725,37.336644273194885,4.254255432864721,42.716720274632024,6,0.0008067642669349053
1300001780000,37.77975341573144,-122.4271512096379,37.779781731396156,-122.42722908525441,0.06172470575182701,46.572196919540076,29.74200866747335,2.950928406312824,55.65877895753065,11,0.0013892297741711413
1300001781000,37.77975672655353,-122.42714720845088,37.77967361555634,-122.42712596285982,0.9044118514724542,47.205518072626546,35.82752624544294,2.2501061854703406,50.51078749086491,12,0.0015679612387883377
1300001782000,37.77975672655353,-122.42714720845088,37.77970914427846,-122.42715524715057,-1.1717935761875329,58.737427182415004,30.85454725363874,5.638531645130284,40.3441605235825,7,0.0012621724897144155
1300001783000,37.77975767092839,-122.42714652390609,37.77976234596301,-122.42708076194566,-0.3256880462195241,15.92329574262197,29.51337545742455,4.193783402990995,59.48089000266326,8,0.004253771343829134
1300001784000,37.77975795402593,-122.42714631269911,37.77978504537807,-122.42718462410753,-0.2796447183423573,26.70193535927313,35.0043942409274,3.2205175295805497,42.57619954223251,7,0.004991342818796208
1300001785000,37.77975961627489,-122.4271448422114,37.779724832597054,-122.42715193905912,0.9694852780637583,41.604744497941184,36.31527747791074,2.095797103251681,59.024080060201356,10,0.011339632013141168
1300001786000,37.77975961627489,-122.4271448422114,37.779867824921354,-122.42720205589762,-0.3677636420593532,27.116155097922917,40.50732925776143,5.321800295055834,57.83826855514063,14,-0.002051932567627397
1300001787000,37.77976275152771,-122.42714279558331,37.77978964415436,-122.42711569856577,0.4019977578738208,35.38284179639853,36.794658682811104,5.516491558345598,50.513635045776105,11,0.0036532275219640638
1300001788000,37.779764222458056,-122.42714199896746,37.779780854651364,-122.42714501722934,0.32364453496308987,22.287107916892577,36.929333713641604,4.5110360204183975,40.38917441141119,12,0.006055891253379021
1300001789000,37.779764222458056,-122.42714199896746,37.77982706980037,-122.42714141995907,0.9044163083461112,11.543356912346841,32.886778650127944,3.472456308315758,41.92939381976008,12,0.00733835911938959
1300001790000,37.779765182778085,-122.42714152904277,37.77977746372464,-122.42716283029242,-0.4940048065735516,25.239839296971926,32.56884723592167,4.16847796395211,46.495816491827384,10,-0.007926249637996648
1300001791000,37.7797678796155,-122.42714046402908,37.77966960656539,-122.42718393070575,-0.42302876903848985,14.746176775818196,32.57671579130362,2.5514423379542395,49.545176533410284,14,0.01945717409684633
1300001792000,37.7797678796155,-122.42714046402908,37.7797481684798,-122.42712385875528,-0.26382819829131854,13.221183637832194,28.789884955312445,4.090747622336654,57.86688179317103,7,0.0033818675303374274
1300001793000,37.779769619723766,-122.42713969069081,37.77973765538985,-122.42715085219699,1.2229391409487618,16.360685851827558,32.31674275922161,2.457472571041849,47.60268605320174,14,-0.013014176590336903
1300001794000,37.779769619723766,-122.42713969069081,37.7797527544019,-122.42713039479038,0.2289950883957067,27.506483392310894,39.941517531902896,2.0134677568861807,55.941691083029795,10,-0.00395597831402133
1300001795000,37.77977048781338,-122.42713920250551,37.77977618924483,-122.42713542451017,0.1323055743317801,23.70005893657938,39.94934986413202,4.293858802796752,40.54973362957806,11,-0.004035003619636018
1300001796000,37.77977233175457,-122.42713806015473,37.779806957107255,-122.42711399734804,0.3226394651145456,42.19723869779507,39.208530471126444,3.838100986122727,50.395127592354356,8,0.01849927660646264
1300001797000,37.779774622712466,-122.42713719155218,37.779735934545144,-122.42713316384764,-0.14007785088815822,7.869699438591887,37.66998662050743,2.880270498004638,42.15568883001968,10,0.01671947883596677
1300001798000,37.779775836473924,-122.42713670224438,37.77973757518596,-122.42714611116666,-0.3987145241420128,17.924178711913232,41.20058895058316,5.609715119555394,58.024144988556564,13,0.011224425435774718
1300001799000,37.77977828092933,-122.42713534957147,37.779774398942244,-122.42720090919522,0.6390646933889834,20.481905169702205,41.00383743560313,3.9109616301311827,51.47713373679764,10,0.006438279361261221
